buildings,production_method_groups,production_methods,type,required_construction,ammunition,small_arms,artillery,tanks,aeroplanes,manowars,ironclads,grain,fish,fabric,wood,groceries,clothes,furniture,paper,services,transportation,electricity,merchant_marine,clippers,steamers,silk,dye,sulfur,coal,iron,lead,hardwood,rubber,oil,engines,steel,glass,fertilizer,tools,explosives,porcelain,meat,fruit,liquor,wine,tea,coffee,sugar,tobacco,opium,automobiles,telephones,radios,luxury_clothes,luxury_furniture,gold,fine_art,elgar_music,manzoni_prints,elgar_instruments,good_uranium,bauxite,alloys,copper,commonores,advancedores,rare_earths,aluminium,plastics,light_fuel,lubricant,heavy_fuel,copperwires,batteries,electroniccomponents,processors,homeappliances,televisions,computer,robotics,water,pharmaceuticals,gas,civil_planes,space_assets,raw_data,organized_data,business_data,telecommunications,softwares,interactive_entertainment,cosmetics,on_demand_goods,ai_systems,androids,global_electricity
building_advancedores_mine,pmg_mining_equipment_building_advancedores_mine,pm_picks_and_shovels_building_advancedores_mine,base,construction_cost_very_high,,,,,,,,,,,,,,,,,,,,,,,,,,,,,,,,,,,-15,,,,,,,,,,,,,,,,,,,,,,,,,,,15,,,,,,,,,,,,,,,,,,,,,,,,,,,,,,
building_advancedores_mine,pmg_mining_equipment_building_advancedores_mine,pm_diesel_pump_building_advancedores_mine,base,construction_cost_very_high,,,,,,,,,,,,,,,,,,,,,,,,,,,,,,,,,,,-20,,,,,,,,,,,,,,,,,,,,,,,,,,,35,,,,-3,,,,,,,,,,,,,,,,,,,,,,,,,,
building_advancedores_mine,pmg_mining_equipment_building_advancedores_mine,pm_electric_fueled_pump_building_advancedores_mine,base,construction_cost_very_high,,,,,,,,,,,,,,,,,,-5,,,,,,,,,,,,,,,,,-20,,,,,,,,,,,,,,,,,,,,,,,,,,,55,,,,-5,,,,,-2,,,,,,,,,,,,,,,,,,,,,
building_advancedores_mine,pmg_mining_equipment_building_advancedores_mine,pm_heavy_machineries_building_advancedores_mine,base,construction_cost_very_high,,,,,,,,,,,,,,,,,,-10,,,,,,,,,,,,,-5,,,,,,,,,,,,,,,,,,,,,,,,,,,,,,,70,,,,-5,,,,,-3,,,,,-7,,,,,,,,,,,,,,,,
building_advancedores_mine,pmg_mining_equipment_building_advancedores_mine,pm_autonomous_and_remote_ops_building_advancedores_mine,base,construction_cost_very_high,,,,,,,,,,,,,,,,,,-10,,,,,,,,,,,,,-5,,,,,,,,,,,,,,,,,,,,,,,,,,,,,,,85,,,,-5,,,,,,-2,,,,-12,,,,,,,,,-10,,,,,,,
building_advancedores_mine,pmg_explosives_building_advancedores_mine,pm_no_explosives,base,construction_cost_very_high,,,,,,,,,,,,,,,,,,,,,,,,,,,,,,,,,,,,,,,,,,,,,,,,,,,,,,,,,,,,,,,,,,,,,,,,,,,,,,,,,,,,,,,,,,,,
building_advancedores_mine,pmg_explosives_building_advancedores_mine,pm_nitroglycerin_building_advancedores_mine,base,construction_cost_very_high,,,,,,,,,,,,,,,,,,,,,,,,,,,,,,,,,,,,-5,,,,,,,,,,,,,,,,,,,,,,,,,,6,,,,,,,,,,,,,,,,,,,,,,,,,,,,,,
building_advancedores_mine,pmg_explosives_building_advancedores_mine,pm_dynamite_building_advancedores_mine,base,construction_cost_very_high,,,,,,,,,,,,,,,,,,,,,,,,,,,,,,,,,,,,-10,,,,,,,,,,,,,,,,,,,,,,,,,,15,,,,,,,,,,,,,,,,,,,,,,,,,,,,,,
building_advancedores_mine,pmg_explosives_building_advancedores_mine,pm_high_precision_blasting_building_advancedores_mine,base,construction_cost_very_high,,,,,,,,,,,,,,,,,,,,,,,,,,,,,,,,,,,,-15,,,,,,,,,,,,,,,,,,,,,,,,,,30,,,,,,,-2,,,,,,,,,,,,,,,,-5,,,,,,,
building_advancedores_mine,pmg_steam_automation_building_advancedores_mine,pm_no_steam_automation,automation,construction_cost_very_high,,,,,,,,,,,,,,,,,,,,,,,,,,,,,,,,,,,,,,,,,,,,,,,,,,,,,,,,,,,,,,,,,,,,,,,,,,,,,,,,,,,,,,,,,,,,
building_advancedores_mine,pmg_steam_automation_building_advancedores_mine,pm_steam_donkey_mine,automation,construction_cost_very_high,,,,,,,,,,,,,,,,,,,,,,,,,-4,,,,,,-1,,,,,,,,,,,,,,,,,,,,,,,,,,,,,,,,,,,,,,,,,,,,,,,,,,,,,,,,,,,,,
building_advancedores_mine,pmg_steam_automation_building_advancedores_mine,pm_purification_mine,automation,construction_cost_very_high,,,,,,,,,,,,,,,,,,,,,,,,,,,,,,,,,,,,,,,,,,,,,,,,,,,,,,,,,,,,,,,,,,,,,,,,,,,,,,,,,,,,,,,,,,,,
building_advancedores_mine,pmg_steam_automation_building_advancedores_mine,pm_hpgr_comminution,automation,construction_cost_very_high,,,,,,,,,,,,,,,,,,5,,,,,,,,,,,,,,-1,,,,,,,,,,,,,,,,,,,,,,,,,,,,,,,,,,,,,,,,,,,,-1,,,,,,,,,,,,,,,,
building_advancedores_mine,pmg_train_automation_building_advancedores_mine,pm_road_carts,automation,construction_cost_very_high,,,,,,,,,,,,,,,,,,,,,,,,,,,,,,,,,,,,,,,,,,,,,,,,,,,,,,,,,,,,,,,,,,,,,,,,,,,,,,,,,,,,,,,,,,,,
building_advancedores_mine,pmg_train_automation_building_advancedores_mine,pm_rail_transport_mine,automation,construction_cost_very_high,,,,,,,,,,,,,,,,,-4,,,,,,,,,,,,,,,,,,,,,,,,,,,,,,,,,,,,,,,,,,,,,,,,,,,,,,,,,,,,,,,,,,,,,,,,,,,
building_advancedores_mine,pmg_train_automation_building_advancedores_mine,pm_multiway_transport_mine,automation,construction_cost_very_high,,,,,,,,,,,,,,,,,-2,,,,,,,,,,,,,,,,,,,,,,,,,,,,,,-2,,,,,,,,,,,,,,,,,,,,,,,,,,,,,,,,,,,,,,,,,,,,,
building_advancedores_mine,pmg_data_optimization_primary_sector,pm_manual_data_reporting_primary_sector,other,construction_cost_very_high,,,,,,,,,,,,,,,,,,,,,,,,,,,,,,,,,,,,,,,,,,,,,,,,,,,,,,,,,,,,,,,,,,,,,,,,,,,,,,,,,,,,,,,,,,,,
building_advancedores_mine,pmg_data_optimization_primary_sector,pm_manual_data_optimization_primary_sector,other,construction_cost_very_high,,,,,,,,,,,,,,,-1,,,,,,,,,,,,,,,,,,,,,,,,,,,,,,,,,,,,,,,,,,,,,,,,,,,,,,,,,,,,,,,,,,,,,-1,,,,,,,,
building_advancedores_mine,pmg_data_optimization_primary_sector,pm_digital_data_optimization_primary_sector,other,construction_cost_very_high,,,,,,,,,,,,,,,,,,,,,,,,,,,,,,,,,,,,,,,,,,,,,,,,,,,,,,,,,,,,,,,,,,,,,,,,,,,,,,,,,,,1,-3,,,,,,,,
building_advancedores_mine,pmg_data_optimization_primary_sector,pm_digital_data_on_premises_primary_sector,other,construction_cost_very_high,,,,,,,,,,,,,,,,,,,,,,,,,,,,,,,,,,,,,,,,,,,,,,,,,,,,,,,,,,,,,,,,,,,,,,,,,,,,,,,,,,6,,-3,,-1,,,,,,
building_advancedores_mine,pmg_data_optimization_primary_sector,pm_internet_data_reporting_primary_sector,other,construction_cost_very_high,,,,,,,,,,,,,,,,,,,,,,,,,,,,,,,,,,,,,,,,,,,,,,,,,,,,,,,,,,,,,,,,,,,,,,,,,,,,,,,,,,8,,-4,-1,-3,,,,,,
building_aircraft_industry,pmg_civil_space_aircraft,pm_zeppelins_production,base,construction_cost_very_high,,,,,,,,,,-80,,,,,,,,,,,,,,,,,,,,,-10,,,,,,,,,,,,,,,,,,,,,,,,,,,,,,,,,-5,,,,,,,-5,,,,,,,,,50,,,,,,,,,,,,
building_aircraft_industry,pmg_civil_space_aircraft,pm_civil_planes_production,base,construction_cost_very_high,,,,,,,,,,,,,,,,,,,,,,,,,,,,,,,-25,,-5,,,,,,,,,,,,,,,,,,,,,,,,,,,,,,,-20,-10,,,,,,-15,,,,,,,,,80,,,,,,,,,,,,
building_aircraft_industry,pmg_civil_space_aircraft,pm_rocket_probes,base,construction_cost_very_high,,,,,,,,,,,,,,,,,,,,,,,,,,,,,,,-10,,,,,,,,,,,,,,,,,,,,,,,,,,,,,,,,,-15,,-20,,,,,-10,,,,,,,,,,25,,,,,,,,,,,
building_aircraft_industry,pmg_civil_space_aircraft,pm_rocket_satellites,base,construction_cost_very_high,,,,,,,,,,,,,,,,,,,,,,,,,,,,,,,-15,,,,,,,,,,,,,,,,,,,,,,,,,,,,-10,,,,,-15,,-25,,,,,,-10,,,,-5,,,,,40,,,,,,,,,,,
building_aircraft_industry,pmg_civil_space_aircraft,pm_rocket_spacecraft,base,construction_cost_very_high,,,,,,,,,,,,,,,,,,,,,,,,,,,,,,,-20,,,,,,,,,,,,,,,,,,,,,,,,,,,,-35,,,,,-15,,-50,,,,,,,,,-10,-15,,,,,70,,,,,,,,,,,
building_aircraft_industry,pmg_aeroplanes,pm_no_aeroplane_production,base,construction_cost_very_high,,,,,,,,,,,,,,,,,,,,,,,,,,,,,,,,,,,,,,,,,,,,,,,,,,,,,,,,,,,,,,,,,,,,,,,,,,,,,,,,,,,,,,,,,,,,
building_aircraft_industry,pmg_aeroplanes,pm_aeroplane_production,base,construction_cost_very_high,,-10,,,40,,,,,,,,,,,,,,,,,,,,,,,-10,,,,,,,,,,,,,,,,,,,,,,,,,,,,,,,,,,,,,,-5,,,,,,,,,,,,,,-25,,,,,,,,,,,,
building_aircraft_industry,pmg_aeroplanes,pm_modern_warplanes_production,base,construction_cost_very_high,,-15,-5,,45,,,,,,,,,,,,,,,,,,,,,,,,,,,,,,,,,,,,,,,,,,,,,,,,,,,,,,,,,,,,,-5,,,,,,,,,,,,,,-25,,,,,,,,,,,,
building_aircraft_industry,pmg_aeroplanes,pm_supersonic_warplanes_production,base,construction_cost_very_high,,-20,-10,,60,,,,,,,,,,,,,,,,,,,,,,,,,,,,,,,,,,,,,,,,,,,,,,,,,,,,,,,,,,,,,-5,,,,,,-5,,,,,,,,-25,,,,,,,,,,,,
building_aircraft_industry,pmg_automation_building_aircraft_industry,pm_automation_disabled,automation,construction_cost_very_high,,,,,,,,,,,,,,,,,,,,,,,,,,,,,,,,,,,,,,,,,,,,,,,,,,,,,,,,,,,,,,,,,,,,,,,,,,,,,,,,,,,,,,,,,,,,
building_aircraft_industry,pmg_automation_building_aircraft_industry,pm_assembly_lines_building_aircraft_industry,automation,construction_cost_very_high,,,,,,,,,,,,,,,,,,-5,,,,,,,,,,,,,,,,,-5,,,,,,,,,,,,,,,,,,,,,,,,,,,,,,,,-3,,,,,,,,,,,,,,,,,,,,,,,,,
building_aircraft_industry,pmg_automation_building_aircraft_industry,pm_advanced_assembly_lines_building_aircraft_industry,automation,construction_cost_very_high,,,,,,,,,,,,,,,,,,-5,,,,,,,,,,,,,,,,,-3,,,,,,,,,,,,,,,,,,,,,,,,,,,,,,,,-3,,,,,,,,,-2,,,,,,,,,,,,,,,,
building_aircraft_industry,pmg_automation_building_aircraft_industry,pm_robotic_building_aircraft_industry,automation,construction_cost_very_high,,,,,,,,,,,,,,,,,,-5,,,,,,,,,,,,,,,,,,,,,,,,,,,,,,,,,,,,,,,,,,,,,,,,,-2,,,,,-1,,,,-3,,,,,,,,,,,,,,,,
building_aircraft_industry,pmg_automation_building_aircraft_industry,pm_iot_building_aircraft_industry,automation,construction_cost_very_high,,,,,,,,,,,,,,,,,,-5,,,,,,,,,,,,,,,,,,,,,,,,,,,,,,,,,,,,,,,,,,,,,,,,,-1,,,,,-1,,,,-3,,,,,,,,,-5,,,,,,,
building_aircraft_industry,pmg_data_optimization_heavy_industry,pm_manual_data_reporting_heavy_industry,other,construction_cost_very_high,,,,,,,,,,,,,,,,,,,,,,,,,,,,,,,,,,,,,,,,,,,,,,,,,,,,,,,,,,,,,,,,,,,,,,,,,,,,,,,,,,,1,,,,,,,,,
building_aircraft_industry,pmg_data_optimization_heavy_industry,pm_manual_data_optimization_heavy_industry,other,construction_cost_very_high,,,,,,,,,,,,,,,-1,,,,,,,,,,,,,,,,,,,,,,,,,,,,,,,,,,,,,,,,,,,,,,,,,,,,,,,,,,,,,,,,,,,,1,-1,,,,,,,,
building_aircraft_industry,pmg_data_optimization_heavy_industry,pm_digital_data_optimization_heavy_industry,other,construction_cost_very_high,,,,,,,,,,,,,,,,,,,,,,,,,,,,,,,,,,,,,,,,,,,,,,,,,,,,,,,,,,,,,,,,,,,,,,,,,,,,,,,,,,,3,-3,,,,,,,,
building_aircraft_industry,pmg_data_optimization_heavy_industry,pm_digital_data_on_premises_heavy_industry,other,construction_cost_very_high,,,,,,,,,,,,,,,,,,,,,,,,,,,,,,,,,,,,,,,,,,,,,,,,,,,,,,,,,,,,,,,,,,,,,,,,,,,,,,,,,,10,,-3,,-1,,,,,,
building_aircraft_industry,pmg_data_optimization_heavy_industry,pm_internet_data_reporting_heavy_industry,other,construction_cost_very_high,,,,,,,,,,,,,,,,,,,,,,,,,,,,,,,,,,,,,,,,,,,,,,,,,,,,,,,,,,,,,,,,,,,,,,,,,,,,,,,,,,16,,-4,-2,-3,,,,,,
building_aircraft_industry,pmg_data_optimization_heavy_industry,pm_internet_data_optimization_heavy_industry,other,construction_cost_very_high,,,,,,,,,,,,,,,,,,,,,,,,,,,,,,,,,,,,,,,,,,,,,,,,,,,,,,,,,,,,,,,,,,,,,,,,,,,-1,,,,,,,16,,-6,-5,-4,,,,,,
building_airport,pmg_base_building_airport,pm_private_charters,base,construction_cost_very_high,,,,,,,,,,,,,,,,,50,-3,,,,,,,,,,,,,,,,,,,,,,,,,,,,,,-2,,,,,,,,,,,,,,,,,,,,,,,,,,,,,,,,-4,,,,,,,,,,,,
building_airport,pmg_base_building_airport,pm_regional_routes,base,construction_cost_very_high,,,,,,,,,,,,,,,,,75,-3,,,,,,,,,,,,,,,,,,,,,,,,,,,,,,-2,,,,,,,,,,,,,,,,,,,,,,,,,,,,,,,,-7,,,,,-4,,,,,,,
building_airport,pmg_base_building_airport,pm_domestic_routes,base,construction_cost_very_high,,,,,,,,,,,,,,,,,100,-3,,,,,,,,,,,,,,,,,,,,,,,,,,,,,,-3,,,,,,,,,,,,,,,,,,,,,,,,,,,,,,,,-10,,,,,-7,,,,,,,
building_airport,pmg_base_building_airport,pm_international_routes,base,construction_cost_very_high,,,,,,,,,,,,,,,,,125,-3,,,,,,,,,,,,,,,,,,,,,,,,,,,,,,-3,,,,,,,,,,,,,,,,,,,,,,,,,,,,,,,,-15,,,,,-10,,,,,,,
building_airport,pmg_cargo_airport,pm_air_passenger_only,refining,construction_cost_very_high,,,,,,,,,,,,,,,,,5,,,,,,,,,,,,,,,,,,,,,,,,,,,,,,,,,,,,,,,,,,,,,,,,,,,,,,,,,,,,,,,,,,,,,,,,,,,
building_airport,pmg_cargo_airport,pm_air_mail,refining,construction_cost_very_high,,,,,,,,,,,,,,,-10,20,,,,,,,,,,,,,,,,,,,,,,,,,,,,,,,,,,,,,,,,,,,,,,,,,,,,,,,,,,,,,,,,,,,,,,,,,,,,
building_airport,pmg_cargo_airport,pm_air_freight,refining,construction_cost_very_high,,,,,,,,,,,,,,,-5,10,20,,,,,,,,,,,,,,,,,,,,,,,,,,,,,,,,,,,,,,,,,,,,,,,,,-5,,,,,,,,,,,,,,,,,,,,,,,,,,
building_airport,pmg_fuel_airport,pm_airport_oil,refining,construction_cost_very_high,,,,,,,,,,,,,,,,,,,,,,,,,,,,,,-7,,,,,,,,,,,,,,,,,,,,,,,,,,,,,,,,,,,,,,,,,,,,,,,,,,,,,,,,,,,,,,
building_airport,pmg_fuel_airport,pm_airport_kerosene,refining,construction_cost_very_high,,,,,,,,,,,,,,,,,,,,,,,,,,,,,,,,,,,,,,,,,,,,,,,,,,,,,,,,,,,,,,,,,,-5,,,,,,,,,,,,,,,,,,,,,,,,,,
building_airport,pmg_data_optimization_light_industry,pm_manual_data_reporting_light_industry,other,construction_cost_very_high,,,,,,,,,,,,,,,,,,,,,,,,,,,,,,,,,,,,,,,,,,,,,,,,,,,,,,,,,,,,,,,,,,,,,,,,,,,,,,,,,,,1,,,,,,,,,
building_airport,pmg_data_optimization_light_industry,pm_manual_data_optimization_light_industry,other,construction_cost_very_high,,,,,,,,,,,,,,,-1,,,,,,,,,,,,,,,,,,,,,,,,,,,,,,,,,,,,,,,,,,,,,,,,,,,,,,,,,,,,,,,,,,,,1,-1,,,,,,,,
building_airport,pmg_data_optimization_light_industry,pm_digital_data_optimization_light_industry,other,construction_cost_very_high,,,,,,,,,,,,,,,,,,,,,,,,,,,,,,,,,,,,,,,,,,,,,,,,,,,,,,,,,,,,,,,,,,,,,,,,,,,,,,,,,,,2,-3,,,,,,,,
building_airport,pmg_data_optimization_light_industry,pm_digital_data_on_premises_light_industry,other,construction_cost_very_high,,,,,,,,,,,,,,,,,,,,,,,,,,,,,,,,,,,,,,,,,,,,,,,,,,,,,,,,,,,,,,,,,,,,,,,,,,,,,,,,,,8,,-3,,-1,,,,,,
building_airport,pmg_data_optimization_light_industry,pm_internet_data_reporting_light_industry,other,construction_cost_very_high,,,,,,,,,,,,,,,,,,,,,,,,,,,,,,,,,,,,,,,,,,,,,,,,,,,,,,,,,,,,,,,,,,,,,,,,,,,,,,,,,,12,,-4,-2,-3,,,,,,
building_airport,pmg_data_optimization_light_industry,pm_internet_data_optimization_light_industry,other,construction_cost_very_high,,,,,,,,,,,,,,,,,,,,,,,,,,,,,,,,,,,,,,,,,,,,,,,,,,,,,,,,,,,,,,,,,,,,,,,,,,,-1,,,,,,,12,,-6,-5,-4,,,,,,
building_alloys_plant,pmg_alloys_process,pm_basic_smelting_process,base,construction_cost_very_high,,,,,,,,,,,,,,,,,,,,,,,,,-5,-5,,,,,,,,,,,,,,,,,,,,,,,,,,,,,,,,,60,-15,-35,,,,,,,,,,,,,,,,,,,,,,,,,,,,,,,
building_alloys_plant,pmg_alloys_process,pm_electric_arc_process_alloying,base,construction_cost_very_high,,,,,,,,,,,,,,,,,,-5,,,,,,,-5,-5,,,,,,,,,,,,,,,,,,,,,,,,,,,,,,,,,90,-25,-50,,,,,,,,,,,,,,,,,,,,,,,,,,,,,,,
building_alloys_plant,pmg_alloys_process,pm_advanced_alloying_techniques,base,construction_cost_very_high,,,,,,,,,,,,,,,,,,-10,,,,,,,,,,,,-10,,,,,,,,,,,,,,,,,,,,,,,,,,,,,130,-25,-55,-10,,,,,,,,,,,,,,,,,,,,,,,,,,,,,,
building_alloys_plant,pmg_alloys_process,pm_vacuum_arc_remelting,base,construction_cost_very_high,,,,,,,,,,,,,,,,,,-10,,,,,,,,,,,,,,,,,,,,,,,,,,,,,,,,,,,,,,,,,175,-20,-55,-15,,,,,,,,,-10,,,,,,,,-15,,,,,,,,,,,,,
building_alloys_plant,pmg_aluminiummaking_process,pm_no_aluminium_production,base,construction_cost_very_high,,,,,,,,,,,,,,,,,,,,,,,,,,,,,,,,,,,,,,,,,,,,,,,,,,,,,,,,,,,,,,,,,,,,,,,,,,,,,,,,,,,,,,,,,,,,
building_alloys_plant,pmg_aluminiummaking_process,pm_wohler_deville_process,base,construction_cost_very_high,,,,,,,,,,,,,,,,,,,,,,,,-3,,,,,,,,,,,,-3,,,,,,,,,,,,,,,,,,,,,,-50,-10,,,,,55,,,,,,,,,,,,,,,,,,,,,,,,,,,,
building_alloys_plant,pmg_aluminiummaking_process,pm_hall_heroult_process,base,construction_cost_very_high,,,,,,,,,,,,,,,,,,-20,,,,,,,,,,,,,,,,,,,,,,,,,,,,,,,,,,,,,,,,-40,-15,,,-2,,80,,,,,,,-2,,,,,,-5,,,,,,,,,,,,,,,
building_alloys_plant,pmg_aluminiummaking_process,pm_electro-refining_process,base,construction_cost_very_high,,,,,,,,,,,,,,,,,,-20,,,,,,,,,,,,,,,,,,,,,,,,,,,,,,,,,,,,,,,,-40,-30,,,-5,,110,,,,,,,-5,,,,,,,,-5,,,,,,,,,,,,,
building_alloys_plant,pmg_automation_building_commonalloys_plant,pm_automation_disabled,automation,construction_cost_very_high,,,,,,,,,,,,,,,,,,,,,,,,,,,,,,,,,,,,,,,,,,,,,,,,,,,,,,,,,,,,,,,,,,,,,,,,,,,,,,,,,,,,,,,,,,,,
building_alloys_plant,pmg_automation_building_commonalloys_plant,pm_watertube_boiler_building_commonalloys_plant,automation,construction_cost_very_high,,,,,,,,,,,,,,,,,,,,,,,,,-5,,,,,,,,,,-5,,,,,,,,,,,,,,,,,,,,,,,,,,,,,,,,,,,,,,,,,,,,,,,,,,,,,,,,,
building_alloys_plant,pmg_automation_building_commonalloys_plant,pm_rotary_valve_engine_building_commonalloys_plant,automation,construction_cost_very_high,,,,,,,,,,,,,,,,,,,,,,,,,-10,,,,,,,,,,-5,,,,,,,,,,,,,,,,,,,,,,,,,,,,,,,,,,,,,,,,,,,,,,,,,,,,,,,,,
building_alloys_plant,pmg_automation_building_commonalloys_plant,pm_advanced_assembly_lines_building_commonalloys_plant,automation,construction_cost_very_high,,,,,,,,,,,,,,,,,,-5,,,,,,,,,,,,,,,,,-3,,,,,,,,,,,,,,,,,,,,,,,,,,,,,,,,-3,,,,,,,,,-2,,,,,,,,,,,,,,,,
building_alloys_plant,pmg_automation_building_commonalloys_plant,pm_robotic_building_commonalloys_plant,automation,construction_cost_very_high,,,,,,,,,,,,,,,,,,-5,,,,,,,,,,,,,,,,,,,,,,,,,,,,,,,,,,,,,,,,,,,,,,,,,-2,,,,,-1,,,,-3,,,,,,,,,,,,,,,,
building_alloys_plant,pmg_automation_building_commonalloys_plant,pm_iot_building_commonalloys_plant,automation,construction_cost_very_high,,,,,,,,,,,,,,,,,,-5,,,,,,,,,,,,,,,,,,,,,,,,,,,,,,,,,,,,,,,,,,,,,,,,,-1,,,,,-1,,,,-3,,,,,,,,,-5,,,,,,,
building_alloys_plant,pmg_data_optimization_heavy_industry,pm_manual_data_reporting_heavy_industry,other,construction_cost_very_high,,,,,,,,,,,,,,,,,,,,,,,,,,,,,,,,,,,,,,,,,,,,,,,,,,,,,,,,,,,,,,,,,,,,,,,,,,,,,,,,,,,1,,,,,,,,,
building_alloys_plant,pmg_data_optimization_heavy_industry,pm_manual_data_optimization_heavy_industry,other,construction_cost_very_high,,,,,,,,,,,,,,,-1,,,,,,,,,,,,,,,,,,,,,,,,,,,,,,,,,,,,,,,,,,,,,,,,,,,,,,,,,,,,,,,,,,,,1,-1,,,,,,,,
building_alloys_plant,pmg_data_optimization_heavy_industry,pm_digital_data_optimization_heavy_industry,other,construction_cost_very_high,,,,,,,,,,,,,,,,,,,,,,,,,,,,,,,,,,,,,,,,,,,,,,,,,,,,,,,,,,,,,,,,,,,,,,,,,,,,,,,,,,,3,-3,,,,,,,,
building_alloys_plant,pmg_data_optimization_heavy_industry,pm_digital_data_on_premises_heavy_industry,other,construction_cost_very_high,,,,,,,,,,,,,,,,,,,,,,,,,,,,,,,,,,,,,,,,,,,,,,,,,,,,,,,,,,,,,,,,,,,,,,,,,,,,,,,,,,10,,-3,,-1,,,,,,
building_alloys_plant,pmg_data_optimization_heavy_industry,pm_internet_data_reporting_heavy_industry,other,construction_cost_very_high,,,,,,,,,,,,,,,,,,,,,,,,,,,,,,,,,,,,,,,,,,,,,,,,,,,,,,,,,,,,,,,,,,,,,,,,,,,,,,,,,,16,,-4,-2,-3,,,,,,
building_alloys_plant,pmg_data_optimization_heavy_industry,pm_internet_data_optimization_heavy_industry,other,construction_cost_very_high,,,,,,,,,,,,,,,,,,,,,,,,,,,,,,,,,,,,,,,,,,,,,,,,,,,,,,,,,,,,,,,,,,,,,,,,,,,-1,,,,,,,16,,-6,-5,-4,,,,,,
building_angkor_wat,pmg_base_building_angkor_wat,pm_default_building_angkor_wat,base,construction_cost_monument,,,,,,,,,,,,,,,,,,,,,,,,,,,,,,,,,,,,,,,,,,,,,,,,,,,,,,,,,,,,,,,,,,,,,,,,,,,,,,,,,,,,,,,,,,,,
building_angkor_wat,pmg_base_building_angkor_wat,pm_monument_prestige_only,base,construction_cost_monument,,,,,,,,,,,,,,,,,,,,,,,,,,,,,,,,,,,,,,,,,,,,,,,,,,,,,,,,,,,,,,,,,,,,,,,,,,,,,,,,,,,,,,,,,,,,
building_angkor_wat,pmg_base_building_angkor_wat,pm_monument_no_effects,base,construction_cost_monument,,,,,,,,,,,,,,,,,,,,,,,,,,,,,,,,,,,,,,,,,,,,,,,,,,,,,,,,,,,,,,,,,,,,,,,,,,,,,,,,,,,,,,,,,,,,
building_argebam,pmg_dummy,pm_dummy,other,,,,,,,,,,,,,,,,,,,,,,,,,,,,,,,,,,,,,,,,,,,,,,,,,,,,,,,,,,,,,,,,,,,,,,,,,,,,,,,,,,,,,,,,,,,,,
building_arms_industry,pmg_firearms_manufacturing,pm_muskets,base,construction_cost_high,,30,,,,,,,,,,,,,,,,,,,,,,,,-10,,-10,,,,,,,,,,,,,,,,,,,,,,,,,,,,,,,,,,,,,,,,,,,,,,,,,,,,,,,,,,,,,,,,
building_arms_industry,pmg_firearms_manufacturing,pm_rifles,base,construction_cost_high,,55,,,,,,,,,,,,,,,,,,,,,,,,,,-10,,,,-10,,,-5,,,,,,,,,,,,,,,,,,,,,,,,,,-5,,,,,,,,,,,,,,,,,,,,,,,,,,,,,,,
building_arms_industry,pmg_firearms_manufacturing,pm_repeaters,base,construction_cost_high,,70,,,,,,,,,,,,,,,,,,,,,,,,,,-10,,,,-20,,,-5,,,,,,,,,,,,,,,,,,,,,,,,-5,,,,,,,,,,,,,,,,,,,,,,,,,,,,,,,,,
building_arms_industry,pmg_firearms_manufacturing,pm_bolt_action_rifles,base,construction_cost_high,,100,,,,,,,,,,,,,,,,,,,,,,,,,,,,,,-20,,,-15,,,,,,,,,,,,,,,,,,,,,,,,-10,,,,,,,,-2,,,,,,,,,,,,,,,,,,,,,,,,,
building_arms_industry,pmg_firearms_manufacturing,pm_selective_automatic_rifles,base,construction_cost_high,,120,,,,,,,,,,,,,,,,,,,,,,,,,,,,,,-20,,,-15,,,,,,,,,,,,,,,,,,,,,,,,-10,,,,,-10,,,-5,,,,,,,,,,,,,,,,,,,,,,,,,
building_arms_industry,pmg_firearms_manufacturing,pm_assault_rifles,base,construction_cost_high,,140,,,,,,,,,,,,,,,,,,,,,,,,,,,,,,-20,,,-10,,,,,,,,,,,,,,,,,,,,,,,,-10,,,,,-10,,,-10,,,,-2,,,,,,,,,,,,,,,,,,,,,
building_arms_industry,pmg_automation_building_arms_industry,pm_automation_disabled,automation,construction_cost_high,,,,,,,,,,,,,,,,,,,,,,,,,,,,,,,,,,,,,,,,,,,,,,,,,,,,,,,,,,,,,,,,,,,,,,,,,,,,,,,,,,,,,,,,,,,,
building_arms_industry,pmg_automation_building_arms_industry,pm_rotary_valve_engine_building_arms_industry,automation,construction_cost_high,,,,,,,,,,,,,,,,,,,,,,,,,-15,,,,,,,,,,,,,,,,,,,,,,,,,,,,,,,,,,,,,,,,,,,,,,,,,,,,,,,,,,,,,,,,,,,
building_arms_industry,pmg_automation_building_arms_industry,pm_assembly_lines_building_arms_industry,automation,construction_cost_high,,,,,,,,,,,,,,,,,,-5,,,,,,,,,,,,,,,,,,,,,,,,,,,,,,,,,,,,,,,,,,,,,,,,,-6,,,,,,,,,,,,,,,,,,,,,,,,,
building_arms_industry,pmg_automation_building_arms_industry,pm_advanced_assembly_lines_building_arms_industry,automation,construction_cost_high,,,,,,,,,,,,,,,,,,-5,,,,,,,,,,,,,,,,,-3,,,,,,,,,,,,,,,,,,,,,,,,,,,,,,,,-3,,,,,,,,,-2,,,,,,,,,,,,,,,,
building_arms_industry,pmg_data_optimization_heavy_industry,pm_manual_data_reporting_heavy_industry,other,construction_cost_high,,,,,,,,,,,,,,,,,,,,,,,,,,,,,,,,,,,,,,,,,,,,,,,,,,,,,,,,,,,,,,,,,,,,,,,,,,,,,,,,,,,1,,,,,,,,,
building_arms_industry,pmg_data_optimization_heavy_industry,pm_manual_data_optimization_heavy_industry,other,construction_cost_high,,,,,,,,,,,,,,,-1,,,,,,,,,,,,,,,,,,,,,,,,,,,,,,,,,,,,,,,,,,,,,,,,,,,,,,,,,,,,,,,,,,,,1,-1,,,,,,,,
building_arms_industry,pmg_data_optimization_heavy_industry,pm_digital_data_optimization_heavy_industry,other,construction_cost_high,,,,,,,,,,,,,,,,,,,,,,,,,,,,,,,,,,,,,,,,,,,,,,,,,,,,,,,,,,,,,,,,,,,,,,,,,,,,,,,,,,,3,-3,,,,,,,,
building_arms_industry,pmg_data_optimization_heavy_industry,pm_digital_data_on_premises_heavy_industry,other,construction_cost_high,,,,,,,,,,,,,,,,,,,,,,,,,,,,,,,,,,,,,,,,,,,,,,,,,,,,,,,,,,,,,,,,,,,,,,,,,,,,,,,,,,10,,-3,,-1,,,,,,
building_arms_industry,pmg_data_optimization_heavy_industry,pm_internet_data_reporting_heavy_industry,other,construction_cost_high,,,,,,,,,,,,,,,,,,,,,,,,,,,,,,,,,,,,,,,,,,,,,,,,,,,,,,,,,,,,,,,,,,,,,,,,,,,,,,,,,,16,,-4,-2,-3,,,,,,
building_arms_industry,pmg_data_optimization_heavy_industry,pm_internet_data_optimization_heavy_industry,other,construction_cost_high,,,,,,,,,,,,,,,,,,,,,,,,,,,,,,,,,,,,,,,,,,,,,,,,,,,,,,,,,,,,,,,,,,,,,,,,,,,-1,,,,,,,16,,-6,-5,-4,,,,,,
building_art_academy,pmg_base_building_art_academy,pm_traditional_art,base,construction_cost_medium,,,,,,,,,,,,,,,-10,,,,,,,,,,,,,,,,,,,,,,,,,,,,,,,,,,,,,,5,,,,,,,,,,,,,,,,,,,,,,,,,,,,,,,,,,,,,,,
building_art_academy,pmg_base_building_art_academy,pm_realist_art,base,construction_cost_medium,,,,,,,,,,,,,,,-15,,,,,,,,,,,,,,,,,,,,,,,,,,,,,,,,,,,,,,6,,,,,,,,,,,,,,,,,,,,,,,,,,,,,,,,,,,,,,,
building_art_academy,pmg_base_building_art_academy,pm_photographic_art,base,construction_cost_medium,,,,,,,,,,,,,,,-15,,,,,,,,,,,,,,,,,,,,-8,,,,,,,,,,,,,,,,,,8,,,,,,,,,,,,,,,,,,,,,,,,,,,,,,,,,,,,,,,
building_art_academy,pmg_base_building_art_academy,pm_film_art,base,construction_cost_medium,,,,,,,,,,,,,,,-15,,,-5,,,,,,,,,,,,,,,,,-10,,,,,,,,,,,,,,,,,,10,,,,,,,,,,,,,,,,,,,,,,,,,,,,,,,,,,,,,,,
building_art_academy,pmg_base_building_art_academy,pm_pop_art,base,construction_cost_medium,,,,,,,,,,,,,,,-8,,,-5,,,,,,,,,,,,,,,,,-10,,,,,,,,,,,,,,,,,,12,,-8,,,,,,,,,,,,,,,,,,,,,,,,,,,,,,,,,,,,,
building_art_academy,pmg_base_building_art_academy,pm_digital_art,base,construction_cost_medium,,,,,,,,,,,,,,,,,,-5,,,,,,,,,,,,,,,,,,,,,,,,,,,,,,,,,,,12,,-8,,,,,,,,,,,,,,,,,,,,-1,,,,,,,,,,,-5,,,,,,
building_art_academy,pmg_ownership_building_art_academy,pm_traditional_patronage,ownership,construction_cost_medium,,,,,,,,,,,,,,,,,,,,,,,,,,,,,,,,,,,,,,,,,,,,,,,,,,,,,,,,,,,,,,,,,,,,,,,,,,,,,,,,,,,,,,,,,,,,
building_art_academy,pmg_ownership_building_art_academy,pm_bourgeoisie_patronage,ownership,construction_cost_medium,,,,,,,,,,,,,,,,,,,,,,,,,,,,,,,,,,,,,,,,,,,,,,,,,,,,,,,,,,,,,,,,,,,,,,,,,,,,,,,,,,,,,,,,,,,,
building_art_academy,pmg_ownership_building_art_academy,pm_independent_artists,ownership,construction_cost_medium,,,,,,,,,,,,,,,,,,,,,,,,,,,,,,,,,,,,,,,,,,,,,,,,,,,,,,,,,,,,,,,,,,,,,,,,,,,,,,,,,,,,,,,,,,,,
building_art_academy,pmg_principle_freedom_of_movement_3,pm_principle_freedom_of_movement_3,base,construction_cost_medium,,,,,,,,,,,,,,,,,,,,,,,,,,,,,,,,,,,,,,,,,,,,,,,,,,,,,,,,,,,,,,,,,,,,,,,,,,,,,,,,,,,,,,,,,,,,
building_art_academy,pmg_principle_freedom_of_movement_3,pm_freedom_of_movement_no_effect,base,construction_cost_medium,,,,,,,,,,,,,,,,,,,,,,,,,,,,,,,,,,,,,,,,,,,,,,,,,,,,,,,,,,,,,,,,,,,,,,,,,,,,,,,,,,,,,,,,,,,,
building_art_academy,pmg_data_optimization_light_industry,pm_manual_data_reporting_light_industry,other,construction_cost_medium,,,,,,,,,,,,,,,,,,,,,,,,,,,,,,,,,,,,,,,,,,,,,,,,,,,,,,,,,,,,,,,,,,,,,,,,,,,,,,,,,,,1,,,,,,,,,
building_art_academy,pmg_data_optimization_light_industry,pm_manual_data_optimization_light_industry,other,construction_cost_medium,,,,,,,,,,,,,,,-1,,,,,,,,,,,,,,,,,,,,,,,,,,,,,,,,,,,,,,,,,,,,,,,,,,,,,,,,,,,,,,,,,,,,1,-1,,,,,,,,
building_art_academy,pmg_data_optimization_light_industry,pm_digital_data_optimization_light_industry,other,construction_cost_medium,,,,,,,,,,,,,,,,,,,,,,,,,,,,,,,,,,,,,,,,,,,,,,,,,,,,,,,,,,,,,,,,,,,,,,,,,,,,,,,,,,,2,-3,,,,,,,,
building_art_academy,pmg_data_optimization_light_industry,pm_digital_data_on_premises_light_industry,other,construction_cost_medium,,,,,,,,,,,,,,,,,,,,,,,,,,,,,,,,,,,,,,,,,,,,,,,,,,,,,,,,,,,,,,,,,,,,,,,,,,,,,,,,,,8,,-3,,-1,,,,,,
building_art_academy,pmg_data_optimization_light_industry,pm_internet_data_reporting_light_industry,other,construction_cost_medium,,,,,,,,,,,,,,,,,,,,,,,,,,,,,,,,,,,,,,,,,,,,,,,,,,,,,,,,,,,,,,,,,,,,,,,,,,,,,,,,,,12,,-4,-2,-3,,,,,,
building_art_academy,pmg_data_optimization_light_industry,pm_internet_data_optimization_light_industry,other,construction_cost_medium,,,,,,,,,,,,,,,,,,,,,,,,,,,,,,,,,,,,,,,,,,,,,,,,,,,,,,,,,,,,,,,,,,,,,,,,,,,-1,,,,,,,12,,-6,-5,-4,,,,,,
building_artillery_foundry,pmg_foundries,pm_cannons,base,construction_cost_high,,,25,,,,,,,,,,,,,,,,,,,,,,,-10,,-10,,,,,,,,,,,,,,,,,,,,,,,,,,,,,,,,,-5,,,,,,,,,,,,,,,,,,,,,,,,,,,,,,,
building_artillery_foundry,pmg_foundries,pm_smoothbores,base,construction_cost_high,,,45,,,,,,,,,,,,,,,,,,,,,,,-20,,-15,,,,,,,,,,,,,,,,,,,,,,,,,,,,,,,-5,,,,,,,,,,,,,,,,,,,,,,,,,,,,,,,,,
building_artillery_foundry,pmg_foundries,pm_breech_loaders,base,construction_cost_high,,,65,,,,,,,,,,,,,,,,,,,,,,,,,-10,,,,-20,,,-10,,,,,,,,,,,,,,,,,,,,,,,,-5,,,,,,,,,,,,,,,,,,,,,,,,,,,,,,,,,
building_artillery_foundry,pmg_foundries,pm_recoiled_barrels,base,construction_cost_high,,,90,,,,,,,,,,,,,,,,,,,,,,,,,,,,,-30,,,-20,,,,,,,,,,,,,,,,,,,,,,,,-10,,,,,,-10,,,,,,,,,,,,,,,,,,,,,,,,,,,
building_artillery_foundry,pmg_foundries,pm_mobile_artillery,base,construction_cost_high,,,110,,,,,,,,,,,,,,,,,,,,,,,,,,,,,-35,,,-20,,,,,,,,,,,,,,,,,,,,,,,,-12,,,,,,-10,,-5,,,,,,,,,,,,,,,,,,,,,,,,,
building_artillery_foundry,pmg_automation_building_arms_industry,pm_automation_disabled,automation,construction_cost_high,,,,,,,,,,,,,,,,,,,,,,,,,,,,,,,,,,,,,,,,,,,,,,,,,,,,,,,,,,,,,,,,,,,,,,,,,,,,,,,,,,,,,,,,,,,,
building_artillery_foundry,pmg_automation_building_arms_industry,pm_rotary_valve_engine_building_arms_industry,automation,construction_cost_high,,,,,,,,,,,,,,,,,,,,,,,,,-15,,,,,,,,,,,,,,,,,,,,,,,,,,,,,,,,,,,,,,,,,,,,,,,,,,,,,,,,,,,,,,,,,,,
building_artillery_foundry,pmg_automation_building_arms_industry,pm_assembly_lines_building_arms_industry,automation,construction_cost_high,,,,,,,,,,,,,,,,,,-5,,,,,,,,,,,,,,,,,,,,,,,,,,,,,,,,,,,,,,,,,,,,,,,,,-6,,,,,,,,,,,,,,,,,,,,,,,,,
building_artillery_foundry,pmg_automation_building_arms_industry,pm_advanced_assembly_lines_building_arms_industry,automation,construction_cost_high,,,,,,,,,,,,,,,,,,-5,,,,,,,,,,,,,,,,,-3,,,,,,,,,,,,,,,,,,,,,,,,,,,,,,,,-3,,,,,,,,,-2,,,,,,,,,,,,,,,,
building_artillery_foundry,pmg_data_optimization_heavy_industry,pm_manual_data_reporting_heavy_industry,other,construction_cost_high,,,,,,,,,,,,,,,,,,,,,,,,,,,,,,,,,,,,,,,,,,,,,,,,,,,,,,,,,,,,,,,,,,,,,,,,,,,,,,,,,,,1,,,,,,,,,
building_artillery_foundry,pmg_data_optimization_heavy_industry,pm_manual_data_optimization_heavy_industry,other,construction_cost_high,,,,,,,,,,,,,,,-1,,,,,,,,,,,,,,,,,,,,,,,,,,,,,,,,,,,,,,,,,,,,,,,,,,,,,,,,,,,,,,,,,,,,1,-1,,,,,,,,
building_artillery_foundry,pmg_data_optimization_heavy_industry,pm_digital_data_optimization_heavy_industry,other,construction_cost_high,,,,,,,,,,,,,,,,,,,,,,,,,,,,,,,,,,,,,,,,,,,,,,,,,,,,,,,,,,,,,,,,,,,,,,,,,,,,,,,,,,,3,-3,,,,,,,,
building_artillery_foundry,pmg_data_optimization_heavy_industry,pm_digital_data_on_premises_heavy_industry,other,construction_cost_high,,,,,,,,,,,,,,,,,,,,,,,,,,,,,,,,,,,,,,,,,,,,,,,,,,,,,,,,,,,,,,,,,,,,,,,,,,,,,,,,,,10,,-3,,-1,,,,,,
building_artillery_foundry,pmg_data_optimization_heavy_industry,pm_internet_data_reporting_heavy_industry,other,construction_cost_high,,,,,,,,,,,,,,,,,,,,,,,,,,,,,,,,,,,,,,,,,,,,,,,,,,,,,,,,,,,,,,,,,,,,,,,,,,,,,,,,,,16,,-4,-2,-3,,,,,,
building_artillery_foundry,pmg_data_optimization_heavy_industry,pm_internet_data_optimization_heavy_industry,other,construction_cost_high,,,,,,,,,,,,,,,,,,,,,,,,,,,,,,,,,,,,,,,,,,,,,,,,,,,,,,,,,,,,,,,,,,,,,,,,,,,-1,,,,,,,16,,-6,-5,-4,,,,,,
building_automotive_industry,pmg_automobile_production,pm_automobile_production,refining,construction_cost_very_high,,,,,,,,,,,,,,,,,,,,,,,,,,,,,-5,,-10,,,,,,,,,,,,,,,,25,,,,,,,,,,,,-5,,,,,,,-8,,,-5,,,,,,,,,,,,,,,,,,,,,,,
building_automotive_industry,pmg_automobile_production,pm_mass_automobile_production,refining,construction_cost_very_high,,,,,,,,,,,,,,,,,,,,,,,,,,,,,-5,,-20,,,,,,,,,,,,,,,,40,,,,,,,,,,,,-10,,,,,,,-15,,,-5,,,,,,,,,,,,,,,,,,,,,,,
building_automotive_industry,pmg_automobile_production,pm_modern_vehicles_production,refining,construction_cost_very_high,,,,,,,,,,,,,,,,,,,,,,,-5,,,,,,-5,,-25,,,,,,,,,,,,,,,,50,,,,,,,,,,,,,,,,,-10,,-15,,,-5,,,,,,,,,,,,,,,,,,,,,,,
building_automotive_industry,pmg_automobile_production,pm_hybrid_vehicles_production,refining,construction_cost_very_high,,,,,,,,,,,,,,,,,,,,,,,-5,,,,,,-5,,-35,,,,,,,,,,,,,,,,65,,,,,,,,,,,,,,,,,-20,,-10,,,,,-5,,,,,,,,,,,,,,,,,,,,,
building_automotive_industry,pmg_automobile_production,pm_smart_vehicles_production,refining,construction_cost_very_high,,,,,,,,,,,,,,,,,,,,,,,-5,,,,,,-5,,-40,,,,,,,,,,,,,,,,90,,,,,,,,,,,,,,,,,-25,,-10,,,,,,-5,,,,,,,,,,,,,,-5,,,,,,
building_automotive_industry,pmg_automobile_production,pm_electric_vehicles_production,refining,construction_cost_very_high,,,,,,,,,,,,,,,,,,-20,,,,,-5,,,,,,-5,,-30,,,,,,,,,,,,,,,,90,,,,,,,,,,,,,,,,,-25,,,,,,,,-10,,,,,,,,,,,,,,-5,,,,,,
building_automotive_industry,pmg_tanks,pm_no_tank_production,refining,construction_cost_very_high,,,,,,,,,,,,,,,,,,,,,,,,,,,,,,,,,,,,,,,,,,,,,,,,,,,,,,,,,,,,,,,,,,,,,,,,,,,,,,,,,,,,,,,,,,,,
building_automotive_industry,pmg_tanks,pm_tank_production,refining,construction_cost_very_high,,,-10,40,,,,,,,,,,,,,,,,,,,,,,,,,,,,-10,,,,,,,,,,,,,,,-15,,,,,,,,,,,,,,,,,,,,,,,,,,,,,,,,,,,,,,,,,,,,,
building_automotive_industry,pmg_tanks,pm_second_gen_tank_production,refining,construction_cost_very_high,,,-10,60,,,,,,,,,,,,,,,,,,,,,,,,,,,,-25,,,,,,,,,,,,,,,-15,,,,,,,,,,,,-8,,,,,,,,,,,,,,,,,,,,,,,,,,,,,,,,,
building_automotive_industry,pmg_tanks,pm_third_gen_tank_production,refining,construction_cost_very_high,,,-10,70,,,,,,,,,,,,,,,,,,,,,,,,,,,,-26,,,,,,,,,,,,,,,-15,,,,,,,,,,,,-12,,,-5,,,,,,,,,,,,,,,,,,,,,,,,,,,,,,
building_automotive_industry,pmg_automation_building_automotive_industry,pm_automation_disabled,automation,construction_cost_very_high,,,,,,,,,,,,,,,,,,,,,,,,,,,,,,,,,,,,,,,,,,,,,,,,,,,,,,,,,,,,,,,,,,,,,,,,,,,,,,,,,,,,,,,,,,,,
building_automotive_industry,pmg_automation_building_automotive_industry,pm_assembly_lines_building_automotive_industry,automation,construction_cost_very_high,,,,,,,,,,,,,,,,,,-5,,,,,,,,,,,,,,,,,-5,,,,,,,,,,,,,,,,,,,,,,,,,,,,,,,,-3,,,,,,,,,,,,,,,,,,,,,,,,,
building_automotive_industry,pmg_automation_building_automotive_industry,pm_advanced_assembly_lines_building_automotive_industry,automation,construction_cost_very_high,,,,,,,,,,,,,,,,,,-5,,,,,,,,,,,,,,,,,-3,,,,,,,,,,,,,,,,,,,,,,,,,,,,,,,,-3,,,,,,,,,-2,,,,,,,,,,,,,,,,
building_automotive_industry,pmg_automation_building_automotive_industry,pm_robotic_building_automotive_industry,automation,construction_cost_very_high,,,,,,,,,,,,,,,,,,-5,,,,,,,,,,,,,,,,,,,,,,,,,,,,,,,,,,,,,,,,,,,,,,,,,-2,,,,,-1,,,,-3,,,,,,,,,,,,,,,,
building_automotive_industry,pmg_automation_building_automotive_industry,pm_iot_building_automotive_industry,automation,construction_cost_very_high,,,,,,,,,,,,,,,,,,-5,,,,,,,,,,,,,,,,,,,,,,,,,,,,,,,,,,,,,,,,,,,,,,,,,-1,,,,,-1,,,,-3,,,,,,,,,-5,,,,,,,
building_automotive_industry,pmg_data_optimization_heavy_industry,pm_manual_data_reporting_heavy_industry,other,construction_cost_very_high,,,,,,,,,,,,,,,,,,,,,,,,,,,,,,,,,,,,,,,,,,,,,,,,,,,,,,,,,,,,,,,,,,,,,,,,,,,,,,,,,,,1,,,,,,,,,
building_automotive_industry,pmg_data_optimization_heavy_industry,pm_manual_data_optimization_heavy_industry,other,construction_cost_very_high,,,,,,,,,,,,,,,-1,,,,,,,,,,,,,,,,,,,,,,,,,,,,,,,,,,,,,,,,,,,,,,,,,,,,,,,,,,,,,,,,,,,,1,-1,,,,,,,,
building_automotive_industry,pmg_data_optimization_heavy_industry,pm_digital_data_optimization_heavy_industry,other,construction_cost_very_high,,,,,,,,,,,,,,,,,,,,,,,,,,,,,,,,,,,,,,,,,,,,,,,,,,,,,,,,,,,,,,,,,,,,,,,,,,,,,,,,,,,3,-3,,,,,,,,
building_automotive_industry,pmg_data_optimization_heavy_industry,pm_digital_data_on_premises_heavy_industry,other,construction_cost_very_high,,,,,,,,,,,,,,,,,,,,,,,,,,,,,,,,,,,,,,,,,,,,,,,,,,,,,,,,,,,,,,,,,,,,,,,,,,,,,,,,,,10,,-3,,-1,,,,,,
building_automotive_industry,pmg_data_optimization_heavy_industry,pm_internet_data_reporting_heavy_industry,other,construction_cost_very_high,,,,,,,,,,,,,,,,,,,,,,,,,,,,,,,,,,,,,,,,,,,,,,,,,,,,,,,,,,,,,,,,,,,,,,,,,,,,,,,,,,16,,-4,-2,-3,,,,,,
building_automotive_industry,pmg_data_optimization_heavy_industry,pm_internet_data_optimization_heavy_industry,other,construction_cost_very_high,,,,,,,,,,,,,,,,,,,,,,,,,,,,,,,,,,,,,,,,,,,,,,,,,,,,,,,,,,,,,,,,,,,,,,,,,,,-1,,,,,,,16,,-6,-5,-4,,,,,,
building_banana_plantation,pmg_base_building_banana_plantation,default_building_banana_plantation,base,construction_cost_low,,,,,,,,,,,,,,,,,,,,,,,,,,,,,,,,,,,,,,,40,,,,,,,,,,,,,,,,,,,,,,,,,,,,,,,,,,,,,,,,,,,,,,,,,,,,,
building_banana_plantation,pmg_base_building_banana_plantation,automatic_irrigation_building_banana_plantation,base,construction_cost_low,,,,,,,,,,,,,,,,,,,,,,,,,,,,,,,-5,,,,,,,,50,,,,,,,,,,,,,,,,,,,,,,,,,,,,,,,,,,,,,,,,,,,,,,,,,,,,,
building_banana_plantation,pmg_base_building_banana_plantation,advanced_plantation_methods_building_banana_plantation,base,construction_cost_low,,,,,,,,,,,,,,,,,,,,,,,,,,,,,,,-20,-5,,-5,,,,,120,,,,,,,,,,,,,,,,,,,,,,,,,,,-2,,,,,,,,,,,,,,,,,,,,,,,,,,
building_banana_plantation,pmg_base_building_banana_plantation,drone_assisted_agriculture_building_banana_plantation,base,construction_cost_low,,,,,,,,,,,,,,,,,,-2,,,,,,,,,,,,,-20,,,-10,,,,,140,,,,,,,,,,,,,,,,,,,,,,,,,,,,,,,,,,,,,-3,,,,,,,,,-8,,,,,,,
building_banana_plantation,pmg_banana_exploitation,default_labour,base,construction_cost_low,,,,,,,,,,,,,,,,,,,,,,,,,,,,,,,,,,,,,,,,,,,,,,,,,,,,,,,,,,,,,,,,,,,,,,,,,,,,,,,,,,,,,,,,,,,,
building_banana_plantation,pmg_banana_exploitation,slave_exploitation_banana,base,construction_cost_low,,,,,,,,,,,,,,,,,,,,,,,,,,,,,,,,,,,,,,,25,,,,,,,,,,,,,,,,,,,,,,,,,,,,,,,,,,,,,,,,,,,,,,,,,,,,,
building_banana_plantation,pmg_banana_exploitation,worker_exploitation_banana,base,construction_cost_low,,,,,,,,,,,,,,,,,,,,,,,,,,,,,,,,,,,,,,,20,,,,,,,,,,,,,,,,,,,,,,,,,,,,,,,,,,,,,,,,,,,,,,,,,,,,,
building_banana_plantation,pmg_train_automation_building_banana_plantation,pm_road_carts,automation,construction_cost_low,,,,,,,,,,,,,,,,,,,,,,,,,,,,,,,,,,,,,,,,,,,,,,,,,,,,,,,,,,,,,,,,,,,,,,,,,,,,,,,,,,,,,,,,,,,,
building_banana_plantation,pmg_train_automation_building_banana_plantation,pm_steam_rail_transport,automation,construction_cost_low,,,,,,,,,,,,,,,,,-5,,,,,,,,,,,,,,,,,,,,,,,,,,,,,,,,,,,,,,,,,,,,,,,,,,,,,,,,,,,,,,,,,,,,,,,,,,,
building_banana_plantation,pmg_train_automation_building_banana_plantation,pm_multiway_transport_plantation,automation,construction_cost_low,,,,,,,,,,,,,,,,,-2,,,,,,,,,,,,,,,,,,,,,,,,,,,,,,-2,,,,,,,,,,,,,,,,,,,,,,,,,,,,,,,,,,,,,,,,,,,,,
building_banana_plantation,pmg_data_optimization_primary_sector,pm_manual_data_reporting_primary_sector,other,construction_cost_low,,,,,,,,,,,,,,,,,,,,,,,,,,,,,,,,,,,,,,,,,,,,,,,,,,,,,,,,,,,,,,,,,,,,,,,,,,,,,,,,,,,,,,,,,,,,
building_banana_plantation,pmg_data_optimization_primary_sector,pm_manual_data_optimization_primary_sector,other,construction_cost_low,,,,,,,,,,,,,,,-1,,,,,,,,,,,,,,,,,,,,,,,,,,,,,,,,,,,,,,,,,,,,,,,,,,,,,,,,,,,,,,,,,,,,,-1,,,,,,,,
building_banana_plantation,pmg_data_optimization_primary_sector,pm_digital_data_optimization_primary_sector,other,construction_cost_low,,,,,,,,,,,,,,,,,,,,,,,,,,,,,,,,,,,,,,,,,,,,,,,,,,,,,,,,,,,,,,,,,,,,,,,,,,,,,,,,,,,1,-3,,,,,,,,
building_banana_plantation,pmg_data_optimization_primary_sector,pm_digital_data_on_premises_primary_sector,other,construction_cost_low,,,,,,,,,,,,,,,,,,,,,,,,,,,,,,,,,,,,,,,,,,,,,,,,,,,,,,,,,,,,,,,,,,,,,,,,,,,,,,,,,,6,,-3,,-1,,,,,,
building_banana_plantation,pmg_data_optimization_primary_sector,pm_internet_data_reporting_primary_sector,other,construction_cost_low,,,,,,,,,,,,,,,,,,,,,,,,,,,,,,,,,,,,,,,,,,,,,,,,,,,,,,,,,,,,,,,,,,,,,,,,,,,,,,,,,,8,,-4,-1,-3,,,,,,
building_barrack,pmg_training,pm_no_organization,military,construction_cost_very_low,,,,,,,,,,,,,,,,,,,,,,,,,,,,,,,,,,,,,,,,,,,,,,,,,,,,,,,,,,,,,,,,,,,,,,,,,,,,,,,,,,,,,,,,,,,,
building_barrack,pmg_training,pm_general_training,military,construction_cost_very_low,,,,,,,,,,,,,,,,,,,,,,,,,,,,,,,,,,,,,,,,,,,,,,,,,,,,,,,,,,,,,,,,,,,,,,,,,,,,,,,,,,,,,,,,,,,,
building_barrack,pmg_training,pm_advanced_tactics_training,military,construction_cost_very_low,,,,,,,,,,,,,,,,,,,,,,,,,,,,,,,,,,,,,,,,,,,,,,,,,,,,,,,,,,,,,,,,,,,,,,,,,,,,,,,,,,,,,,,,,,,,
building_barrack,pmg_training,pm_training_streamlining,military,construction_cost_very_low,,,,,,,,,,,,,,,,,,,,,,,,,,,,,,,,,,,,,,,,,,,,,,,,,,,,,,,,,,,,,,,,,,,,,,,,,,,,,,,,,,,,,,,,,,,,
building_barrack,pmg_training,pm_nco_incorporation,military,construction_cost_very_low,,,,,,,,,,,,,,,,,,,,,,,,,,,,,,,,,,,,,,,,,,,,,,,,,,,,,,,,,,,,,,,,,,,,,,,,,,,,,,,,,,,,,,,,,,,,
building_barrack,pmg_training,pm_mobile_warfare_tactics,military,construction_cost_very_low,,,,,,,,,,,,,,,,,,,,,,,,,,,,,,,,,,,,,,,,,,,,,,,,,,,,,,,,,,,,,,,,,,,,,,,,,,,,,,,,,,,,,,,,,,,,
building_barrack,pmg_training,pm_network_centric_warfare,military,construction_cost_very_low,,,,,,,,,,,,,,,,,,,,,,,,,,,,,,,,,,,,,,,,,,,,,,,,,,,,,,,,,,,,,,,,,,,,,,,,,,,,,,,,,,,,,,,,,,,,
building_battery_plant,pmg_base_building_batteries,pm_voltaic_pile,base,construction_cost_very_high,,,,,,,,,,,,,,,,,,,,,,,,-10,,,,,,,,,,,,,,,,,,,,,,,,,,,,,,,,,,,-5,-10,-15,,,,,,,,,50,,,,,,,,,,,,,,,,,,,,,,
building_battery_plant,pmg_base_building_batteries,pm_lead_acid_battery,base,construction_cost_very_high,,,,,,,,,,,,,,,,,,-5,,,,,,-15,,,-25,,,,,,,,,,,,,,,,,,,,,,,,,,,,,,,,-5,,-10,,,,,,,,,75,,,,,,,,,,,,,,,,,,,,,,
building_battery_plant,pmg_base_building_batteries,pm_alkaline_battery,base,construction_cost_very_high,,,,,,,,,,,,,,,,,,-10,,,,,,-20,,,,,,,,,,,,,,,,,,,,,,,,,,,,,,,,,,,-15,,-10,,,,-15,,,,,95,,,,,,,,,,,,,,,,,,,,,,
building_battery_plant,pmg_base_building_batteries,pm_lithium_battery,base,construction_cost_very_high,,,,,,,,,,,,,,,,,,-10,,,,,,,,,,,,,,,,,,,,,,,,,,,,,,,,,,,,,,,,,-15,,,-10,-20,,-15,,,,,110,,,,,,,,,,,,,,,,,,,,,,
building_battery_plant,pmg_base_building_fuel_cell,pm_no_fuel_cell,base,construction_cost_very_high,,,,,,,,,,,,,,,,,,,,,,,,,,,,,,,,,,,,,,,,,,,,,,,,,,,,,,,,,,,,,,,,,,,,,,,,,,,,,,,,,,,,,,,,,,,,
building_battery_plant,pmg_base_building_fuel_cell,pm_alkaline_fuel_cell,base,construction_cost_very_high,,,,,,,,,,,,,,,,,,,,,,,,,,,,,,,,,,,,,,,,,,,,,,,,,,,,,,,,,,,,,-5,-5,,,,,,,,35,,,,,,,-10,,-15,,,,,,,,,,,,,
building_battery_plant,pmg_base_building_fuel_cell,pm_pem_fuel_cell,base,construction_cost_very_high,,,,,,,,,,,,,,,,,,,,,,,,,,,,,,,,,,,,,,,,,,,,,,,,,,,,,,,,,,,,,,-5,,,-5,,,,,50,,,,,,,-15,,-15,,,,,,,,,,,,,
building_battery_plant,pmg_automation_building_battery_plant,pm_automation_disabled,automation,construction_cost_very_high,,,,,,,,,,,,,,,,,,,,,,,,,,,,,,,,,,,,,,,,,,,,,,,,,,,,,,,,,,,,,,,,,,,,,,,,,,,,,,,,,,,,,,,,,,,,
building_battery_plant,pmg_automation_building_battery_plant,pm_watertube_boiler_building_electronics_plant,automation,construction_cost_very_high,,,,,,,,,,,,,,,,,,,,,,,,,-5,,,,,,,,,,-5,,,,,,,,,,,,,,,,,,,,,,,,,,,,,,,,,,,,,,,,,,,,,,,,,,,,,,,,,
building_battery_plant,pmg_automation_building_battery_plant,pm_rotary_valve_engine_building_electronics_plant,automation,construction_cost_very_high,,,,,,,,,,,,,,,,,,,,,,,,,-10,,,,,,,,,,-5,,,,,,,,,,,,,,,,,,,,,,,,,,,,,,,,,,,,,,,,,,,,,,,,,,,,,,,,,
building_battery_plant,pmg_automation_building_battery_plant,pm_assembly_lines_building_electronics_plant,automation,construction_cost_very_high,,,,,,,,,,,,,,,,,,-5,,,,,,,,,,,,,,,,,-5,,,,,,,,,,,,,,,,,,,,,,,,,,,,,,,,-3,,,,,,,,,,,,,,,,,,,,,,,,,
building_battery_plant,pmg_automation_building_battery_plant,pm_robotic_building_battery_plant,automation,construction_cost_very_high,,,,,,,,,,,,,,,,,,-5,,,,,,,,,,,,,,,,,,,,,,,,,,,,,,,,,,,,,,,,,,,,,,,,,-2,,,,,-1,,,,-3,,,,,,,,,,,,,,,,
building_battery_plant,pmg_automation_building_battery_plant,pm_iot_building_battery_plant,automation,construction_cost_very_high,,,,,,,,,,,,,,,,,,-5,,,,,,,,,,,,,,,,,,,,,,,,,,,,,,,,,,,,,,,,,,,,,,,,,-1,,,,,-1,,,,-3,,,,,,,,,-5,,,,,,,
building_battery_plant,pmg_data_optimization_heavy_industry,pm_manual_data_reporting_heavy_industry,other,construction_cost_very_high,,,,,,,,,,,,,,,,,,,,,,,,,,,,,,,,,,,,,,,,,,,,,,,,,,,,,,,,,,,,,,,,,,,,,,,,,,,,,,,,,,,1,,,,,,,,,
building_battery_plant,pmg_data_optimization_heavy_industry,pm_manual_data_optimization_heavy_industry,other,construction_cost_very_high,,,,,,,,,,,,,,,-1,,,,,,,,,,,,,,,,,,,,,,,,,,,,,,,,,,,,,,,,,,,,,,,,,,,,,,,,,,,,,,,,,,,,1,-1,,,,,,,,
building_battery_plant,pmg_data_optimization_heavy_industry,pm_digital_data_optimization_heavy_industry,other,construction_cost_very_high,,,,,,,,,,,,,,,,,,,,,,,,,,,,,,,,,,,,,,,,,,,,,,,,,,,,,,,,,,,,,,,,,,,,,,,,,,,,,,,,,,,3,-3,,,,,,,,
building_battery_plant,pmg_data_optimization_heavy_industry,pm_digital_data_on_premises_heavy_industry,other,construction_cost_very_high,,,,,,,,,,,,,,,,,,,,,,,,,,,,,,,,,,,,,,,,,,,,,,,,,,,,,,,,,,,,,,,,,,,,,,,,,,,,,,,,,,10,,-3,,-1,,,,,,
building_battery_plant,pmg_data_optimization_heavy_industry,pm_internet_data_reporting_heavy_industry,other,construction_cost_very_high,,,,,,,,,,,,,,,,,,,,,,,,,,,,,,,,,,,,,,,,,,,,,,,,,,,,,,,,,,,,,,,,,,,,,,,,,,,,,,,,,,16,,-4,-2,-3,,,,,,
building_battery_plant,pmg_data_optimization_heavy_industry,pm_internet_data_optimization_heavy_industry,other,construction_cost_very_high,,,,,,,,,,,,,,,,,,,,,,,,,,,,,,,,,,,,,,,,,,,,,,,,,,,,,,,,,,,,,,,,,,,,,,,,,,,-1,,,,,,,16,,-6,-5,-4,,,,,,
building_bauxite_mine,pmg_mining_equipment_building_bauxite_mine,pm_picks_and_shovels_building_bauxite_mine,base,construction_cost_high,,,,,,,,,,,,,,,,,,,,,,,,,,,,,,,,,,,-5,,,,,,,,,,,,,,,,,,,,,,,20,,,,,,,,,,,,,,,,,,,,,,,,,,,,,,,,,,
building_bauxite_mine,pmg_mining_equipment_building_bauxite_mine,pm_atmospheric_engine_pump_building_bauxite_mine,base,construction_cost_high,,,,,,,,,,,,,,,,,,,,,,,,,-10,,,,,,,,,,-10,,,,,,,,,,,,,,,,,,,,,,,40,,,,,,,,,,,,,,,,,,,,,,,,,,,,,,,,,,
building_bauxite_mine,pmg_mining_equipment_building_bauxite_mine,pm_condensing_engine_pump_building_bauxite_mine,base,construction_cost_high,,,,,,,,,,,,,,,,,,,,,,,,,-15,,,,,,,,,,-15,,,,,,,,,,,,,,,,,,,,,,,60,,,,,,,,,,,,,,,,,,,,,,,,,,,,,,,,,,
building_bauxite_mine,pmg_mining_equipment_building_bauxite_mine,pm_diesel_pump_building_bauxite_mine,base,construction_cost_high,,,,,,,,,,,,,,,,,,,,,,,,,,,,,,,,,,,-20,,,,,,,,,,,,,,,,,,,,,,,85,,,,,,,,-3,,,,,,,,,,,,,,,,,,,,,,,,,,
building_bauxite_mine,pmg_mining_equipment_building_bauxite_mine,pm_electric_fueled_pump_building_bauxite_mine,base,construction_cost_high,,,,,,,,,,,,,,,,,,-5,,,,,,,,,,,,,,,,,-20,,,,,,,,,,,,,,,,,,,,,,,105,,,,,,,,-5,,,,,-2,,,,,,,,,,,,,,,,,,,,,
building_bauxite_mine,pmg_mining_equipment_building_bauxite_mine,pm_heavy_machineries_building_bauxite_mine,base,construction_cost_high,,,,,,,,,,,,,,,,,,-10,,,,,,,,,,,,,-5,,,,,,,,,,,,,,,,,,,,,,,,,,,130,,,,,,,,-5,,,,,-3,,,,,-7,,,,,,,,,,,,,,,,
building_bauxite_mine,pmg_mining_equipment_building_bauxite_mine,pm_autonomous_and_remote_ops_building_bauxite_mine,base,construction_cost_high,,,,,,,,,,,,,,,,,,-10,,,,,,,,,,,,,-5,,,,,,,,,,,,,,,,,,,,,,,,,,,165,,,,,,,,-5,,,,,,-2,,,,-12,,,,,,,,,-10,,,,,,,
building_bauxite_mine,pmg_explosives_building_bauxite_mine,pm_no_explosives,base,construction_cost_high,,,,,,,,,,,,,,,,,,,,,,,,,,,,,,,,,,,,,,,,,,,,,,,,,,,,,,,,,,,,,,,,,,,,,,,,,,,,,,,,,,,,,,,,,,,,
building_bauxite_mine,pmg_explosives_building_bauxite_mine,pm_nitroglycerin_building_bauxite_mine,base,construction_cost_high,,,,,,,,,,,,,,,,,,,,,,,,,,,,,,,,,,,,-5,,,,,,,,,,,,,,,,,,,,,,12,,,,,,,,,,,,,,,,,,,,,,,,,,,,,,,,,,
building_bauxite_mine,pmg_explosives_building_bauxite_mine,pm_dynamite_building_bauxite_mine,base,construction_cost_high,,,,,,,,,,,,,,,,,,,,,,,,,,,,,,,,,,,,-10,,,,,,,,,,,,,,,,,,,,,,20,,,,,,,,,,,,,,,,,,,,,,,,,,,,,,,,,,
building_bauxite_mine,pmg_explosives_building_bauxite_mine,pm_high_precision_blasting_building_bauxite_mine,base,construction_cost_high,,,,,,,,,,,,,,,,,,,,,,,,,,,,,,,,,,,,-15,,,,,,,,,,,,,,,,,,,,,,40,,,,,,,,,,,-2,,,,,,,,,,,,,,,,-5,,,,,,,
building_bauxite_mine,pmg_steam_automation_building_bauxite_mine,pm_no_steam_automation,automation,construction_cost_high,,,,,,,,,,,,,,,,,,,,,,,,,,,,,,,,,,,,,,,,,,,,,,,,,,,,,,,,,,,,,,,,,,,,,,,,,,,,,,,,,,,,,,,,,,,,
building_bauxite_mine,pmg_steam_automation_building_bauxite_mine,pm_steam_donkey_mine,automation,construction_cost_high,,,,,,,,,,,,,,,,,,,,,,,,,-4,,,,,,-1,,,,,,,,,,,,,,,,,,,,,,,,,,,,,,,,,,,,,,,,,,,,,,,,,,,,,,,,,,,,,
building_bauxite_mine,pmg_steam_automation_building_bauxite_mine,pm_purification_mine,automation,construction_cost_high,,,,,,,,,,,,,,,,,,,,,,,,,,,,,,,,,,,,,,,,,,,,,,,,,,,,,,,,,,,,,,,,,,,,,,,,,,,,,,,,,,,,,,,,,,,,
building_bauxite_mine,pmg_train_automation_building_bauxite_mine,pm_road_carts,automation,construction_cost_high,,,,,,,,,,,,,,,,,,,,,,,,,,,,,,,,,,,,,,,,,,,,,,,,,,,,,,,,,,,,,,,,,,,,,,,,,,,,,,,,,,,,,,,,,,,,
building_bauxite_mine,pmg_train_automation_building_bauxite_mine,pm_rail_transport_mine,automation,construction_cost_high,,,,,,,,,,,,,,,,,-4,,,,,,,,,,,,,,,,,,,,,,,,,,,,,,,,,,,,,,,,,,,,,,,,,,,,,,,,,,,,,,,,,,,,,,,,,,,
building_bauxite_mine,pmg_train_automation_building_bauxite_mine,pm_multiway_transport_mine,automation,construction_cost_high,,,,,,,,,,,,,,,,,-2,,,,,,,,,,,,,,,,,,,,,,,,,,,,,,-2,,,,,,,,,,,,,,,,,,,,,,,,,,,,,,,,,,,,,,,,,,,,,
building_bauxite_mine,pmg_data_optimization_primary_sector,pm_manual_data_reporting_primary_sector,other,construction_cost_high,,,,,,,,,,,,,,,,,,,,,,,,,,,,,,,,,,,,,,,,,,,,,,,,,,,,,,,,,,,,,,,,,,,,,,,,,,,,,,,,,,,,,,,,,,,,
building_bauxite_mine,pmg_data_optimization_primary_sector,pm_manual_data_optimization_primary_sector,other,construction_cost_high,,,,,,,,,,,,,,,-1,,,,,,,,,,,,,,,,,,,,,,,,,,,,,,,,,,,,,,,,,,,,,,,,,,,,,,,,,,,,,,,,,,,,,-1,,,,,,,,
building_bauxite_mine,pmg_data_optimization_primary_sector,pm_digital_data_optimization_primary_sector,other,construction_cost_high,,,,,,,,,,,,,,,,,,,,,,,,,,,,,,,,,,,,,,,,,,,,,,,,,,,,,,,,,,,,,,,,,,,,,,,,,,,,,,,,,,,1,-3,,,,,,,,
building_bauxite_mine,pmg_data_optimization_primary_sector,pm_digital_data_on_premises_primary_sector,other,construction_cost_high,,,,,,,,,,,,,,,,,,,,,,,,,,,,,,,,,,,,,,,,,,,,,,,,,,,,,,,,,,,,,,,,,,,,,,,,,,,,,,,,,,6,,-3,,-1,,,,,,
building_bauxite_mine,pmg_data_optimization_primary_sector,pm_internet_data_reporting_primary_sector,other,construction_cost_high,,,,,,,,,,,,,,,,,,,,,,,,,,,,,,,,,,,,,,,,,,,,,,,,,,,,,,,,,,,,,,,,,,,,,,,,,,,,,,,,,,8,,-4,-1,-3,,,,,,
building_big_ben,pmg_base_building_big_ben,pm_default_building_big_ben,base,construction_cost_monument,,,,,,,,,,,,,,,,,,,,,,,,,,,,,,,,,,,,,,,,,,,,,,,,,,,,,,,,,,,,,,,,,,,,,,,,,,,,,,,,,,,,,,,,,,,,
building_big_ben,pmg_base_building_big_ben,pm_monument_prestige_only,base,construction_cost_monument,,,,,,,,,,,,,,,,,,,,,,,,,,,,,,,,,,,,,,,,,,,,,,,,,,,,,,,,,,,,,,,,,,,,,,,,,,,,,,,,,,,,,,,,,,,,
building_big_ben,pmg_base_building_big_ben,pm_monument_no_effects,base,construction_cost_monument,,,,,,,,,,,,,,,,,,,,,,,,,,,,,,,,,,,,,,,,,,,,,,,,,,,,,,,,,,,,,,,,,,,,,,,,,,,,,,,,,,,,,,,,,,,,
building_capitol_hill,pmg_dummy,pm_dummy,other,,,,,,,,,,,,,,,,,,,,,,,,,,,,,,,,,,,,,,,,,,,,,,,,,,,,,,,,,,,,,,,,,,,,,,,,,,,,,,,,,,,,,,,,,,,,,
building_central_park,pmg_dummy,pm_dummy,other,,,,,,,,,,,,,,,,,,,,,,,,,,,,,,,,,,,,,,,,,,,,,,,,,,,,,,,,,,,,,,,,,,,,,,,,,,,,,,,,,,,,,,,,,,,,,
building_chemical_plant,pmg_fertilizer_production,pm_artificial_fertilizers,base,construction_cost_very_high,,,,,,,,,,,,,,,,,,,,,,,,-30,,-8,,,,,,,,90,,,,,,,,,,,,,,,,,,,,,,,,,,,,,,,,,,,,,,,,,,,-2,,,,,,,,,,,,,,,
building_chemical_plant,pmg_fertilizer_production,pm_improved_fertilizer,base,construction_cost_very_high,,,,,,,,,,,,,,,,,,,,,,,,-30,,-15,,,,,,,,130,,,,,,,,,,,,,,,,,,,,,,,,,,,-10,,,,,,,,,,,,,,,,-3,,,,,,,,,,,,,,,
building_chemical_plant,pmg_fertilizer_production,pm_nitrogen_fixation,base,construction_cost_very_high,,,,,,,,,,,,,,,,,,,,,,,,-40,,-15,,,,-20,,,,200,,,,,,,,,,,,,,,,,,,,,,,,,,,-10,,,,,,,,,,,,,,,,-4,,,,,,,,,,,,,,,
building_chemical_plant,pmg_fertilizer_production,pm_hb_process_steam_reforming,base,construction_cost_very_high,,,,,,,,,,,,,,,,,,,,,,,,-50,,,,,,,,,,250,,,,,,,,,,,,,,,,,,,,,,,,,,,-20,,,,,,,-5,,,,,,,,,-5,,-20,,,,,,,,,,,,,
building_chemical_plant,pmg_fertilizer_production,pm_advanced_ammonia_synthesis,base,construction_cost_very_high,,,,,,,,,,,,,,,,,,,,,,,,-50,,,,,,,,,,275,,,,,,,,,,,,,,,,,,,,,,,,,,,-20,-2,,,,,,,,,,,,,,,-5,,-20,,,,,,,,,,,,,
building_chemical_plant,pmg_synthetic_dyes,pm_no_dye_production,refining,construction_cost_very_high,,,,,,,,,,,,,,,,,,,,,,,,,,,,,,,,,,,,,,,,,,,,,,,,,,,,,,,,,,,,,,,,,,,,,,,,,,,,,,,,,,,,,,,,,,,,
building_chemical_plant,pmg_synthetic_dyes,pm_dye_production,refining,construction_cost_very_high,,,,,,,,,,,,,,,,,,,,,,,60,-20,,,,,,,,,,-30,,,,,,,,,,,,,,,,,,,,,,,,,,,,,,,,,,,,,,,,,,,,,,,,,,,,,,,,,,
building_chemical_plant,pmg_synthetic_silk,pm_no_artificial_fibers,refining,construction_cost_very_high,,,,,,,,,,,,,,,,,,,,,,,,,,,,,,,,,,,,,,,,,,,,,,,,,,,,,,,,,,,,,,,,,,,,,,,,,,,,,,,,,,,,,,,,,,,,
building_chemical_plant,pmg_synthetic_silk,pm_rayon,refining,construction_cost_very_high,,,,,,,,,,,-10,,,,,,,,,,,30,-10,,,,,,,,,,,-10,,,,,,,,,,,,,,,,,,,,,,,,,,,,,,,,,,,,,,,,,,,,,,,,,,,,,,,,,,
building_chemical_plant,pmg_synthetic_silk,pm_nylon,refining,construction_cost_very_high,,,,,,,,,,,,,,,,,,,,,,45,-10,,-3,,,,,,,,,-10,,,,,,,,,,,,,,,,,,,,,,,,,,,,,,,-10,,,,,,,,,,,,-3,,,,,,,,,,,,,,,
building_chemical_plant,pmg_synthetic_silk,pm_polyester,refining,construction_cost_very_high,,,,,,,,,,,,,,,,,,,,,,55,-10,,,,,,,,,,,-15,,,,,,,,,,,,,,,,,,,,,,,,,,,,,,,-10,,,-3,,,,,,,,,-3,,,,,,,,,,,,,,,
building_chemical_plant,pmg_chemical_plant_automation,pm_automation_disabled,automation,construction_cost_very_high,,,,,,,,,,,,,,,,,,,,,,,,,,,,,,,,,,,,,,,,,,,,,,,,,,,,,,,,,,,,,,,,,,,,,,,,,,,,,,,,,,,,,,,,,,,,
building_chemical_plant,pmg_chemical_plant_automation,pm_basic_electric_control_building_chemical_plant,automation,construction_cost_very_high,,,,,,,,,,,,,,,,,,-2,,,,,,,,,,,,,,,,,-3,,,,,,,,,,,,,,,,,,,,,,,,,,,,,,,,,,,,-5,,,,,,,,,,,,,,,,,,,,,
building_chemical_plant,pmg_chemical_plant_automation,pm_advanced_electric_control_building_chemical_plant,automation,construction_cost_very_high,,,,,,,,,,,,,,,,,,-2,,,,,,,,,,,,,,,,,,,,,,,,,,,,,,,,,,,,,,,,,,,,,,,,,,,,,,-2,,,,-3,,,,,,,,,,,,,,,,
building_chemical_plant,pmg_data_optimization_light_industry,pm_manual_data_reporting_light_industry,other,construction_cost_very_high,,,,,,,,,,,,,,,,,,,,,,,,,,,,,,,,,,,,,,,,,,,,,,,,,,,,,,,,,,,,,,,,,,,,,,,,,,,,,,,,,,,1,,,,,,,,,
building_chemical_plant,pmg_data_optimization_light_industry,pm_manual_data_optimization_light_industry,other,construction_cost_very_high,,,,,,,,,,,,,,,-1,,,,,,,,,,,,,,,,,,,,,,,,,,,,,,,,,,,,,,,,,,,,,,,,,,,,,,,,,,,,,,,,,,,,1,-1,,,,,,,,
building_chemical_plant,pmg_data_optimization_light_industry,pm_digital_data_optimization_light_industry,other,construction_cost_very_high,,,,,,,,,,,,,,,,,,,,,,,,,,,,,,,,,,,,,,,,,,,,,,,,,,,,,,,,,,,,,,,,,,,,,,,,,,,,,,,,,,,2,-3,,,,,,,,
building_chemical_plant,pmg_data_optimization_light_industry,pm_digital_data_on_premises_light_industry,other,construction_cost_very_high,,,,,,,,,,,,,,,,,,,,,,,,,,,,,,,,,,,,,,,,,,,,,,,,,,,,,,,,,,,,,,,,,,,,,,,,,,,,,,,,,,8,,-3,,-1,,,,,,
building_chemical_plant,pmg_data_optimization_light_industry,pm_internet_data_reporting_light_industry,other,construction_cost_very_high,,,,,,,,,,,,,,,,,,,,,,,,,,,,,,,,,,,,,,,,,,,,,,,,,,,,,,,,,,,,,,,,,,,,,,,,,,,,,,,,,,12,,-4,-2,-3,,,,,,
building_chemical_plant,pmg_data_optimization_light_industry,pm_internet_data_optimization_light_industry,other,construction_cost_very_high,,,,,,,,,,,,,,,,,,,,,,,,,,,,,,,,,,,,,,,,,,,,,,,,,,,,,,,,,,,,,,,,,,,,,,,,,,,-1,,,,,,,12,,-6,-5,-4,,,,,,
building_chichen_itza,pmg_dummy,pm_dummy,other,,,,,,,,,,,,,,,,,,,,,,,,,,,,,,,,,,,,,,,,,,,,,,,,,,,,,,,,,,,,,,,,,,,,,,,,,,,,,,,,,,,,,,,,,,,,,
building_coal_mine,pmg_mining_equipment_building_coal_mine,pm_picks_and_shovels_building_coal_mine,base,construction_cost_medium,,,,,,,,,,,,,,,,,,,,,,,,,25,,,,,,,,,,-5,,,,,,,,,,,,,,,,,,,,,,,,,,,,,,,,,,,,,,,,,,,,,,,,,,,,,,,,,
building_coal_mine,pmg_mining_equipment_building_coal_mine,pm_atmospheric_engine_pump_building_coal_mine,base,construction_cost_medium,,,,,,,,,,,,,,,,,,,,,,,,,40,,,,,,,,,,-10,,,,,,,,,,,,,,,,,,,,,,,,,,,,,,,,,,,,,,,,,,,,,,,,,,,,,,,,,
building_coal_mine,pmg_mining_equipment_building_coal_mine,pm_condensing_engine_pump_building_coal_mine,base,construction_cost_medium,,,,,,,,,,,,,,,,,,,,,,,,,60,,,,,,,,,,-15,,,,,,,,,,,,,,,,,,,,,,,,,,,,,,,,,,,,,,,,,,,,,,,,,,,,,,,,,
building_coal_mine,pmg_mining_equipment_building_coal_mine,pm_diesel_pump_building_coal_mine,base,construction_cost_medium,,,,,,,,,,,,,,,,,,,,,,,,,90,,,,,,,,,,-20,,,,,,,,,,,,,,,,,,,,,,,,,,,,,,,-3,,,,,,,,,,,,,,,,,,,,,,,,,,
building_coal_mine,pmg_mining_equipment_building_coal_mine,pm_electric_fueled_pump_building_coal_mine,base,construction_cost_medium,,,,,,,,,,,,,,,,,,-5,,,,,,,105,,,,,,,,,,-20,,,,,,,,,,,,,,,,,,,,,,,,,,,,,,,-5,,,,,-2,,,,,,,,,,,,,,,,,,,,,
building_coal_mine,pmg_mining_equipment_building_coal_mine,pm_heavy_machineries_building_coal_mine,base,construction_cost_medium,,,,,,,,,,,,,,,,,,-10,,,,,,,130,,,,,,-5,,,,,,,,,,,,,,,,,,,,,,,,,,,,,,,,,,,-5,,,,,-3,,,,,-7,,,,,,,,,,,,,,,,
building_coal_mine,pmg_mining_equipment_building_coal_mine,pm_autonomous_and_remote_ops_building_coal_mine,base,construction_cost_medium,,,,,,,,,,,,,,,,,,-10,,,,,,,165,,,,,,-5,,,,,,,,,,,,,,,,,,,,,,,,,,,,,,,,,,,-5,,,,,,-2,,,,-12,,,,,,,,,-10,,,,,,,
building_coal_mine,pmg_explosives_building_coal_mine,pm_no_explosives,base,construction_cost_medium,,,,,,,,,,,,,,,,,,,,,,,,,,,,,,,,,,,,,,,,,,,,,,,,,,,,,,,,,,,,,,,,,,,,,,,,,,,,,,,,,,,,,,,,,,,,
building_coal_mine,pmg_explosives_building_coal_mine,pm_nitroglycerin_building_coal_mine,base,construction_cost_medium,,,,,,,,,,,,,,,,,,,,,,,,,15,,,,,,,,,,,-5,,,,,,,,,,,,,,,,,,,,,,,,,,,,,,,,,,,,,,,,,,,,,,,,,,,,,,,,
building_coal_mine,pmg_explosives_building_coal_mine,pm_dynamite_building_coal_mine,base,construction_cost_medium,,,,,,,,,,,,,,,,,,,,,,,,,25,,,,,,,,,,,-10,,,,,,,,,,,,,,,,,,,,,,,,,,,,,,,,,,,,,,,,,,,,,,,,,,,,,,,,
building_coal_mine,pmg_explosives_building_coal_mine,pm_high_precision_blasting_building_coal_mine,base,construction_cost_medium,,,,,,,,,,,,,,,,,,,,,,,,,45,,,,,,,,,,,-15,,,,,,,,,,,,,,,,,,,,,,,,,,,,,,,,,-2,,,,,,,,,,,,,,,,-5,,,,,,,
building_coal_mine,pmg_steam_automation_building_coal_mine,pm_no_steam_automation,automation,construction_cost_medium,,,,,,,,,,,,,,,,,,,,,,,,,,,,,,,,,,,,,,,,,,,,,,,,,,,,,,,,,,,,,,,,,,,,,,,,,,,,,,,,,,,,,,,,,,,,
building_coal_mine,pmg_steam_automation_building_coal_mine,pm_steam_donkey_building_coal_mine,automation,construction_cost_medium,,,,,,,,,,,,,,,,,,,,,,,,,-3,,,,,,-1,,,,,,,,,,,,,,,,,,,,,,,,,,,,,,,,,,,,,,,,,,,,,,,,,,,,,,,,,,,,,
building_coal_mine,pmg_steam_automation_building_coal_mine,pm_purification_mine,automation,construction_cost_medium,,,,,,,,,,,,,,,,,,,,,,,,,,,,,,,,,,,,,,,,,,,,,,,,,,,,,,,,,,,,,,,,,,,,,,,,,,,,,,,,,,,,,,,,,,,,
building_coal_mine,pmg_train_automation_building_coal_mine,pm_road_carts,automation,construction_cost_medium,,,,,,,,,,,,,,,,,,,,,,,,,,,,,,,,,,,,,,,,,,,,,,,,,,,,,,,,,,,,,,,,,,,,,,,,,,,,,,,,,,,,,,,,,,,,
building_coal_mine,pmg_train_automation_building_coal_mine,pm_rail_transport_mine,automation,construction_cost_medium,,,,,,,,,,,,,,,,,-4,,,,,,,,,,,,,,,,,,,,,,,,,,,,,,,,,,,,,,,,,,,,,,,,,,,,,,,,,,,,,,,,,,,,,,,,,,,
building_coal_mine,pmg_train_automation_building_coal_mine,pm_multiway_transport_mine,automation,construction_cost_medium,,,,,,,,,,,,,,,,,-2,,,,,,,,,,,,,,,,,,,,,,,,,,,,,,-2,,,,,,,,,,,,,,,,,,,,,,,,,,,,,,,,,,,,,,,,,,,,,
building_coal_mine,pmg_selective_mineral_extraction_coal_mine,pm_no_selective_mineral_extraction,base,construction_cost_medium,,,,,,,,,,,,,,,,,,,,,,,,,,,,,,,,,,,,,,,,,,,,,,,,,,,,,,,,,,,,,,,,,,,,,,,,,,,,,,,,,,,,,,,,,,,,
building_coal_mine,pmg_selective_mineral_extraction_coal_mine,selective_mineral_extraction_coal_mine,base,construction_cost_medium,,,,,,,,,,,,,,,,,,,,,,,,5,-15,,,,,,,,,,,,,,,,,,,,,,,,,,,,,,,,,,,,,,,,,,,,,,,,,,,,,,,,,,,,,,,,,,,
building_coal_mine,pmg_data_optimization_primary_sector,pm_manual_data_reporting_primary_sector,other,construction_cost_medium,,,,,,,,,,,,,,,,,,,,,,,,,,,,,,,,,,,,,,,,,,,,,,,,,,,,,,,,,,,,,,,,,,,,,,,,,,,,,,,,,,,,,,,,,,,,
building_coal_mine,pmg_data_optimization_primary_sector,pm_manual_data_optimization_primary_sector,other,construction_cost_medium,,,,,,,,,,,,,,,-1,,,,,,,,,,,,,,,,,,,,,,,,,,,,,,,,,,,,,,,,,,,,,,,,,,,,,,,,,,,,,,,,,,,,,-1,,,,,,,,
building_coal_mine,pmg_data_optimization_primary_sector,pm_digital_data_optimization_primary_sector,other,construction_cost_medium,,,,,,,,,,,,,,,,,,,,,,,,,,,,,,,,,,,,,,,,,,,,,,,,,,,,,,,,,,,,,,,,,,,,,,,,,,,,,,,,,,,1,-3,,,,,,,,
building_coal_mine,pmg_data_optimization_primary_sector,pm_digital_data_on_premises_primary_sector,other,construction_cost_medium,,,,,,,,,,,,,,,,,,,,,,,,,,,,,,,,,,,,,,,,,,,,,,,,,,,,,,,,,,,,,,,,,,,,,,,,,,,,,,,,,,6,,-3,,-1,,,,,,
building_coal_mine,pmg_data_optimization_primary_sector,pm_internet_data_reporting_primary_sector,other,construction_cost_medium,,,,,,,,,,,,,,,,,,,,,,,,,,,,,,,,,,,,,,,,,,,,,,,,,,,,,,,,,,,,,,,,,,,,,,,,,,,,,,,,,,8,,-4,-1,-3,,,,,,
building_coffee_plantation,pmg_base_building_coffee_plantation,coffee_plantation_dry_process,base,construction_cost_low,,,,,,,,,,,,,,,,,,,,,,,,,,,,,,,,,,,,,,,,,,,20,,,,,,,,,,,,,,,,,,,,,,,,,,,,,,,,,,,,,,,,,,,,,,,,,
building_coffee_plantation,pmg_base_building_coffee_plantation,coffee_plantation_wet_process_manual,base,construction_cost_low,,,,,,,,,,,,,,,,,,,,,,,,,,,,,,,,,,,-5,,,,,,,,25,,,,,,,,,,,,,,,,,,,,,,,,,,,,,,,,,,,,,,,,,,,,,,,,,
building_coffee_plantation,pmg_base_building_coffee_plantation,coffee_plantation_wet_process_mechanical,base,construction_cost_low,,,,,,,,,,,,,,,,,,,,,,,,,,,,,,,-3,,,,-5,,,,,,,,35,,,,,,,,,,,,,,,,,,,,,,,,,,,,,,,,,,,,,,,,,,,,,,,,,
building_coffee_plantation,pmg_base_building_coffee_plantation,advanced_plantation_methods_building_coffee_plantation,base,construction_cost_low,,,,,,,,,,,,,,,,,,,,,,,,,,,,,,,-20,-5,,-5,,,,,,,,,75,,,,,,,,,,,,,,,,,,,,,,,-2,,,,,,,,,,,,,,,,,,,,,,,,,,
building_coffee_plantation,pmg_base_building_coffee_plantation,drone_assisted_agriculture_building_coffee_plantation,base,construction_cost_low,,,,,,,,,,,,,,,,,,-2,,,,,,,,,,,,,-20,,,-10,,,,,,,,,80,,,,,,,,,,,,,,,,,,,,,,,,,,,,,,,,,-3,,,,,,,,,-8,,,,,,,
building_coffee_plantation,pmg_drying_coffee_plantation,coffee_plantation_patio_drying,base,construction_cost_low,,,,,,,,,,,,,,,,,,,,,,,,,,,,,,,,,,,,,,,,,,,5,,,,,,,,,,,,,,,,,,,,,,,,,,,,,,,,,,,,,,,,,,,,,,,,,
building_coffee_plantation,pmg_drying_coffee_plantation,coffee_plantation_mechanical_drying,base,construction_cost_low,,,,,,,,,,,,,,,,,,,,,,,,,,,,,,,-2,,,,-3,,,,,,,,15,,,,,,,,,,,,,,,,,,,,,,,,,,,,,,,,,,,,,,,,,,,,,,,,,
building_coffee_plantation,pmg_drying_coffee_plantation,pm_vertical_silo_drying,base,construction_cost_low,,,,,,,,,,,,,,,,,,-4,,,,,,,,,,,,,,,,,-3,,,,,,,,20,,,,,,,,,,,,,,,,,,,,,,,,,,,,,,,,,,,,,,,,,,,,,,,,,
building_coffee_plantation,pmg_coffee_exploitation,default_labour,base,construction_cost_low,,,,,,,,,,,,,,,,,,,,,,,,,,,,,,,,,,,,,,,,,,,,,,,,,,,,,,,,,,,,,,,,,,,,,,,,,,,,,,,,,,,,,,,,,,,,
building_coffee_plantation,pmg_coffee_exploitation,slave_exploitation_coffee,base,construction_cost_low,,,,,,,,,,,,,,,,,,,,,,,,,,,,,,,,,,,,,,,,,,,10,,,,,,,,,,,,,,,,,,,,,,,,,,,,,,,,,,,,,,,,,,,,,,,,,
building_coffee_plantation,pmg_coffee_exploitation,worker_exploitation_coffee,base,construction_cost_low,,,,,,,,,,,,,,,,,,,,,,,,,,,,,,,,,,,,,,,,,,,5,,,,,,,,,,,,,,,,,,,,,,,,,,,,,,,,,,,,,,,,,,,,,,,,,
building_coffee_plantation,pmg_train_automation_building_coffee_plantation,pm_road_carts,automation,construction_cost_low,,,,,,,,,,,,,,,,,,,,,,,,,,,,,,,,,,,,,,,,,,,,,,,,,,,,,,,,,,,,,,,,,,,,,,,,,,,,,,,,,,,,,,,,,,,,
building_coffee_plantation,pmg_train_automation_building_coffee_plantation,pm_steam_rail_transport,automation,construction_cost_low,,,,,,,,,,,,,,,,,-5,,,,,,,,,,,,,,,,,,,,,,,,,,,,,,,,,,,,,,,,,,,,,,,,,,,,,,,,,,,,,,,,,,,,,,,,,,,
building_coffee_plantation,pmg_train_automation_building_coffee_plantation,pm_multiway_transport_plantation,automation,construction_cost_low,,,,,,,,,,,,,,,,,-2,,,,,,,,,,,,,,,,,,,,,,,,,,,,,,-2,,,,,,,,,,,,,,,,,,,,,,,,,,,,,,,,,,,,,,,,,,,,,
building_coffee_plantation,pmg_data_optimization_primary_sector,pm_manual_data_reporting_primary_sector,other,construction_cost_low,,,,,,,,,,,,,,,,,,,,,,,,,,,,,,,,,,,,,,,,,,,,,,,,,,,,,,,,,,,,,,,,,,,,,,,,,,,,,,,,,,,,,,,,,,,,
building_coffee_plantation,pmg_data_optimization_primary_sector,pm_manual_data_optimization_primary_sector,other,construction_cost_low,,,,,,,,,,,,,,,-1,,,,,,,,,,,,,,,,,,,,,,,,,,,,,,,,,,,,,,,,,,,,,,,,,,,,,,,,,,,,,,,,,,,,,-1,,,,,,,,
building_coffee_plantation,pmg_data_optimization_primary_sector,pm_digital_data_optimization_primary_sector,other,construction_cost_low,,,,,,,,,,,,,,,,,,,,,,,,,,,,,,,,,,,,,,,,,,,,,,,,,,,,,,,,,,,,,,,,,,,,,,,,,,,,,,,,,,,1,-3,,,,,,,,
building_coffee_plantation,pmg_data_optimization_primary_sector,pm_digital_data_on_premises_primary_sector,other,construction_cost_low,,,,,,,,,,,,,,,,,,,,,,,,,,,,,,,,,,,,,,,,,,,,,,,,,,,,,,,,,,,,,,,,,,,,,,,,,,,,,,,,,,6,,-3,,-1,,,,,,
building_coffee_plantation,pmg_data_optimization_primary_sector,pm_internet_data_reporting_primary_sector,other,construction_cost_low,,,,,,,,,,,,,,,,,,,,,,,,,,,,,,,,,,,,,,,,,,,,,,,,,,,,,,,,,,,,,,,,,,,,,,,,,,,,,,,,,,8,,-4,-1,-3,,,,,,
building_commonores_mine,pmg_mining_equipment_building_commonores_mine,pm_picks_and_shovels_building_commonores_mine,base,construction_cost_medium,,,,,,,,,,,,,,,,,,,,,,,,,,,,,,,,,,,-5,,,,,,,,,,,,,,,,,,,,,,,,,,20,,,,,,,,,,,,,,,,,,,,,,,,,,,,,,,
building_commonores_mine,pmg_mining_equipment_building_commonores_mine,pm_atmospheric_engine_pump_building_commonores_mine,base,construction_cost_medium,,,,,,,,,,,,,,,,,,,,,,,,,-10,,,,,,,,,,-10,,,,,,,,,,,,,,,,,,,,,,,,,,40,,,,,,,,,,,,,,,,,,,,,,,,,,,,,,,
building_commonores_mine,pmg_mining_equipment_building_commonores_mine,pm_condensing_engine_pump_building_commonores_mine,base,construction_cost_medium,,,,,,,,,,,,,,,,,,,,,,,,,-15,,,,,,,,,,-15,,,,,,,,,,,,,,,,,,,,,,,,,,60,,,,,,,,,,,,,,,,,,,,,,,,,,,,,,,
building_commonores_mine,pmg_mining_equipment_building_commonores_mine,pm_diesel_pump_building_commonores_mine,base,construction_cost_medium,,,,,,,,,,,,,,,,,,,,,,,,,,,,,,,,,,,-20,,,,,,,,,,,,,,,,,,,,,,,,,,70,,,,,-3,,,,,,,,,,,,,,,,,,,,,,,,,,
building_commonores_mine,pmg_mining_equipment_building_commonores_mine,pm_electric_fueled_pump_building_commonores_mine,base,construction_cost_medium,,,,,,,,,,,,,,,,,,-5,,,,,,,,,,,,,,,,,-20,,,,,,,,,,,,,,,,,,,,,,,,,,85,,,,,-5,,,,,-2,,,,,,,,,,,,,,,,,,,,,
building_commonores_mine,pmg_mining_equipment_building_commonores_mine,pm_heavy_machineries_building_commonores_mine,base,construction_cost_medium,,,,,,,,,,,,,,,,,,-10,,,,,,,,,,,,,-5,,,,,,,,,,,,,,,,,,,,,,,,,,,,,,105,,,,,-5,,,,,-3,,,,,-7,,,,,,,,,,,,,,,,
building_commonores_mine,pmg_mining_equipment_building_commonores_mine,pm_autonomous_and_remote_ops_building_commonores_mine,base,construction_cost_medium,,,,,,,,,,,,,,,,,,-10,,,,,,,,,,,,,-5,,,,,,,,,,,,,,,,,,,,,,,,,,,,,,130,,,,,-5,,,,,,-2,,,,-12,,,,,,,,,-10,,,,,,,
building_commonores_mine,pmg_explosives_building_commonores_mine,pm_no_explosives,base,construction_cost_medium,,,,,,,,,,,,,,,,,,,,,,,,,,,,,,,,,,,,,,,,,,,,,,,,,,,,,,,,,,,,,,,,,,,,,,,,,,,,,,,,,,,,,,,,,,,,
building_commonores_mine,pmg_explosives_building_commonores_mine,pm_nitroglycerin_building_commonores_mine,base,construction_cost_medium,,,,,,,,,,,,,,,,,,,,,,,,,,,,,,,,,,,,-5,,,,,,,,,,,,,,,,,,,,,,,,,12,,,,,,,,,,,,,,,,,,,,,,,,,,,,,,,
building_commonores_mine,pmg_explosives_building_commonores_mine,pm_dynamite_building_commonores_mine,base,construction_cost_medium,,,,,,,,,,,,,,,,,,,,,,,,,,,,,,,,,,,,-10,,,,,,,,,,,,,,,,,,,,,,,,,20,,,,,,,,,,,,,,,,,,,,,,,,,,,,,,,
building_commonores_mine,pmg_explosives_building_commonores_mine,pm_high_precision_blasting_building_commonores_mine,base,construction_cost_medium,,,,,,,,,,,,,,,,,,,,,,,,,,,,,,,,,,,,-15,,,,,,,,,,,,,,,,,,,,,,,,,40,,,,,,,,-2,,,,,,,,,,,,,,,,-5,,,,,,,
building_commonores_mine,pmg_steam_automation_building_commonores_mine,pm_no_steam_automation,automation,construction_cost_medium,,,,,,,,,,,,,,,,,,,,,,,,,,,,,,,,,,,,,,,,,,,,,,,,,,,,,,,,,,,,,,,,,,,,,,,,,,,,,,,,,,,,,,,,,,,,
building_commonores_mine,pmg_steam_automation_building_commonores_mine,pm_steam_donkey_mine,automation,construction_cost_medium,,,,,,,,,,,,,,,,,,,,,,,,,-4,,,,,,-1,,,,,,,,,,,,,,,,,,,,,,,,,,,,,,,,,,,,,,,,,,,,,,,,,,,,,,,,,,,,,
building_commonores_mine,pmg_steam_automation_building_commonores_mine,pm_purification_mine,automation,construction_cost_medium,,,,,,,,,,,,,,,,,,,,,,,,,,,,,,,,,,,,,,,,,,,,,,,,,,,,,,,,,,,,,,,,,,,,,,,,,,,,,,,,,,,,,,,,,,,,
building_commonores_mine,pmg_steam_automation_building_commonores_mine,pm_hpgr_comminution,automation,construction_cost_medium,,,,,,,,,,,,,,,,,,5,,,,,,,,,,,,,,-1,,,,,,,,,,,,,,,,,,,,,,,,,,,,,,,,,,,,,,,,,,,,-1,,,,,,,,,,,,,,,,
building_commonores_mine,pmg_train_automation_building_commonores_mine,pm_road_carts,automation,construction_cost_medium,,,,,,,,,,,,,,,,,,,,,,,,,,,,,,,,,,,,,,,,,,,,,,,,,,,,,,,,,,,,,,,,,,,,,,,,,,,,,,,,,,,,,,,,,,,,
building_commonores_mine,pmg_train_automation_building_commonores_mine,pm_rail_transport_mine,automation,construction_cost_medium,,,,,,,,,,,,,,,,,-4,,,,,,,,,,,,,,,,,,,,,,,,,,,,,,,,,,,,,,,,,,,,,,,,,,,,,,,,,,,,,,,,,,,,,,,,,,,
building_commonores_mine,pmg_train_automation_building_commonores_mine,pm_multiway_transport_mine,automation,construction_cost_medium,,,,,,,,,,,,,,,,,-2,,,,,,,,,,,,,,,,,,,,,,,,,,,,,,-2,,,,,,,,,,,,,,,,,,,,,,,,,,,,,,,,,,,,,,,,,,,,,
building_commonores_mine,pmg_selective_mineral_extraction_commonores_mine,pm_no_selective_mineral_extraction,base,construction_cost_medium,,,,,,,,,,,,,,,,,,,,,,,,,,,,,,,,,,,,,,,,,,,,,,,,,,,,,,,,,,,,,,,,,,,,,,,,,,,,,,,,,,,,,,,,,,,,
building_commonores_mine,pmg_selective_mineral_extraction_commonores_mine,selective_mineral_extraction_commonores_mine,base,construction_cost_medium,,,,,,,,,,,,,,,,,,,,,,,,,,8,,,,,,,,,,,,,,,,,,,,,,,,,,,,,,,,,,,-15,,,,,,,,,,,,,,,,,,,,,,,,,,,,,,,
building_commonores_mine,pmg_data_optimization_primary_sector,pm_manual_data_reporting_primary_sector,other,construction_cost_medium,,,,,,,,,,,,,,,,,,,,,,,,,,,,,,,,,,,,,,,,,,,,,,,,,,,,,,,,,,,,,,,,,,,,,,,,,,,,,,,,,,,,,,,,,,,,
building_commonores_mine,pmg_data_optimization_primary_sector,pm_manual_data_optimization_primary_sector,other,construction_cost_medium,,,,,,,,,,,,,,,-1,,,,,,,,,,,,,,,,,,,,,,,,,,,,,,,,,,,,,,,,,,,,,,,,,,,,,,,,,,,,,,,,,,,,,-1,,,,,,,,
building_commonores_mine,pmg_data_optimization_primary_sector,pm_digital_data_optimization_primary_sector,other,construction_cost_medium,,,,,,,,,,,,,,,,,,,,,,,,,,,,,,,,,,,,,,,,,,,,,,,,,,,,,,,,,,,,,,,,,,,,,,,,,,,,,,,,,,,1,-3,,,,,,,,
building_commonores_mine,pmg_data_optimization_primary_sector,pm_digital_data_on_premises_primary_sector,other,construction_cost_medium,,,,,,,,,,,,,,,,,,,,,,,,,,,,,,,,,,,,,,,,,,,,,,,,,,,,,,,,,,,,,,,,,,,,,,,,,,,,,,,,,,6,,-3,,-1,,,,,,
building_commonores_mine,pmg_data_optimization_primary_sector,pm_internet_data_reporting_primary_sector,other,construction_cost_medium,,,,,,,,,,,,,,,,,,,,,,,,,,,,,,,,,,,,,,,,,,,,,,,,,,,,,,,,,,,,,,,,,,,,,,,,,,,,,,,,,,8,,-4,-1,-3,,,,,,
building_company_headquarter,pmg_ownership_building_company_headquarter,pm_company_headquarter_privately_owned,ownership,,,,,,,,,,,,,,,,,,,,,,,,,,,,,,,,,,,,,,,,,,,,,,,,,,,,,,,,,,,,,,,,,,,,,,,,,,,,,,,,,,,,,,,,,,,,,
building_company_headquarter,pmg_ownership_building_company_headquarter,pm_company_headquarter_privately_owned_aristocrats,ownership,,,,,,,,,,,,,,,,,,,,,,,,,,,,,,,,,,,,,,,,,,,,,,,,,,,,,,,,,,,,,,,,,,,,,,,,,,,,,,,,,,,,,,,,,,,,,
building_company_headquarter,pmg_ownership_building_company_headquarter,pm_company_headquarter_privately_owned_aristocrats_commercial_agriculture,ownership,,,,,,,,,,,,,,,,,,,,,,,,,,,,,,,,,,,,,,,,,,,,,,,,,,,,,,,,,,,,,,,,,,,,,,,,,,,,,,,,,,,,,,,,,,,,,
building_company_headquarter,pmg_ownership_building_company_headquarter,pm_company_headquarter_privately_owned_shopkeepers,ownership,,,,,,,,,,,,,,,,,,,,,,,,,,,,,,,,,,,,,,,,,,,,,,,,,,,,,,,,,,,,,,,,,,,,,,,,,,,,,,,,,,,,,,,,,,,,,
building_company_headquarter,pmg_ownership_building_company_headquarter,pm_company_headquarter_privately_owned_academics,ownership,,,,,,,,,,,,,,,,,,,,,,,,,,,,,,,,,,,,,,,,,,,,,,,,,,,,,,,,,,,,,,,,,,,,,,,,,,,,,,,,,,,,,,,,,,,,,
building_company_headquarter,pmg_ownership_building_company_headquarter,pm_company_headquarter_privately_owned_bureaucrats,ownership,,,,,,,,,,,,,,,,,,,,,,,,,,,,,,,,,,,,,,,,,,,,,,,,,,,,,,,,,,,,,,,,,,,,,,,,,,,,,,,,,,,,,,,,,,,,,
building_company_headquarter,pmg_ownership_building_company_headquarter,pm_company_headquarter_principle_divine_economics_2,ownership,,,,,,,,,,,,,,,,,,,,,,,,,,,,,,,,,,,,,,,,,,,,,,,,,,,,,,,,,,,,,,,,,,,,,,,,,,,,,,,,,,,,,,,,,,,,,
building_company_headquarter,pmg_ownership_building_company_headquarter,pm_company_headquarter_principle_divine_economics_2_aristocrats,ownership,,,,,,,,,,,,,,,,,,,,,,,,,,,,,,,,,,,,,,,,,,,,,,,,,,,,,,,,,,,,,,,,,,,,,,,,,,,,,,,,,,,,,,,,,,,,,
building_company_headquarter,pmg_ownership_building_company_headquarter,pm_company_headquarter_principle_divine_economics_2_aristocrats_commercial_agriculture,ownership,,,,,,,,,,,,,,,,,,,,,,,,,,,,,,,,,,,,,,,,,,,,,,,,,,,,,,,,,,,,,,,,,,,,,,,,,,,,,,,,,,,,,,,,,,,,,
building_company_headquarter,pmg_ownership_building_company_headquarter,pm_company_headquarter_principle_divine_economics_2_shopkeepers,ownership,,,,,,,,,,,,,,,,,,,,,,,,,,,,,,,,,,,,,,,,,,,,,,,,,,,,,,,,,,,,,,,,,,,,,,,,,,,,,,,,,,,,,,,,,,,,,
building_company_headquarter,pmg_ownership_building_company_headquarter,pm_company_headquarter_principle_divine_economics_2_academics,ownership,,,,,,,,,,,,,,,,,,,,,,,,,,,,,,,,,,,,,,,,,,,,,,,,,,,,,,,,,,,,,,,,,,,,,,,,,,,,,,,,,,,,,,,,,,,,,
building_company_headquarter,pmg_ownership_building_company_headquarter,pm_company_headquarter_principle_divine_economics_2_bureaucrats,ownership,,,,,,,,,,,,,,,,,,,,,,,,,,,,,,,,,,,,,,,,,,,,,,,,,,,,,,,,,,,,,,,,,,,,,,,,,,,,,,,,,,,,,,,,,,,,,
building_company_headquarter,pmg_ownership_building_company_headquarter,pm_company_headquarter_government_run,ownership,,,,,,,,,,,,,,,,,,,,,,,,,,,,,,,,,,,,,,,,,,,,,,,,,,,,,,,,,,,,,,,,,,,,,,,,,,,,,,,,,,,,,,,,,,,,,
building_company_headquarter,pmg_ownership_building_company_headquarter,pm_company_headquarter_worker_cooperative,ownership,,,,,,,,,,,,,,,,,,,,,,,,,,,,,,,,,,,,,,,,,,,,,,,,,,,,,,,,,,,,,,,,,,,,,,,,,,,,,,,,,,,,,,,,,,,,,
building_company_regional_headquarter,pmg_ownership_building_company_headquarter,pm_company_headquarter_privately_owned,ownership,,,,,,,,,,,,,,,,,,,,,,,,,,,,,,,,,,,,,,,,,,,,,,,,,,,,,,,,,,,,,,,,,,,,,,,,,,,,,,,,,,,,,,,,,,,,,
building_company_regional_headquarter,pmg_ownership_building_company_headquarter,pm_company_headquarter_privately_owned_aristocrats,ownership,,,,,,,,,,,,,,,,,,,,,,,,,,,,,,,,,,,,,,,,,,,,,,,,,,,,,,,,,,,,,,,,,,,,,,,,,,,,,,,,,,,,,,,,,,,,,
building_company_regional_headquarter,pmg_ownership_building_company_headquarter,pm_company_headquarter_privately_owned_aristocrats_commercial_agriculture,ownership,,,,,,,,,,,,,,,,,,,,,,,,,,,,,,,,,,,,,,,,,,,,,,,,,,,,,,,,,,,,,,,,,,,,,,,,,,,,,,,,,,,,,,,,,,,,,
building_company_regional_headquarter,pmg_ownership_building_company_headquarter,pm_company_headquarter_privately_owned_shopkeepers,ownership,,,,,,,,,,,,,,,,,,,,,,,,,,,,,,,,,,,,,,,,,,,,,,,,,,,,,,,,,,,,,,,,,,,,,,,,,,,,,,,,,,,,,,,,,,,,,
building_company_regional_headquarter,pmg_ownership_building_company_headquarter,pm_company_headquarter_privately_owned_academics,ownership,,,,,,,,,,,,,,,,,,,,,,,,,,,,,,,,,,,,,,,,,,,,,,,,,,,,,,,,,,,,,,,,,,,,,,,,,,,,,,,,,,,,,,,,,,,,,
building_company_regional_headquarter,pmg_ownership_building_company_headquarter,pm_company_headquarter_privately_owned_bureaucrats,ownership,,,,,,,,,,,,,,,,,,,,,,,,,,,,,,,,,,,,,,,,,,,,,,,,,,,,,,,,,,,,,,,,,,,,,,,,,,,,,,,,,,,,,,,,,,,,,
building_company_regional_headquarter,pmg_ownership_building_company_headquarter,pm_company_headquarter_principle_divine_economics_2,ownership,,,,,,,,,,,,,,,,,,,,,,,,,,,,,,,,,,,,,,,,,,,,,,,,,,,,,,,,,,,,,,,,,,,,,,,,,,,,,,,,,,,,,,,,,,,,,
building_company_regional_headquarter,pmg_ownership_building_company_headquarter,pm_company_headquarter_principle_divine_economics_2_aristocrats,ownership,,,,,,,,,,,,,,,,,,,,,,,,,,,,,,,,,,,,,,,,,,,,,,,,,,,,,,,,,,,,,,,,,,,,,,,,,,,,,,,,,,,,,,,,,,,,,
building_company_regional_headquarter,pmg_ownership_building_company_headquarter,pm_company_headquarter_principle_divine_economics_2_aristocrats_commercial_agriculture,ownership,,,,,,,,,,,,,,,,,,,,,,,,,,,,,,,,,,,,,,,,,,,,,,,,,,,,,,,,,,,,,,,,,,,,,,,,,,,,,,,,,,,,,,,,,,,,,
building_company_regional_headquarter,pmg_ownership_building_company_headquarter,pm_company_headquarter_principle_divine_economics_2_shopkeepers,ownership,,,,,,,,,,,,,,,,,,,,,,,,,,,,,,,,,,,,,,,,,,,,,,,,,,,,,,,,,,,,,,,,,,,,,,,,,,,,,,,,,,,,,,,,,,,,,
building_company_regional_headquarter,pmg_ownership_building_company_headquarter,pm_company_headquarter_principle_divine_economics_2_academics,ownership,,,,,,,,,,,,,,,,,,,,,,,,,,,,,,,,,,,,,,,,,,,,,,,,,,,,,,,,,,,,,,,,,,,,,,,,,,,,,,,,,,,,,,,,,,,,,
building_company_regional_headquarter,pmg_ownership_building_company_headquarter,pm_company_headquarter_principle_divine_economics_2_bureaucrats,ownership,,,,,,,,,,,,,,,,,,,,,,,,,,,,,,,,,,,,,,,,,,,,,,,,,,,,,,,,,,,,,,,,,,,,,,,,,,,,,,,,,,,,,,,,,,,,,
building_company_regional_headquarter,pmg_ownership_building_company_headquarter,pm_company_headquarter_government_run,ownership,,,,,,,,,,,,,,,,,,,,,,,,,,,,,,,,,,,,,,,,,,,,,,,,,,,,,,,,,,,,,,,,,,,,,,,,,,,,,,,,,,,,,,,,,,,,,
building_company_regional_headquarter,pmg_ownership_building_company_headquarter,pm_company_headquarter_worker_cooperative,ownership,,,,,,,,,,,,,,,,,,,,,,,,,,,,,,,,,,,,,,,,,,,,,,,,,,,,,,,,,,,,,,,,,,,,,,,,,,,,,,,,,,,,,,,,,,,,,
building_conscription_center,pmg_training_conscription,pm_no_organization_conscription,military,,,,,,,,,,,,,,,,,,,,,,,,,,,,,,,,,,,,,,,,,,,,,,,,,,,,,,,,,,,,,,,,,,,,,,,,,,,,,,,,,,,,,,,,,,,,,
building_conscription_center,pmg_training_conscription,pm_general_training_conscription,military,,,,,,,,,,,,,,,,,,,,,,,,,,,,,,,,,,,,,,,,,,,,,,,,,,,,,,,,,,,,,,,,,,,,,,,,,,,,,,,,,,,,,,,,,,,,,
building_conscription_center,pmg_training_conscription,pm_advanced_tactics_training_conscription,military,,,,,,,,,,,,,,,,,,,,,,,,,,,,,,,,,,,,,,,,,,,,,,,,,,,,,,,,,,,,,,,,,,,,,,,,,,,,,,,,,,,,,,,,,,,,,
building_conscription_center,pmg_training_conscription,pm_training_streamlining_conscription,military,,,,,,,,,,,,,,,,,,,,,,,,,,,,,,,,,,,,,,,,,,,,,,,,,,,,,,,,,,,,,,,,,,,,,,,,,,,,,,,,,,,,,,,,,,,,,
building_conscription_center,pmg_training_conscription,pm_nco_incorporation_conscription,military,,,,,,,,,,,,,,,,,,,,,,,,,,,,,,,,,,,,,,,,,,,,,,,,,,,,,,,,,,,,,,,,,,,,,,,,,,,,,,,,,,,,,,,,,,,,,
building_conscription_center,pmg_training_conscription,pm_mobile_warfare_tactics_conscription,military,,,,,,,,,,,,,,,,,,,,,,,,,,,,,,,,,,,,,,,,,,,,,,,,,,,,,,,,,,,,,,,,,,,,,,,,,,,,,,,,,,,,,,,,,,,,,
building_conscription_center,pmg_training_conscription,pm_network_centric_warfare_conscription,military,,,,,,,,,,,,,,,,,,,,,,,,,,,,,,,,,,,,,,,,,,,,,,,,,,,,,,,,,,,,,,,,,,,,,,,,,,,,,,,,,,,,,,,,,,,,,
building_construction_sector,pmg_base_building_construction_sector,pm_wooden_buildings,base,construction_cost_construction_sector,,,,,,,,,,-25,-75,,,,,,,,,,,,,,,,,,,,,,,,,,,,,,,,,,,,,,,,,,,,,,,,,,,,,,,,,,,,,,,,,,,,,,,,,,,,,,,,,
building_construction_sector,pmg_base_building_construction_sector,pm_iron_frame_buildings,base,construction_cost_construction_sector,,,,,,,,,,-20,-40,,,,,,,,,,,,,,,-50,,,,,,,,,-10,,,,,,,,,,,,,,,,,,,,,,,,,,-5,,,,,,,,,,,,,,,,,,,,,,,,,,,,,,,
building_construction_sector,pmg_base_building_construction_sector,pm_steel_frame_buildings,base,construction_cost_construction_sector,,,,,,,,,,,,,,,,,,,,,,,,,,,,,,,,-50,-40,,-20,-10,,,,,,,,,,,,,,,,,,,,,,,-10,,,,,,,,,,,,,,,,,,,,,,,,,,,,,,,,,
building_construction_sector,pmg_base_building_construction_sector,pm_arc_welded_buildings,base,construction_cost_construction_sector,,,,,,,,,,,,,,,,,,-40,,,,,,,,,,,,,,-50,-40,,-40,-20,,,,,,,,,,,,,,,,,,,,,,,-10,,,,,,,,,,,,,,,,,,,,,,,,,,,,,,,,,
building_construction_sector,pmg_base_building_construction_sector,pm_prefabricated_concrete_buildings,base,construction_cost_construction_sector,,,,,,,,,,,,,,,,,,-40,,,,,,,,,,,,,,-40,-40,,,-20,,,,,,,,,,,,,,,,,,,,,,,-10,,,,,-10,-10,,,,,,,,,,,-15,,,,,,,,,,,,,,,,
building_consumer_electronics_industry,pmg_base_building_homeappliances,pm_rudimental_homeappliances,refining,construction_cost_modern,,,,,,,,,,,,,,,,,,-10,,,,,,,,,,,,,,-25,,,,,,,,,,,,,,,,,,,,,,,,,,,,,,,,,-10,,,,-15,-15,,,40,,,,,,,,,,,,,,,,,,,
building_consumer_electronics_industry,pmg_base_building_homeappliances,pm_basic_homeappliances,refining,construction_cost_modern,,,,,,,,,,,,,,,,,,-15,,,,,,,,,,,,,-10,-40,,,,,,,,,,,,,,,,,,,,,,,,,,,,,,,,-20,,,,,,,-25,,75,,,,,,,,,,,,,,,,,,,
building_consumer_electronics_industry,pmg_base_building_homeappliances,pm_smart_homeappliances,refining,construction_cost_modern,,,,,,,,,,,,,,,,,,-20,,,,,,,,,,,,,-10,-50,,,,,,,,,,,,,,,,,,,,,,,,,,,,,,,,-25,,,,,,,,-20,110,,,,,,,,,,,,-30,,,,,,,
building_consumer_electronics_industry,pmg_television_category,pm_no_televisions,base,construction_cost_modern,,,,,,,,,,,,,,,,,,,,,,,,,,,,,,,,,,,,,,,,,,,,,,,,,,,,,,,,,,,,,,,,,,,,,,,,,,,,,,,,,,,,,,,,,,,,
building_consumer_electronics_industry,pmg_television_category,pm_cathode_tube_televisions,base,construction_cost_modern,,,,,,,,,,,,,,,,,,,,,,,,,,,,,,,,,-5,,,,,,,,,,,,,,,,,,,,,,-20,,,,,,,,,,-15,,,,,,,,-15,40,,,,,,,,,,,-20,,,,,,,
building_consumer_electronics_industry,pmg_television_category,pm_colored_cathode_tube_televisions,base,construction_cost_modern,,,,,,,,,,,,,,,,,,,,,,,,,,,,,,,,,-5,,,,,,,,,,,,,,,,,,,,,,-30,,,,,,,,,,-15,,,,,,,,-20,55,,,,,,,,,,,-25,,,,,,,
building_consumer_electronics_industry,pmg_television_category,pm_hd_televisions,base,construction_cost_modern,,,,,,,,,,,,,,,,,,,,,,,,,,,,,,,,,-5,,,,,,,,,,,,,,,,,,,,,,-30,,,,,,,,,,-10,,,,,,,,-25,60,,,,,,,,,,,-30,,,,,,,
building_consumer_electronics_industry,pmg_television_category,pm_smart_televisions,base,construction_cost_modern,,,,,,,,,,,,,,,,,,,,,,,,,,,,,,,,,-5,,,,,,,,,,,,,,,,,,,,,,-40,,,,,,,,,,-5,,,,,,,-5,-25,75,,,,,,,,,,,-35,-5,,,,,,
building_consumer_electronics_industry,pmg_automation_building_electrics_industry,pm_automation_disabled,automation,construction_cost_modern,,,,,,,,,,,,,,,,,,,,,,,,,,,,,,,,,,,,,,,,,,,,,,,,,,,,,,,,,,,,,,,,,,,,,,,,,,,,,,,,,,,,,,,,,,,,
building_consumer_electronics_industry,pmg_automation_building_electrics_industry,pm_assembly_lines_building_electrics_industry,automation,construction_cost_modern,,,,,,,,,,,,,,,,,,-5,,,,,,,,,,,,,,,,,-5,,,,,,,,,,,,,,,,,,,,,,,,,,,,,,,,-3,,,,,,,,,,,,,,,,,,,,,,,,,
building_consumer_electronics_industry,pmg_automation_building_electrics_industry,pm_advanced_assembly_lines_building_electrics_industry,automation,construction_cost_modern,,,,,,,,,,,,,,,,,,-5,,,,,,,,,,,,,,,,,-3,,,,,,,,,,,,,,,,,,,,,,,,,,,,,,,,-3,,,,,,,,,-2,,,,,,,,,,,,,,,,
building_consumer_electronics_industry,pmg_automation_building_electrics_industry,pm_robotic_building_electrics_industry,automation,construction_cost_modern,,,,,,,,,,,,,,,,,,-5,,,,,,,,,,,,,,,,,,,,,,,,,,,,,,,,,,,,,,,,,,,,,,,,,-2,,,,,-1,,,,-3,,,,,,,,,,,,,,,,
building_consumer_electronics_industry,pmg_automation_building_electrics_industry,pm_iot_building_electrics_industry,automation,construction_cost_modern,,,,,,,,,,,,,,,,,,-5,,,,,,,,,,,,,,,,,,,,,,,,,,,,,,,,,,,,,,,,,,,,,,,,,-1,,,,,-1,,,,-3,,,,,,,,,-5,,,,,,,
building_consumer_electronics_industry,pmg_data_optimization_heavy_industry,pm_manual_data_reporting_heavy_industry,other,construction_cost_modern,,,,,,,,,,,,,,,,,,,,,,,,,,,,,,,,,,,,,,,,,,,,,,,,,,,,,,,,,,,,,,,,,,,,,,,,,,,,,,,,,,,1,,,,,,,,,
building_consumer_electronics_industry,pmg_data_optimization_heavy_industry,pm_manual_data_optimization_heavy_industry,other,construction_cost_modern,,,,,,,,,,,,,,,-1,,,,,,,,,,,,,,,,,,,,,,,,,,,,,,,,,,,,,,,,,,,,,,,,,,,,,,,,,,,,,,,,,,,,1,-1,,,,,,,,
building_consumer_electronics_industry,pmg_data_optimization_heavy_industry,pm_digital_data_optimization_heavy_industry,other,construction_cost_modern,,,,,,,,,,,,,,,,,,,,,,,,,,,,,,,,,,,,,,,,,,,,,,,,,,,,,,,,,,,,,,,,,,,,,,,,,,,,,,,,,,,3,-3,,,,,,,,
building_consumer_electronics_industry,pmg_data_optimization_heavy_industry,pm_digital_data_on_premises_heavy_industry,other,construction_cost_modern,,,,,,,,,,,,,,,,,,,,,,,,,,,,,,,,,,,,,,,,,,,,,,,,,,,,,,,,,,,,,,,,,,,,,,,,,,,,,,,,,,10,,-3,,-1,,,,,,
building_consumer_electronics_industry,pmg_data_optimization_heavy_industry,pm_internet_data_reporting_heavy_industry,other,construction_cost_modern,,,,,,,,,,,,,,,,,,,,,,,,,,,,,,,,,,,,,,,,,,,,,,,,,,,,,,,,,,,,,,,,,,,,,,,,,,,,,,,,,,16,,-4,-2,-3,,,,,,
building_consumer_electronics_industry,pmg_data_optimization_heavy_industry,pm_internet_data_optimization_heavy_industry,other,construction_cost_modern,,,,,,,,,,,,,,,,,,,,,,,,,,,,,,,,,,,,,,,,,,,,,,,,,,,,,,,,,,,,,,,,,,,,,,,,,,,-1,,,,,,,16,,-6,-5,-4,,,,,,
building_copper_mine,pmg_mining_equipment_building_copper_mine,pm_picks_and_shovels_building_copper_mine,base,construction_cost_medium,,,,,,,,,,,,,,,,,,,,,,,,,,,,,,,,,,,-5,,,,,,,,,,,,,,,,,,,,,,,,,20,,,,,,,,,,,,,,,,,,,,,,,,,,,,,,,,
building_copper_mine,pmg_mining_equipment_building_copper_mine,pm_atmospheric_engine_pump_building_copper_mine,base,construction_cost_medium,,,,,,,,,,,,,,,,,,,,,,,,,-10,,,,,,,,,,-10,,,,,,,,,,,,,,,,,,,,,,,,,40,,,,,,,,,,,,,,,,,,,,,,,,,,,,,,,,
building_copper_mine,pmg_mining_equipment_building_copper_mine,pm_condensing_engine_pump_building_copper_mine,base,construction_cost_medium,,,,,,,,,,,,,,,,,,,,,,,,,-15,,,,,,,,,,-15,,,,,,,,,,,,,,,,,,,,,,,,,60,,,,,,,,,,,,,,,,,,,,,,,,,,,,,,,,
building_copper_mine,pmg_mining_equipment_building_copper_mine,pm_diesel_pump_building_copper_mine,base,construction_cost_medium,,,,,,,,,,,,,,,,,,,,,,,,,,,,,,,,,,,-20,,,,,,,,,,,,,,,,,,,,,,,,,85,,,,,,-3,,,,,,,,,,,,,,,,,,,,,,,,,,
building_copper_mine,pmg_mining_equipment_building_copper_mine,pm_electric_fueled_pump_building_copper_mine,base,construction_cost_medium,,,,,,,,,,,,,,,,,,-5,,,,,,,,,,,,,,,,,-20,,,,,,,,,,,,,,,,,,,,,,,,,105,,,,,,-5,,,,,-2,,,,,,,,,,,,,,,,,,,,,
building_copper_mine,pmg_mining_equipment_building_copper_mine,pm_heavy_machineries_building_copper_mine,base,construction_cost_medium,,,,,,,,,,,,,,,,,,-10,,,,,,,,,,,,,-5,,,,,,,,,,,,,,,,,,,,,,,,,,,,,130,,,,,,-5,,,,,-3,,,,,-7,,,,,,,,,,,,,,,,
building_copper_mine,pmg_mining_equipment_building_copper_mine,pm_autonomous_and_remote_ops_building_copper_mine,base,construction_cost_medium,,,,,,,,,,,,,,,,,,-10,,,,,,,,,,,,,-5,,,,,,,,,,,,,,,,,,,,,,,,,,,,,165,,,,,,-5,,,,,,-2,,,,-12,,,,,,,,,-10,,,,,,,
building_copper_mine,pmg_explosives_building_copper_mine,pm_no_explosives,base,construction_cost_medium,,,,,,,,,,,,,,,,,,,,,,,,,,,,,,,,,,,,,,,,,,,,,,,,,,,,,,,,,,,,,,,,,,,,,,,,,,,,,,,,,,,,,,,,,,,,
building_copper_mine,pmg_explosives_building_copper_mine,pm_nitroglycerin_building_copper_mine,base,construction_cost_medium,,,,,,,,,,,,,,,,,,,,,,,,,,,,,,,,,,,,-5,,,,,,,,,,,,,,,,,,,,,,,,12,,,,,,,,,,,,,,,,,,,,,,,,,,,,,,,,
building_copper_mine,pmg_explosives_building_copper_mine,pm_dynamite_building_copper_mine,base,construction_cost_medium,,,,,,,,,,,,,,,,,,,,,,,,,,,,,,,,,,,,-10,,,,,,,,,,,,,,,,,,,,,,,,20,,,,,,,,,,,,,,,,,,,,,,,,,,,,,,,,
building_copper_mine,pmg_explosives_building_copper_mine,pm_high_precision_blasting_building_copper_mine,base,construction_cost_medium,,,,,,,,,,,,,,,,,,,,,,,,,,,,,,,,,,,,-15,,,,,,,,,,,,,,,,,,,,,,,,40,,,,,,,,,-2,,,,,,,,,,,,,,,,-5,,,,,,,
building_copper_mine,pmg_steam_automation_building_copper_mine,pm_no_steam_automation,automation,construction_cost_medium,,,,,,,,,,,,,,,,,,,,,,,,,,,,,,,,,,,,,,,,,,,,,,,,,,,,,,,,,,,,,,,,,,,,,,,,,,,,,,,,,,,,,,,,,,,,
building_copper_mine,pmg_steam_automation_building_copper_mine,pm_steam_donkey_mine,automation,construction_cost_medium,,,,,,,,,,,,,,,,,,,,,,,,,-4,,,,,,-1,,,,,,,,,,,,,,,,,,,,,,,,,,,,,,,,,,,,,,,,,,,,,,,,,,,,,,,,,,,,,
building_copper_mine,pmg_steam_automation_building_copper_mine,pm_purification_mine,automation,construction_cost_medium,,,,,,,,,,,,,,,,,,,,,,,,,,,,,,,,,,,,,,,,,,,,,,,,,,,,,,,,,,,,,,,,,,,,,,,,,,,,,,,,,,,,,,,,,,,,
building_copper_mine,pmg_steam_automation_building_copper_mine,pm_hpgr_comminution,automation,construction_cost_medium,,,,,,,,,,,,,,,,,,5,,,,,,,,,,,,,,-1,,,,,,,,,,,,,,,,,,,,,,,,,,,,,,,,,,,,,,,,,,,,-1,,,,,,,,,,,,,,,,
building_copper_mine,pmg_train_automation_building_copper_mine,pm_road_carts,automation,construction_cost_medium,,,,,,,,,,,,,,,,,,,,,,,,,,,,,,,,,,,,,,,,,,,,,,,,,,,,,,,,,,,,,,,,,,,,,,,,,,,,,,,,,,,,,,,,,,,,
building_copper_mine,pmg_train_automation_building_copper_mine,pm_rail_transport_mine,automation,construction_cost_medium,,,,,,,,,,,,,,,,,-4,,,,,,,,,,,,,,,,,,,,,,,,,,,,,,,,,,,,,,,,,,,,,,,,,,,,,,,,,,,,,,,,,,,,,,,,,,,
building_copper_mine,pmg_train_automation_building_copper_mine,pm_multiway_transport_mine,automation,construction_cost_medium,,,,,,,,,,,,,,,,,-2,,,,,,,,,,,,,,,,,,,,,,,,,,,,,,-2,,,,,,,,,,,,,,,,,,,,,,,,,,,,,,,,,,,,,,,,,,,,,
building_copper_mine,pmg_data_optimization_primary_sector,pm_manual_data_reporting_primary_sector,other,construction_cost_medium,,,,,,,,,,,,,,,,,,,,,,,,,,,,,,,,,,,,,,,,,,,,,,,,,,,,,,,,,,,,,,,,,,,,,,,,,,,,,,,,,,,,,,,,,,,,
building_copper_mine,pmg_data_optimization_primary_sector,pm_manual_data_optimization_primary_sector,other,construction_cost_medium,,,,,,,,,,,,,,,-1,,,,,,,,,,,,,,,,,,,,,,,,,,,,,,,,,,,,,,,,,,,,,,,,,,,,,,,,,,,,,,,,,,,,,-1,,,,,,,,
building_copper_mine,pmg_data_optimization_primary_sector,pm_digital_data_optimization_primary_sector,other,construction_cost_medium,,,,,,,,,,,,,,,,,,,,,,,,,,,,,,,,,,,,,,,,,,,,,,,,,,,,,,,,,,,,,,,,,,,,,,,,,,,,,,,,,,,1,-3,,,,,,,,
building_copper_mine,pmg_data_optimization_primary_sector,pm_digital_data_on_premises_primary_sector,other,construction_cost_medium,,,,,,,,,,,,,,,,,,,,,,,,,,,,,,,,,,,,,,,,,,,,,,,,,,,,,,,,,,,,,,,,,,,,,,,,,,,,,,,,,,6,,-3,,-1,,,,,,
building_copper_mine,pmg_data_optimization_primary_sector,pm_internet_data_reporting_primary_sector,other,construction_cost_medium,,,,,,,,,,,,,,,,,,,,,,,,,,,,,,,,,,,,,,,,,,,,,,,,,,,,,,,,,,,,,,,,,,,,,,,,,,,,,,,,,,8,,-4,-1,-3,,,,,,
building_cotton_plantation,pmg_base_building_cotton_plantation,default_building_cotton_plantation,base,construction_cost_low,,,,,,,,,,45,,,,,,,,,,,,,,,,,,,,,,,,,,,,,,,,,,,,,,,,,,,,,,,,,,,,,,,,,,,,,,,,,,,,,,,,,,,,,,,,,,
building_cotton_plantation,pmg_base_building_cotton_plantation,automatic_irrigation_building_cotton_plantation,base,construction_cost_low,,,,,,,,,,80,,,,,,,,,,,,,,,,,,,,,-5,,,,,,,,,,,,,,,,,,,,,,,,,,,,,,,,,,,,,,,,,,,,,,,,,,,,,,,,,,,,,
building_cotton_plantation,pmg_base_building_cotton_plantation,advanced_plantation_methods_building_cotton_plantation,base,construction_cost_low,,,,,,,,,,160,,,,,,,,,,,,,,,,,,,,,-20,-5,,-5,,,,,,,,,,,,,,,,,,,,,,,,,,,,,,,,-2,,,,,,,,,,,,,,,,,,,,,,,,,,
building_cotton_plantation,pmg_base_building_cotton_plantation,drone_assisted_agriculture_building_cotton_plantation,base,construction_cost_low,,,,,,,,,,180,,,,,,,,-2,,,,,,,,,,,,,-20,,,-10,,,,,,,,,,,,,,,,,,,,,,,,,,,,,,,,,,,,,,,,,,-3,,,,,,,,,-8,,,,,,,
building_cotton_plantation,pmg_cotton_exploitation,default_labour,base,construction_cost_low,,,,,,,,,,,,,,,,,,,,,,,,,,,,,,,,,,,,,,,,,,,,,,,,,,,,,,,,,,,,,,,,,,,,,,,,,,,,,,,,,,,,,,,,,,,,
building_cotton_plantation,pmg_cotton_exploitation,slave_exploitation_cotton,base,construction_cost_low,,,,,,,,,,20,,,,,,,,,,,,,,,,,,,,,,,,,,,,,,,,,,,,,,,,,,,,,,,,,,,,,,,,,,,,,,,,,,,,,,,,,,,,,,,,,,
building_cotton_plantation,pmg_cotton_exploitation,worker_exploitation_cotton,base,construction_cost_low,,,,,,,,,,10,,,,,,,,,,,,,,,,,,,,,,,,,,,,,,,,,,,,,,,,,,,,,,,,,,,,,,,,,,,,,,,,,,,,,,,,,,,,,,,,,,
building_cotton_plantation,pmg_train_automation_building_cotton_plantation,pm_road_carts,automation,construction_cost_low,,,,,,,,,,,,,,,,,,,,,,,,,,,,,,,,,,,,,,,,,,,,,,,,,,,,,,,,,,,,,,,,,,,,,,,,,,,,,,,,,,,,,,,,,,,,
building_cotton_plantation,pmg_train_automation_building_cotton_plantation,pm_steam_rail_transport,automation,construction_cost_low,,,,,,,,,,,,,,,,,-5,,,,,,,,,,,,,,,,,,,,,,,,,,,,,,,,,,,,,,,,,,,,,,,,,,,,,,,,,,,,,,,,,,,,,,,,,,,
building_cotton_plantation,pmg_train_automation_building_cotton_plantation,pm_multiway_transport_plantation,automation,construction_cost_low,,,,,,,,,,,,,,,,,-2,,,,,,,,,,,,,,,,,,,,,,,,,,,,,,-2,,,,,,,,,,,,,,,,,,,,,,,,,,,,,,,,,,,,,,,,,,,,,
building_cotton_plantation,pmg_data_optimization_primary_sector,pm_manual_data_reporting_primary_sector,other,construction_cost_low,,,,,,,,,,,,,,,,,,,,,,,,,,,,,,,,,,,,,,,,,,,,,,,,,,,,,,,,,,,,,,,,,,,,,,,,,,,,,,,,,,,,,,,,,,,,
building_cotton_plantation,pmg_data_optimization_primary_sector,pm_manual_data_optimization_primary_sector,other,construction_cost_low,,,,,,,,,,,,,,,-1,,,,,,,,,,,,,,,,,,,,,,,,,,,,,,,,,,,,,,,,,,,,,,,,,,,,,,,,,,,,,,,,,,,,,-1,,,,,,,,
building_cotton_plantation,pmg_data_optimization_primary_sector,pm_digital_data_optimization_primary_sector,other,construction_cost_low,,,,,,,,,,,,,,,,,,,,,,,,,,,,,,,,,,,,,,,,,,,,,,,,,,,,,,,,,,,,,,,,,,,,,,,,,,,,,,,,,,,1,-3,,,,,,,,
building_cotton_plantation,pmg_data_optimization_primary_sector,pm_digital_data_on_premises_primary_sector,other,construction_cost_low,,,,,,,,,,,,,,,,,,,,,,,,,,,,,,,,,,,,,,,,,,,,,,,,,,,,,,,,,,,,,,,,,,,,,,,,,,,,,,,,,,6,,-3,,-1,,,,,,
building_cotton_plantation,pmg_data_optimization_primary_sector,pm_internet_data_reporting_primary_sector,other,construction_cost_low,,,,,,,,,,,,,,,,,,,,,,,,,,,,,,,,,,,,,,,,,,,,,,,,,,,,,,,,,,,,,,,,,,,,,,,,,,,,,,,,,,8,,-4,-1,-3,,,,,,
building_cristo_redentor,pmg_base_building_cristo_redentor,pm_default_building_cristo_redentor,base,construction_cost_monument,,,,,,,,,,,,,,,,,,,,,,,,,,,,,,,,,,,,,,,,,,,,,,,,,,,,,,,,,,,,,,,,,,,,,,,,,,,,,,,,,,,,,,,,,,,,
building_cristo_redentor,pmg_base_building_cristo_redentor,pm_monument_prestige_only,base,construction_cost_monument,,,,,,,,,,,,,,,,,,,,,,,,,,,,,,,,,,,,,,,,,,,,,,,,,,,,,,,,,,,,,,,,,,,,,,,,,,,,,,,,,,,,,,,,,,,,
building_cristo_redentor,pmg_base_building_cristo_redentor,pm_monument_no_effects,base,construction_cost_monument,,,,,,,,,,,,,,,,,,,,,,,,,,,,,,,,,,,,,,,,,,,,,,,,,,,,,,,,,,,,,,,,,,,,,,,,,,,,,,,,,,,,,,,,,,,,
building_datacenter_industry,pmg_base_building_datacenter,pm_local_data_storage_building_datacenter,base,construction_cost_monument,,,,,,,,,,,,,,,,,,-5,,,,,,,,,,,,,,,,,,,,,,,,,,,,,,,,,,,,,,,,,,,,,,,,,,,,,,,,,,,-1,,,,,-200,250,,-10,,,,,,,
building_datacenter_industry,pmg_base_building_datacenter,pm_cloud_storage_building_datacenter,base,construction_cost_monument,,,,,,,,,,,,,,,,,,-5,,,,,,,,,,,,,,,,,,,,,,,,,,,,,,,,,,,,,,,,,,,,,,,,,,,,,,,,,,,-2,,,,,-300,350,,-10,,,,,,,
building_datacenter_industry,pmg_automation_building_datacenter,pm_early_computer_server_building_datacenter,automation,construction_cost_monument,,,,,,,,,,,,,,,,,,,,,,,,,,,,,,,,,,,,,,,,,,,,,,,,,,,,,,,,,,,,,,,,,,,,,,,,,,,-2,,,,,,,,,,,,,,,,,
building_datacenter_industry,pmg_automation_building_datacenter,pm_mid_computer_server_building_datacenter,automation,construction_cost_monument,,,,,,,,,,,,,,,,,,,,,,,,,,,,,,,,,,,,,,,,,,,,,,,,,,,,,,,,,,,,,,,,,,,,,,,,,,,-5,,,,,,,50,,,,,,,,,,
building_datacenter_industry,pmg_data_transportation_building_datacenter,pm_local_network_building_datacenter,automation,construction_cost_monument,,,,,,,,,,,,,,,,,,,,,,,,,,,,,,,,,,,,,,,,,,,,,,,,,,,,,,,,,,,,,,,,,,,,,,,,,,,,,,,,,,,,,,,,,,,,
building_datacenter_industry,pmg_data_transportation_building_datacenter,pm_internet_building_datacenter,automation,construction_cost_monument,,,,,,,,,,,,,,,,,,,,,,,,,,,,,,,,,,,,,,,,,,,,,,,,,,,,,,,,,,,,,,,,,,,,,,,,,,,,,,,,,,50,,,-2,,,,,,,
building_dye_plantation,pmg_base_building_dye_plantation,default_building_dye_plantation,base,construction_cost_low,,,,,,,,,,,,,,,,,,,,,,,30,,,,,,,,,,,,,,,,,,,,,,,,,,,,,,,,,,,,,,,,,,,,,,,,,,,,,,,,,,,,,,,,,,,,,
building_dye_plantation,pmg_base_building_dye_plantation,automatic_irrigation_building_dye_plantation,base,construction_cost_low,,,,,,,,,,,,,,,,,,,,,,,45,,,,,,,,-5,,,,,,,,,,,,,,,,,,,,,,,,,,,,,,,,,,,,,,,,,,,,,,,,,,,,,,,,,,,,,
building_dye_plantation,pmg_base_building_dye_plantation,advanced_plantation_methods_building_dye_plantation,base,construction_cost_low,,,,,,,,,,,,,,,,,,,,,,,90,,,,,,,,-5,-2,,-3,,,,,,,,,,,,,,,,,,,,,,,,,,,,,,,,-1,,,,,,,,,,,,,,,,,,,,,,,,,,
building_dye_plantation,pmg_base_building_dye_plantation,drone_assisted_agriculture_building_dye_plantation,base,construction_cost_low,,,,,,,,,,,,,,,,,,,,,,,105,,,,,,,,-5,,,-3,,,,,,,,,,,,,,,,,,,,,,,,,,,,,,,,,,,,,,,,,,-3,,,,,,,,,-2,,,,,,,
building_dye_plantation,pmg_dye_exploitation,default_labour,base,construction_cost_low,,,,,,,,,,,,,,,,,,,,,,,,,,,,,,,,,,,,,,,,,,,,,,,,,,,,,,,,,,,,,,,,,,,,,,,,,,,,,,,,,,,,,,,,,,,,
building_dye_plantation,pmg_dye_exploitation,slave_exploitation_dye,base,construction_cost_low,,,,,,,,,,,,,,,,,,,,,,,15,,,,,,,,,,,,,,,,,,,,,,,,,,,,,,,,,,,,,,,,,,,,,,,,,,,,,,,,,,,,,,,,,,,,,
building_dye_plantation,pmg_dye_exploitation,worker_exploitation_dye,base,construction_cost_low,,,,,,,,,,,,,,,,,,,,,,,10,,,,,,,,,,,,,,,,,,,,,,,,,,,,,,,,,,,,,,,,,,,,,,,,,,,,,,,,,,,,,,,,,,,,,
building_dye_plantation,pmg_train_automation_building_dye_plantation,pm_road_carts,automation,construction_cost_low,,,,,,,,,,,,,,,,,,,,,,,,,,,,,,,,,,,,,,,,,,,,,,,,,,,,,,,,,,,,,,,,,,,,,,,,,,,,,,,,,,,,,,,,,,,,
building_dye_plantation,pmg_train_automation_building_dye_plantation,pm_steam_rail_transport,automation,construction_cost_low,,,,,,,,,,,,,,,,,-5,,,,,,,,,,,,,,,,,,,,,,,,,,,,,,,,,,,,,,,,,,,,,,,,,,,,,,,,,,,,,,,,,,,,,,,,,,,
building_dye_plantation,pmg_train_automation_building_dye_plantation,pm_multiway_transport_plantation,automation,construction_cost_low,,,,,,,,,,,,,,,,,-2,,,,,,,,,,,,,,,,,,,,,,,,,,,,,,-2,,,,,,,,,,,,,,,,,,,,,,,,,,,,,,,,,,,,,,,,,,,,,
building_dye_plantation,pmg_data_optimization_primary_sector,pm_manual_data_reporting_primary_sector,other,construction_cost_low,,,,,,,,,,,,,,,,,,,,,,,,,,,,,,,,,,,,,,,,,,,,,,,,,,,,,,,,,,,,,,,,,,,,,,,,,,,,,,,,,,,,,,,,,,,,
building_dye_plantation,pmg_data_optimization_primary_sector,pm_manual_data_optimization_primary_sector,other,construction_cost_low,,,,,,,,,,,,,,,-1,,,,,,,,,,,,,,,,,,,,,,,,,,,,,,,,,,,,,,,,,,,,,,,,,,,,,,,,,,,,,,,,,,,,,-1,,,,,,,,
building_dye_plantation,pmg_data_optimization_primary_sector,pm_digital_data_optimization_primary_sector,other,construction_cost_low,,,,,,,,,,,,,,,,,,,,,,,,,,,,,,,,,,,,,,,,,,,,,,,,,,,,,,,,,,,,,,,,,,,,,,,,,,,,,,,,,,,1,-3,,,,,,,,
building_dye_plantation,pmg_data_optimization_primary_sector,pm_digital_data_on_premises_primary_sector,other,construction_cost_low,,,,,,,,,,,,,,,,,,,,,,,,,,,,,,,,,,,,,,,,,,,,,,,,,,,,,,,,,,,,,,,,,,,,,,,,,,,,,,,,,,6,,-3,,-1,,,,,,
building_dye_plantation,pmg_data_optimization_primary_sector,pm_internet_data_reporting_primary_sector,other,construction_cost_low,,,,,,,,,,,,,,,,,,,,,,,,,,,,,,,,,,,,,,,,,,,,,,,,,,,,,,,,,,,,,,,,,,,,,,,,,,,,,,,,,,8,,-4,-1,-3,,,,,,
building_easter_island_heads,pmg_dummy,pm_dummy,other,,,,,,,,,,,,,,,,,,,,,,,,,,,,,,,,,,,,,,,,,,,,,,,,,,,,,,,,,,,,,,,,,,,,,,,,,,,,,,,,,,,,,,,,,,,,,
building_ecommerce_logistics,pmg_delivery_mode_building_ecommerce_logistics,pm_local_courier_network,base,construction_cost_modern,,,,,,,,,,,,,,,,,,,,,,,,,,,,,,,,,,,,,,,,,,,,,,,,-5,,,,,,,,,,,,,,,,,,,,,,,-3,,,,,-3,,,,,,,,,,,,,65,,,
building_ecommerce_logistics,pmg_delivery_mode_building_ecommerce_logistics,pm_platform_gig_delivery,base,construction_cost_modern,,,,,,,,,,,,,,,,,,,,,,,,,,,,,,,,,,,,,,,,,,,,,,,,-5,,,,,,,,,,,,,,,,,,,,,,,,,,,-4,-5,,,,,,,,,,,,,85,,,
building_ecommerce_logistics,pmg_delivery_mode_building_ecommerce_logistics,pm_integrated_retail_ecommerce,base,construction_cost_modern,,,,,,,,,,,,,,,,,,,,,,,,,,,,,,,,,,,,,,,,,,,,,,,,-5,,,,,,,,,,,,,,,,,,,,,,,,,,,-4,-8,,,,,,,,,,-5,,,105,,,
building_ecommerce_logistics,pmg_fulfilment_model_building_ecommerce_logistics,pm_light_store_pickup,other,construction_cost_modern,,,,,,,,,,,,-15,-6,,,,,,,,,,,,,,,,,,,,,,,,,,,,,,,,,,,,,,,,,,-4,,,,,,,,,,,,,,,,,,,,,,,,,,,,,,,,,-4,,,,
building_ecommerce_logistics,pmg_fulfilment_model_building_ecommerce_logistics,pm_heavy_centralized_fulfilment,other,construction_cost_modern,,,,,,,,,,,,,,-2,,,,,,,,,,,,,,,,,,,,,,,,,,,,,,,,,,-4,,,,,,,,,,,,,,,,,,,,,,,,,-2,-2,-2,,,,,,,,,,,,,,,,,
building_ecommerce_logistics,pmg_fulfilment_model_building_ecommerce_logistics,pm_mixed_robotic_microfulfilment,other,construction_cost_modern,,,,,,,,,,,,-1,-4,-1,,,,,,,,,,,,,,,,,,,,,,,,,,,,,,,,,,-3,,,,,,,-3,,,,,,,,,,,,,,,,,,-1,-1,-1,,,,,,,,,,,,,-3,,,,
building_ecommerce_logistics,pmg_automation_building_ecommerce_logistics,pm_advanced_assembly_lines_building_ecommerce_logistics,automation,construction_cost_modern,,,,,,,,,,,,,,,,,,-5,,,,,,,,,,,,,,,,,-5,,,,,,,,,,,,,,,,,,,,,,,,,,,,,,,,-2,,,,,,,,,,,,,,,,,,,,,,,,,
building_ecommerce_logistics,pmg_automation_building_ecommerce_logistics,pm_robotic_building_ecommerce_logistics,automation,construction_cost_modern,,,,,,,,,,,,,,,,,,-5,,,,,,,,,,,,,,,,,,,,,,,,,,,,,,,,,,,,,,,,,,,,,,,,,-2,,,,,-2,,,,,,,,,,,,,,,,,,,,
building_ecommerce_logistics,pmg_automation_building_ecommerce_logistics,pm_iot_building_ecommerce_logistics,automation,construction_cost_modern,,,,,,,,,,,,,,,,,,-5,,,,,,,,,,,,,,,,,,,,,,,,,,,,,,,,,,,,,,,,,,,,,,,,,-1,,,,,-2,,,,,,,,,,,,,-5,,,,,,,
building_ecommerce_logistics,pmg_transport_building_ecommerce_logistics,pm_bike_scooter_transportation,automation,construction_cost_modern,,,,,,,,,,,,,,,,,-15,,,,,,,,,,,,,,,,,,,,,,,,,,,,,,-1,,,,,,,,,,,,,,,,,,,,,,,,,,,,,,,,,,,,,,,,,,,,,
building_ecommerce_logistics,pmg_transport_building_ecommerce_logistics,pm_drone_last_mile,automation,construction_cost_modern,,,,,,,,,,,,,,,,,-15,,,,,,,,,,,,,,,,,,,,,,,,,,,,,,-1,,,,,,,,,,,,,,,,,,,,,,,,,,,,,-2,,,,,,,,,,,,,,,,
building_ecommerce_logistics,pmg_transport_building_ecommerce_logistics,pm_truck_van_transportation,automation,construction_cost_modern,,,,,,,,,,,,,,,,,-20,,,,,,,,,,,,,,,,,,,,,,,,,,,,,,-3,,,,,,,,,,,,,,,,,,,,,,,,,,,,,,,,,,,,,,,,,,,,,
building_ecommerce_logistics,pmg_data_optimization_building_ecommerce_logistics,pm_manual_data_reporting_heavy_industry,other,construction_cost_modern,,,,,,,,,,,,,,,,,,,,,,,,,,,,,,,,,,,,,,,,,,,,,,,,,,,,,,,,,,,,,,,,,,,,,,,,,,,,,,,,,,,1,,,,,,,,,
building_ecommerce_logistics,pmg_data_optimization_building_ecommerce_logistics,pm_manual_data_optimization_heavy_industry,other,construction_cost_modern,,,,,,,,,,,,,,,-1,,,,,,,,,,,,,,,,,,,,,,,,,,,,,,,,,,,,,,,,,,,,,,,,,,,,,,,,,,,,,,,,,,,,1,-1,,,,,,,,
building_ecommerce_logistics,pmg_data_optimization_building_ecommerce_logistics,pm_digital_data_optimization_heavy_industry,other,construction_cost_modern,,,,,,,,,,,,,,,,,,,,,,,,,,,,,,,,,,,,,,,,,,,,,,,,,,,,,,,,,,,,,,,,,,,,,,,,,,,,,,,,,,,3,-3,,,,,,,,
building_ecommerce_logistics,pmg_data_optimization_building_ecommerce_logistics,pm_internet_data_reporting_heavy_industry,other,construction_cost_modern,,,,,,,,,,,,,,,,,,,,,,,,,,,,,,,,,,,,,,,,,,,,,,,,,,,,,,,,,,,,,,,,,,,,,,,,,,,,,,,,,,16,,-4,-2,-3,,,,,,
building_ecommerce_logistics,pmg_data_optimization_building_ecommerce_logistics,pm_internet_data_algorithmic_dispatch_heavy_industry,other,construction_cost_modern,,,,,,,,,,,,,,,,,,,,,,,,,,,,,,,,,,,,,,,,,,,,,,,,,,,,,,,,,,,,,,,,,,,,,,,,,,,-1,,,,,,,16,,-6,-5,-4,,,,,,
building_eiffel_tower,pmg_base_building_eiffel_tower,pm_default_building_eiffel_tower,base,construction_cost_monument,,,,,,,,,,,,,,,,,,,,,,,,,,,,,,,,,,,,,,,,,,,,,,,,,,,,,,,,,,,,,,,,,,,,,,,,,,,,,,,,,,,,,,,,,,,,
building_eiffel_tower,pmg_base_building_eiffel_tower,pm_monument_prestige_only,base,construction_cost_monument,,,,,,,,,,,,,,,,,,,,,,,,,,,,,,,,,,,,,,,,,,,,,,,,,,,,,,,,,,,,,,,,,,,,,,,,,,,,,,,,,,,,,,,,,,,,
building_eiffel_tower,pmg_base_building_eiffel_tower,pm_monument_no_effects,base,construction_cost_monument,,,,,,,,,,,,,,,,,,,,,,,,,,,,,,,,,,,,,,,,,,,,,,,,,,,,,,,,,,,,,,,,,,,,,,,,,,,,,,,,,,,,,,,,,,,,
building_electrics_industry,pmg_telephones_category,pm_telephones,base,construction_cost_very_high,,,,,,,,,,,,,,,,,,-10,,,,,,,,,-15,,-10,,,,,,-10,,,,,,,,,,,,,55,,,,,,,,,,,,,,,,,,,,,,,,,,,,,,,,,,,,,-15,,,,,,,
building_electrics_industry,pmg_telephones_category,pm_bakelite_telephones,base,construction_cost_very_high,,,,,,,,,,,,,,,,,,-15,,,,,,,,,-15,,,,,,,,-5,,,,,,,,,,,,,80,,,,,,,,,,,,,,,,,-15,,,,,,-10,,,,,,,,,,,,,,-15,,,,,,,
building_electrics_industry,pmg_telephones_category,pm_touch_tone_telephones,base,construction_cost_very_high,,,,,,,,,,,,,,,,,,-20,,,,,,,,,-10,,,,,,,,-5,,,,,,,,,,,,,100,,,,,,,,,,,,,,,,,-15,,,,,,-20,,,,,,,,,,,,,,-15,,,,,,,
building_electrics_industry,pmg_telephones_category,pm_cell_phones,base,construction_cost_very_high,,,,,,,,,,,,,,,,,,-30,,,,,,,,,,,,,,,,,,,,,,,,,,,,,,125,,,,,,,,,,,,,,,,,-15,,,,,-15,,-10,,,,,,,,,,,,,-25,-5,,,,,,
building_electrics_industry,pmg_telephones_category,pm_smartphones,base,construction_cost_very_high,,,,,,,,,,,,,,,,,,-30,,,,,,,,,,,,,,,,,,,,,,,,,,,,,,155,,,,,,,,,,,,,,,,,-10,,,,,-20,,-15,,,,,,,,,,,,,-30,-10,,,,,,
building_electrics_industry,pmg_radios_category,pm_no_radios,refining,construction_cost_very_high,,,,,,,,,,,,,,,,,,,,,,,,,,,,,,,,,,,,,,,,,,,,,,,,,,,,,,,,,,,,,,,,,,,,,,,,,,,,,,,,,,,,,,,,,,,,
building_electrics_industry,pmg_radios_category,pm_radios,refining,construction_cost_very_high,,,,,,,,,,,,,,,,,,,,,,,,,,,,,,,,-10,,,,,,,,,,,,,,,,-35,55,,,,,,-5,,,,,,,,,,,,,,,,,,,,,,,,,,,,,,-10,,,,,,,
building_electrics_industry,pmg_radios_category,pm_transistor_radios,refining,construction_cost_very_high,,,,,,,,,,,,,,,,,,,,,,,,,,,,,,,,-15,,,,,,,,,,,,,,,,-40,75,,,,,,-7,,,,,,,,,,,,,,,,,,,,,,,,,,,,,,-25,,,,,,,
building_electrics_industry,pmg_radios_category,pm_digital_sound_devices,refining,construction_cost_very_high,,,,,,,,,,,,,,,,,,,,,,,,,,,,,,,,-20,,,,,,,,,,,,,,,,-45,95,,,,,,-10,,,,,,,,,,,,,,,,,,,,,,,,,,,,,,-30,-5,,,,,,
building_electrics_industry,pmg_automation_building_electrics_industry,pm_automation_disabled,automation,construction_cost_very_high,,,,,,,,,,,,,,,,,,,,,,,,,,,,,,,,,,,,,,,,,,,,,,,,,,,,,,,,,,,,,,,,,,,,,,,,,,,,,,,,,,,,,,,,,,,,
building_electrics_industry,pmg_automation_building_electrics_industry,pm_assembly_lines_building_electrics_industry,automation,construction_cost_very_high,,,,,,,,,,,,,,,,,,-5,,,,,,,,,,,,,,,,,-5,,,,,,,,,,,,,,,,,,,,,,,,,,,,,,,,-3,,,,,,,,,,,,,,,,,,,,,,,,,
building_electrics_industry,pmg_automation_building_electrics_industry,pm_advanced_assembly_lines_building_electrics_industry,automation,construction_cost_very_high,,,,,,,,,,,,,,,,,,-5,,,,,,,,,,,,,,,,,-3,,,,,,,,,,,,,,,,,,,,,,,,,,,,,,,,-3,,,,,,,,,-2,,,,,,,,,,,,,,,,
building_electrics_industry,pmg_automation_building_electrics_industry,pm_robotic_building_electrics_industry,automation,construction_cost_very_high,,,,,,,,,,,,,,,,,,-5,,,,,,,,,,,,,,,,,,,,,,,,,,,,,,,,,,,,,,,,,,,,,,,,,-2,,,,,-1,,,,-3,,,,,,,,,,,,,,,,
building_electrics_industry,pmg_automation_building_electrics_industry,pm_iot_building_electrics_industry,automation,construction_cost_very_high,,,,,,,,,,,,,,,,,,-5,,,,,,,,,,,,,,,,,,,,,,,,,,,,,,,,,,,,,,,,,,,,,,,,,-1,,,,,-1,,,,-3,,,,,,,,,-5,,,,,,,
building_electrics_industry,pmg_data_optimization_heavy_industry,pm_manual_data_reporting_heavy_industry,other,construction_cost_very_high,,,,,,,,,,,,,,,,,,,,,,,,,,,,,,,,,,,,,,,,,,,,,,,,,,,,,,,,,,,,,,,,,,,,,,,,,,,,,,,,,,,1,,,,,,,,,
building_electrics_industry,pmg_data_optimization_heavy_industry,pm_manual_data_optimization_heavy_industry,other,construction_cost_very_high,,,,,,,,,,,,,,,-1,,,,,,,,,,,,,,,,,,,,,,,,,,,,,,,,,,,,,,,,,,,,,,,,,,,,,,,,,,,,,,,,,,,,1,-1,,,,,,,,
building_electrics_industry,pmg_data_optimization_heavy_industry,pm_digital_data_optimization_heavy_industry,other,construction_cost_very_high,,,,,,,,,,,,,,,,,,,,,,,,,,,,,,,,,,,,,,,,,,,,,,,,,,,,,,,,,,,,,,,,,,,,,,,,,,,,,,,,,,,3,-3,,,,,,,,
building_electrics_industry,pmg_data_optimization_heavy_industry,pm_digital_data_on_premises_heavy_industry,other,construction_cost_very_high,,,,,,,,,,,,,,,,,,,,,,,,,,,,,,,,,,,,,,,,,,,,,,,,,,,,,,,,,,,,,,,,,,,,,,,,,,,,,,,,,,10,,-3,,-1,,,,,,
building_electrics_industry,pmg_data_optimization_heavy_industry,pm_internet_data_reporting_heavy_industry,other,construction_cost_very_high,,,,,,,,,,,,,,,,,,,,,,,,,,,,,,,,,,,,,,,,,,,,,,,,,,,,,,,,,,,,,,,,,,,,,,,,,,,,,,,,,,16,,-4,-2,-3,,,,,,
building_electrics_industry,pmg_data_optimization_heavy_industry,pm_internet_data_optimization_heavy_industry,other,construction_cost_very_high,,,,,,,,,,,,,,,,,,,,,,,,,,,,,,,,,,,,,,,,,,,,,,,,,,,,,,,,,,,,,,,,,,,,,,,,,,,-1,,,,,,,16,,-6,-5,-4,,,,,,
building_electronics_industry,pmg_base_building_copperwires,pm_basic_copperwires,base,construction_cost_very_high,,,,,,,,,,,,,,,,,,,,,,,,,,,,,,,,,,,-5,,,,,,,,,,,,,,,,,,,,,,,,,-40,,,,,,,,,55,,,,,,,,,,,,,,,,,,,,,,,
building_electronics_industry,pmg_base_building_copperwires,pm_cabled_copperwires,base,construction_cost_very_high,,,,,,,,,,,,,,,,,,,,,,,,,,,,,-10,,,,,,-5,,,,,,,,,,,,,,,,,,,,,,,,,-40,,,,,,,,,75,,,,,,,,,,,,,,,,,,,,,,,
building_electronics_industry,pmg_base_building_copperwires,pm_advanced_copperwires,base,construction_cost_very_high,,,,,,,,,,,,,,,,,,,,,,,,,,,,,-5,,,,,,-5,,,,,,,,,,,,,,,,,,,,,,,,,-40,,,,,-10,,,,85,,,,,,,,,,,,,,,,,,,,,,,
building_electronics_industry,pmg_base_building_copperwires,pm_electronic_grade_wires,base,construction_cost_very_high,,,,,,,,,,,,,,,,,,,,,,,,,,,,,-5,,,,-10,,,,,,,,,,,,,,,,,,,,,,,,,,,-40,,-5,,,-10,,,,110,,,,,,,,,,,,,,,,,,,,,,,
building_electronics_industry,pmg_base_building_electroniccomponents,pm_no_electroniccomponents_production,base,construction_cost_very_high,,,,,,,,,,,,,,,,,,,,,,,,,,,,,,,,,,,,,,,,,,,,,,,,,,,,,,,,,,,,,,,,,,,,,,,,,,,,,,,,,,,,,,,,,,,,
building_electronics_industry,pmg_base_building_electroniccomponents,pm_vacuum_tube,base,construction_cost_very_high,,,,,,,,,,,,,,,,,,,,,,,,,-5,,-5,,,,,-5,-25,,,,,,,,,,,,,,,,,,,,,,,,,,-10,,,,,,,,,,-25,,50,,,,,,,,,,,,,,,,,,,,,
building_electronics_industry,pmg_base_building_electroniccomponents,pm_transistor,base,construction_cost_very_high,,,,,,,,,,,,,,,,,,-20,,,,,,,,,,,,,,,,,,,,,,,,,,,,,,,,,,,,,,,,,-20,,,-10,,,,,,,-30,,65,,,,,,,,,,,,,,,,,,,,,
building_electronics_industry,pmg_base_building_electroniccomponents,pm_integrated_transistor,base,construction_cost_very_high,,,,,,,,,,,,,,,,,,-25,,,,,,,,,,,,,,,,,,,,,,,,,,,,,,,,,,,,,,,,,-20,,,-15,,,,,,,-50,,90,,,,,,,,,,,,,,,,,,,,,
building_electronics_industry,pmg_base_building_electroniccomponents,pm_nano_transistor,base,construction_cost_very_high,,,,,,,,,,,,,,,,,,-30,,,,,,,,,,,,,,,,,,,,,,,,,,,,,,,,,,,,,,,,,-15,,,-15,-25,,,,,,-65,,120,,,,,,,,,,,,,,,,,,,,,
building_electronics_industry,pmg_automation_building_electronics_plant,pm_automation_disabled,automation,construction_cost_very_high,,,,,,,,,,,,,,,,,,,,,,,,,,,,,,,,,,,,,,,,,,,,,,,,,,,,,,,,,,,,,,,,,,,,,,,,,,,,,,,,,,,,,,,,,,,,
building_electronics_industry,pmg_automation_building_electronics_plant,pm_watertube_boiler_building_electronics_plant,automation,construction_cost_very_high,,,,,,,,,,,,,,,,,,,,,,,,,-5,,,,,,,,,,-5,,,,,,,,,,,,,,,,,,,,,,,,,,,,,,,,,,,,,,,,,,,,,,,,,,,,,,,,,
building_electronics_industry,pmg_automation_building_electronics_plant,pm_rotary_valve_engine_building_electronics_plant,automation,construction_cost_very_high,,,,,,,,,,,,,,,,,,,,,,,,,-10,,,,,,,,,,-5,,,,,,,,,,,,,,,,,,,,,,,,,,,,,,,,,,,,,,,,,,,,,,,,,,,,,,,,,
building_electronics_industry,pmg_automation_building_electronics_plant,pm_assembly_lines_building_electronics_plant,automation,construction_cost_very_high,,,,,,,,,,,,,,,,,,-5,,,,,,,,,,,,,,,,,-5,,,,,,,,,,,,,,,,,,,,,,,,,,,,,,,,-3,,,,,,,,,,,,,,,,,,,,,,,,,
building_electronics_industry,pmg_automation_building_electronics_plant,pm_automatic_printed_circuit_board_building_electronics_plant,automation,construction_cost_very_high,,,,,,,,,,,,,,,,,,-5,,,,,,,,,,,,,,,,,,,,,,,,,,,,,,,,,,,,,,,,,,,,,,,,,,,,,,-3,,,,-5,,,,,,,,,,,,,,,,
building_electronics_industry,pmg_data_optimization_heavy_industry,pm_manual_data_reporting_heavy_industry,other,construction_cost_very_high,,,,,,,,,,,,,,,,,,,,,,,,,,,,,,,,,,,,,,,,,,,,,,,,,,,,,,,,,,,,,,,,,,,,,,,,,,,,,,,,,,,1,,,,,,,,,
building_electronics_industry,pmg_data_optimization_heavy_industry,pm_manual_data_optimization_heavy_industry,other,construction_cost_very_high,,,,,,,,,,,,,,,-1,,,,,,,,,,,,,,,,,,,,,,,,,,,,,,,,,,,,,,,,,,,,,,,,,,,,,,,,,,,,,,,,,,,,1,-1,,,,,,,,
building_electronics_industry,pmg_data_optimization_heavy_industry,pm_digital_data_optimization_heavy_industry,other,construction_cost_very_high,,,,,,,,,,,,,,,,,,,,,,,,,,,,,,,,,,,,,,,,,,,,,,,,,,,,,,,,,,,,,,,,,,,,,,,,,,,,,,,,,,,3,-3,,,,,,,,
building_electronics_industry,pmg_data_optimization_heavy_industry,pm_digital_data_on_premises_heavy_industry,other,construction_cost_very_high,,,,,,,,,,,,,,,,,,,,,,,,,,,,,,,,,,,,,,,,,,,,,,,,,,,,,,,,,,,,,,,,,,,,,,,,,,,,,,,,,,10,,-3,,-1,,,,,,
building_electronics_industry,pmg_data_optimization_heavy_industry,pm_internet_data_reporting_heavy_industry,other,construction_cost_very_high,,,,,,,,,,,,,,,,,,,,,,,,,,,,,,,,,,,,,,,,,,,,,,,,,,,,,,,,,,,,,,,,,,,,,,,,,,,,,,,,,,16,,-4,-2,-3,,,,,,
building_electronics_industry,pmg_data_optimization_heavy_industry,pm_internet_data_optimization_heavy_industry,other,construction_cost_very_high,,,,,,,,,,,,,,,,,,,,,,,,,,,,,,,,,,,,,,,,,,,,,,,,,,,,,,,,,,,,,,,,,,,,,,,,,,,-1,,,,,,,16,,-6,-5,-4,,,,,,
building_elgar_opera,pmg_entertainment_type,local_plays_pm,base,construction_cost_high,,,,,,,,,,-25,,-5,-5,-5,,,,,,,,,,,,,,,,,,,,,,,,,,,,,,,,,,,,,,,,15,,,,,,,,,,,,,,,,,,,,,,,,,,,,,,,,,,,,,,
building_elgar_opera,pmg_entertainment_type,classic_plays_pm,base,construction_cost_high,,,,,,,,,,,,-5,-5,-5,,,,,,,,,,,,,,,,,,,,,,,,,,,,,,,,,,,,-5,,,,20,,-10,,,,,,,,,,,,,,,,,,,,,,,,,,,,,,,,,,,,
building_elgar_opera,pmg_entertainment_type,modern_productions_pm,base,construction_cost_high,,,,,,,,,,,,-5,-5,-5,,,,,,,,,,,,,,,,,,,,,,,,,,,,,,,,,,,-5,-10,,,,25,,,,,,,,,,,,,,,,,,,,,,,,,,,,,,,,,,,,,,
building_elgar_opera,pmg_entertainment_type,silent_films,base,construction_cost_high,,,,,,,,,,,,-5,,-5,,,,-6,,,,,,,,,,,,,,,,,,,,,,,,,,,,,,,,,,,,15,-3,-5,,,,,,,,,,,,,,,,,,,,,,,,,,,,,,,,,,,,
building_elgar_opera,pmg_entertainment_type,celluloide_films,base,construction_cost_high,,,,,,,,,,,,-5,,-5,,,,-10,,,,,,,,,,,,,,,,,,,,,,,,,,,,,,,-5,,,,,25,-5,,,,,,,,,,-5,,,,,,,,,,,,,,,,,,,,,,,,,,,
building_elgar_opera,pmg_entertainment_type,blockbuster_films,base,construction_cost_high,,,,,,,,,,,,-5,,-5,,,,-10,,,,,,,,,,,,,,,,,,,,,,,,,,,,,,,,,,,,35,-10,,,,,,,,,,-5,,,,,,,,,-5,,,,,,,,,,,,,,,,,,
building_elgar_opera,pmg_elgar_orchestra,pm_elgar_classical_orchestra,other,construction_cost_high,,,,,,,,,,,,,,,,,,,,,,,,,,,,,,,,,,,,,,,,,,,,,,,,,,,,,1,7,,-15,,,,,,,,,,,,,,,,,,,,,,,,,,,,,,,,,,,,
building_elgar_opera,pmg_elgar_orchestra,pm_elgar_early_romantic_orchestra,other,construction_cost_high,,,,,,,,,,,,,,,,,,,,,,,,,,,,,,,,,,,,,,,,,,,,,,,,,,,,,2,10,,-25,,,,,,,,,,,,,,,,,,,,,,,,,,,,,,,,,,,,
building_elgar_opera,pmg_elgar_orchestra,pm_elgar_mid_romantic_orchestra,other,construction_cost_high,,,,,,,,,,,,,,,,,,,,,,,,,,,,,,,,,,,,,,,,,,,,,,,,,,,,,2,13,,-30,,,,,,,,,,,,,,,,,,,,,,,,,,,,,,,,,,,,
building_elgar_opera,pmg_elgar_orchestra,pm_elgar_late_romantic_orchestra,other,construction_cost_high,,,,,,,,,,,,,,,,,,,,,,,,,,,,,,,,,,,,,,,,,,,,,,,,,,,,,3,14,,-35,,,,,,,,,,,,,,,,,,,,,,,,,,,,,,,,,,,,
building_elgar_opera,pmg_elgar_orchestra,pm_elgar_jazz_band,other,construction_cost_high,,,,,,,,,,,,,,,,,,,,,,,,,,,,,,,,,,,,,,,,,,,,,,,,,,,,,3,18,,-40,,,,,,,,,,,,,,,,,,,,,,,,,,,,,,,,,,,,
building_elgar_opera,pmg_elgar_orchestra,pm_elgar_rock_band,other,construction_cost_high,,,,,,,,,,,,,,,,,,-5,,,,,,,,,,,,,,,,,,,,,,,,,,,,,,,,,,,3,25,,-45,,,,,,,,,,,,,,,,,,,,,,,,,,,,,,,,,,,,
building_elgar_opera,pmg_elgar_ballet_school,pm_elgar_no_ballet,other,construction_cost_high,,,,,,,,,,,,,,,,,,,,,,,,,,,,,,,,,,,,,,,,,,,,,,,,,,,,,,,,,,,,,,,,,,,,,,,,,,,,,,,,,,,,,,,,,,,,
building_elgar_opera,pmg_elgar_ballet_school,pm_elgar_classic_ballet,other,construction_cost_high,,,,,,,,,,,,,,,,,,,,,,,,,,,,,,,,,,,,,,,,,,,,,,,,,,,,,,,,,,,,,,,,,,,,,,,,,,,,,,,,,,,,,,,,,,,,
building_elgar_opera,pmg_elgar_ballet_school,pm_elgar_expressionistic_ballet,other,construction_cost_high,,,,,,,,,,,,,,,,,,,,,,,,,,,,,,,,,,,,,,,,,,,,,,,,,,,,,,,,,,,,,,,,,,,,,,,,,,,,,,,,,,,,,,,,,,,,
building_elgar_opera,pmg_elgar_ballet_school,pm_elgar_swing_ballet,other,construction_cost_high,,,,,,,,,,,,,,,,,,,,,,,,,,,,,,,,,,,,,,,,,,,,,,,,,,,,,,,,,,,,,,,,,,,,,,,,,,,,,,,,,,,,,,,,,,,,
building_elgar_opera,pmg_elgar_ballet_school,pm_elgar_modern_ballet,other,construction_cost_high,,,,,,,,,,,,,,,,,,,,,,,,,,,,,,,,,,,,,,,,,,,,,,,,,,,,,,,,,,,,,,,,,,,,,,,,,,,,,,,,,,,,,,,,,,,,
building_elgar_opera,pmg_data_optimization_light_industry,pm_manual_data_reporting_light_industry,other,construction_cost_high,,,,,,,,,,,,,,,,,,,,,,,,,,,,,,,,,,,,,,,,,,,,,,,,,,,,,,,,,,,,,,,,,,,,,,,,,,,,,,,,,,,1,,,,,,,,,
building_elgar_opera,pmg_data_optimization_light_industry,pm_manual_data_optimization_light_industry,other,construction_cost_high,,,,,,,,,,,,,,,-1,,,,,,,,,,,,,,,,,,,,,,,,,,,,,,,,,,,,,,,,,,,,,,,,,,,,,,,,,,,,,,,,,,,,1,-1,,,,,,,,
building_elgar_opera,pmg_data_optimization_light_industry,pm_digital_data_optimization_light_industry,other,construction_cost_high,,,,,,,,,,,,,,,,,,,,,,,,,,,,,,,,,,,,,,,,,,,,,,,,,,,,,,,,,,,,,,,,,,,,,,,,,,,,,,,,,,,2,-3,,,,,,,,
building_elgar_opera,pmg_data_optimization_light_industry,pm_digital_data_on_premises_light_industry,other,construction_cost_high,,,,,,,,,,,,,,,,,,,,,,,,,,,,,,,,,,,,,,,,,,,,,,,,,,,,,,,,,,,,,,,,,,,,,,,,,,,,,,,,,,8,,-3,,-1,,,,,,
building_elgar_opera,pmg_data_optimization_light_industry,pm_internet_data_reporting_light_industry,other,construction_cost_high,,,,,,,,,,,,,,,,,,,,,,,,,,,,,,,,,,,,,,,,,,,,,,,,,,,,,,,,,,,,,,,,,,,,,,,,,,,,,,,,,,12,,-4,-2,-3,,,,,,
building_elgar_opera,pmg_data_optimization_light_industry,pm_internet_data_optimization_light_industry,other,construction_cost_high,,,,,,,,,,,,,,,,,,,,,,,,,,,,,,,,,,,,,,,,,,,,,,,,,,,,,,,,,,,,,,,,,,,,,,,,,,,-1,,,,,,,12,,-6,-5,-4,,,,,,
building_estacion_de_madrid_atocha,pmg_base_building_estacion_de_madrid_atocha,pm_default_building_estacion_de_madrid_atocha,base,construction_cost_monument,,,,,,,,,,,,,,,,,,,,,,,,,,,,,,,,,,,,,,,,,,,,,,,,,,,,,,,,,,,,,,,,,,,,,,,,,,,,,,,,,,,,,,,,,,,,
building_estacion_de_madrid_atocha,pmg_base_building_estacion_de_madrid_atocha,pm_monument_prestige_only,base,construction_cost_monument,,,,,,,,,,,,,,,,,,,,,,,,,,,,,,,,,,,,,,,,,,,,,,,,,,,,,,,,,,,,,,,,,,,,,,,,,,,,,,,,,,,,,,,,,,,,
building_estacion_de_madrid_atocha,pmg_base_building_estacion_de_madrid_atocha,pm_monument_no_effects,base,construction_cost_monument,,,,,,,,,,,,,,,,,,,,,,,,,,,,,,,,,,,,,,,,,,,,,,,,,,,,,,,,,,,,,,,,,,,,,,,,,,,,,,,,,,,,,,,,,,,,
building_explosives_factory,pmg_explosives_building_chemical_plant,pm_leblanc_process,base,construction_cost_very_high,,,,,,,,,,,,,,,,,,,,,,,,-20,,,,,,,,,,-20,,50,,,,,,,,,,,,,,,,,,,,,,,,,,,,,,,,,,,,,,,,,,,,,,,,,,,,,,,,
building_explosives_factory,pmg_explosives_building_chemical_plant,pm_ammonia-soda_process,base,construction_cost_very_high,,,,,,,,,,,,,,,,,,,,,,,,,,,,,,,,,,,,,,,,,,,,,,,,,,,,,,,,,,,,,,,,,,,,,,,,,,,,,,,,,,,,,,,,,,,,
building_explosives_factory,pmg_explosives_building_chemical_plant,pm_vacuum_evaporation,base,construction_cost_very_high,,,,,,,,,,,,,,,-20,,,,,,,,,-40,,,,,,,,,,-40,,110,,,,,,,,,,,,,,,,,,,,,,,,,,,,,,,,,,,,,,,,,,,,,,,,,,,,,,,,
building_explosives_factory,pmg_explosives_building_chemical_plant,pm_brine_electrolysis,base,construction_cost_very_high,,,,,,,,,,,,,,,-20,,,-20,,,,,,-40,,,,,,,,,,-50,,150,,,,,,,,,,,,,,,,,,,,,,,,,,,,,,,,,,,,,,,,,-6,,,,,,,,,,,,,,,
building_explosives_factory,pmg_explosives_factory_automation,pm_automation_disabled,automation,construction_cost_very_high,,,,,,,,,,,,,,,,,,,,,,,,,,,,,,,,,,,,,,,,,,,,,,,,,,,,,,,,,,,,,,,,,,,,,,,,,,,,,,,,,,,,,,,,,,,,
building_explosives_factory,pmg_explosives_factory_automation,pm_basic_electric_control_building_explosives_factory,automation,construction_cost_very_high,,,,,,,,,,,,,,,,,,-2,,,,,,,,,,,,,,,,,-3,,,,,,,,,,,,,,,,,,,,,,,,,,,,,,,,,,,,-5,,,,,,,,,,,,,,,,,,,,,
building_explosives_factory,pmg_explosives_factory_automation,pm_advanced_electric_control_building_explosives_factory,automation,construction_cost_very_high,,,,,,,,,,,,,,,,,,-2,,,,,,,,,,,,,,,,,,,,,,,,,,,,,,,,,,,,,,,,,,,,,,,,,,,,,,-2,,,,-3,,,,,,,,,,,,,,,,
building_explosives_factory,pmg_data_optimization_heavy_industry,pm_manual_data_reporting_heavy_industry,other,construction_cost_very_high,,,,,,,,,,,,,,,,,,,,,,,,,,,,,,,,,,,,,,,,,,,,,,,,,,,,,,,,,,,,,,,,,,,,,,,,,,,,,,,,,,,1,,,,,,,,,
building_explosives_factory,pmg_data_optimization_heavy_industry,pm_manual_data_optimization_heavy_industry,other,construction_cost_very_high,,,,,,,,,,,,,,,-1,,,,,,,,,,,,,,,,,,,,,,,,,,,,,,,,,,,,,,,,,,,,,,,,,,,,,,,,,,,,,,,,,,,,1,-1,,,,,,,,
building_explosives_factory,pmg_data_optimization_heavy_industry,pm_digital_data_optimization_heavy_industry,other,construction_cost_very_high,,,,,,,,,,,,,,,,,,,,,,,,,,,,,,,,,,,,,,,,,,,,,,,,,,,,,,,,,,,,,,,,,,,,,,,,,,,,,,,,,,,3,-3,,,,,,,,
building_explosives_factory,pmg_data_optimization_heavy_industry,pm_digital_data_on_premises_heavy_industry,other,construction_cost_very_high,,,,,,,,,,,,,,,,,,,,,,,,,,,,,,,,,,,,,,,,,,,,,,,,,,,,,,,,,,,,,,,,,,,,,,,,,,,,,,,,,,10,,-3,,-1,,,,,,
building_explosives_factory,pmg_data_optimization_heavy_industry,pm_internet_data_reporting_heavy_industry,other,construction_cost_very_high,,,,,,,,,,,,,,,,,,,,,,,,,,,,,,,,,,,,,,,,,,,,,,,,,,,,,,,,,,,,,,,,,,,,,,,,,,,,,,,,,,16,,-4,-2,-3,,,,,,
building_explosives_factory,pmg_data_optimization_heavy_industry,pm_internet_data_optimization_heavy_industry,other,construction_cost_very_high,,,,,,,,,,,,,,,,,,,,,,,,,,,,,,,,,,,,,,,,,,,,,,,,,,,,,,,,,,,,,,,,,,,,,,,,,,,-1,,,,,,,16,,-6,-5,-4,,,,,,
building_eye_of_sahara,pmg_dummy,pm_dummy,other,,,,,,,,,,,,,,,,,,,,,,,,,,,,,,,,,,,,,,,,,,,,,,,,,,,,,,,,,,,,,,,,,,,,,,,,,,,,,,,,,,,,,,,,,,,,,
building_financial_district,pmg_ownership_building_financial_district,pm_financial_district_privately_owned,ownership,,,,,,,,,,,,,,,,,,,,,,,,,,,,,,,,,,,,,,,,,,,,,,,,,,,,,,,,,,,,,,,,,,,,,,,,,,,,,,,,,,,,,,,,,,,,,
building_financial_district,pmg_ownership_building_financial_district,pm_financial_district_publicly_traded,ownership,,,,,,,,,,,,,,,,,,,,,,,,,,,,,,,,,,,,,,,,,,,,,,,,,,,,,,,,,,,,,,,,,,,,,,,,,,,,,,,,,,,,,,,,,,,,,
building_financial_district,pmg_ownership_building_financial_district,pm_financial_district_principle_divine_economics_2,ownership,,,,,,,,,,,,,,,,,,,,,,,,,,,,,,,,,,,,,,,,,,,,,,,,,,,,,,,,,,,,,,,,,,,,,,,,,,,,,,,,,,,,,,,,,,,,,
building_fishing_wharf,pmg_base_building_fishing_wharf,pm_simple_fishing,base,construction_cost_low,,,,,,,,,25,,,,,,,,,,,,,,,,,,,,,,,,,,,,,,,,,,,,,,,,,,,,,,,,,,,,,,,,,,,,,,,,,,,,,,,,,,,,,,,,,,,
building_fishing_wharf,pmg_base_building_fishing_wharf,pm_fishing_trawlers,base,construction_cost_low,,,,,,,,,50,,,,,,,,,,,-5,,,,,,,,,,,,,,,,,,,,,,,,,,,,,,,,,,,,,,,,,,,,,,,,,,,,,,,,,,,,,,,,,,,,,,,,
building_fishing_wharf,pmg_base_building_fishing_wharf,pm_steam_trawlers,base,construction_cost_low,,,,,,,,,100,,,,,,,,,,,,-5,,,,-15,,,,,,,,,,,,,,,,,,,,,,,,,,,,,,,,,,,,,,,,,,,,,,,,,,,,,,,,,,,,,,,,,,,
building_fishing_wharf,pmg_base_building_fishing_wharf,pm_fuel_trawlers,base,construction_cost_low,,,,,,,,,120,,,,,,,,,,,,-10,,,,,,,,,,,,,,,,,,,,,,,,,,,,,,,,,,,,,,,,,,,,,,,-5,,,,,,,,,,,,,,,,,,,,,,,,
building_fishing_wharf,pmg_refrigeration_building_fishing_wharf,pm_unrefrigerated,automation,construction_cost_low,,,,,,,,,,,,,,,,,,,,,,,,,,,,,,,,,,,,,,,,,,,,,,,,,,,,,,,,,,,,,,,,,,,,,,,,,,,,,,,,,,,,,,,,,,,,
building_fishing_wharf,pmg_refrigeration_building_fishing_wharf,pm_refrigerated_storage_building_fishing_wharf,automation,construction_cost_low,,,,,,,,,,,,,,,,,,-5,,,,,,,,,,,,,,,,,,,,,,,,,,,,,,,,,,,,,,,,,,,,,,,,,,,,,,,,,,,,,,,,,,,,,,,,,,
building_fishing_wharf,pmg_refrigeration_building_fishing_wharf,pm_refrigerated_rail_cars_building_fishing_wharf,automation,construction_cost_low,,,,,,,,,,,,,,,,,-5,-5,,,,,,,,,,,,,,,,,,,,,,,,,,,,,,,,,,,,,,,,,,,,,,,,,,,,,,,,,,,,,,,,,,,,,,,,,,
building_fishing_wharf,pmg_refrigeration_building_fishing_wharf,pm_flash_freezing_building_fishing_wharf,automation,construction_cost_low,,,,,,,,,,,,,,,,,-7,-7,,,,,,,,,,,,,,,,,,,,,,,,,,,,,,,,,,,,,,,,,,,,,,,,,,,,,,,,,,,,,,,,,,,,,,,,,,
building_fishing_wharf,pmg_data_optimization_primary_sector,pm_manual_data_reporting_primary_sector,other,construction_cost_low,,,,,,,,,,,,,,,,,,,,,,,,,,,,,,,,,,,,,,,,,,,,,,,,,,,,,,,,,,,,,,,,,,,,,,,,,,,,,,,,,,,,,,,,,,,,
building_fishing_wharf,pmg_data_optimization_primary_sector,pm_manual_data_optimization_primary_sector,other,construction_cost_low,,,,,,,,,,,,,,,-1,,,,,,,,,,,,,,,,,,,,,,,,,,,,,,,,,,,,,,,,,,,,,,,,,,,,,,,,,,,,,,,,,,,,,-1,,,,,,,,
building_fishing_wharf,pmg_data_optimization_primary_sector,pm_digital_data_optimization_primary_sector,other,construction_cost_low,,,,,,,,,,,,,,,,,,,,,,,,,,,,,,,,,,,,,,,,,,,,,,,,,,,,,,,,,,,,,,,,,,,,,,,,,,,,,,,,,,,1,-3,,,,,,,,
building_fishing_wharf,pmg_data_optimization_primary_sector,pm_digital_data_on_premises_primary_sector,other,construction_cost_low,,,,,,,,,,,,,,,,,,,,,,,,,,,,,,,,,,,,,,,,,,,,,,,,,,,,,,,,,,,,,,,,,,,,,,,,,,,,,,,,,,6,,-3,,-1,,,,,,
building_fishing_wharf,pmg_data_optimization_primary_sector,pm_internet_data_reporting_primary_sector,other,construction_cost_low,,,,,,,,,,,,,,,,,,,,,,,,,,,,,,,,,,,,,,,,,,,,,,,,,,,,,,,,,,,,,,,,,,,,,,,,,,,,,,,,,,8,,-4,-1,-3,,,,,,
building_food_industry,pmg_base_building_food_industry,pm_bakery,base,construction_cost_high,,,,,,,,-40,,,,45,,,,,,,,,,,,,,,,,,,,,,,,,,,,,,,,,,,,,,,,,,,,,,,,,,,,,,,,,,,,,,,,,,,,,,,,,,,,,,,,
building_food_industry,pmg_base_building_food_industry,pm_sweeteners,base,construction_cost_high,,,,,,,,-40,,,,65,,,,,,,,,,,,,,,,,,,,,,,,,,,,,,,,-15,,,,,,,,,,,,,,,,,,,,,,,,,,,,,,,,,,,,,,,,,,,,,,,,
building_food_industry,pmg_base_building_food_industry,pm_baking_powder,base,construction_cost_high,,,,,,,,-80,,,,120,,,,,,,,,,,,,,,,,,,,,,,,,,,,,,,,-30,,,,,,,,,,,,,,,,,,,,,,,,,,,,,,,,,,,,,,,,,,,,,,,,
building_food_industry,pmg_base_building_food_industry,pm_ultraprocessed_snacks,base,construction_cost_high,,,,,,,,-100,,,,200,,,,,,,,,,,,,,,,,,,,,,,,,,,,,,,,-70,,,,,,,,,,,,,,,,,,,,,,,,,,,,,,,,,,,,,,,,,,,,,,,,
building_food_industry,pmg_canning,pm_disabled_canning,base,construction_cost_high,,,,,,,,,,,,,,,,,,,,,,,,,,,,,,,,,,,,,,,,,,,,,,,,,,,,,,,,,,,,,,,,,,,,,,,,,,,,,,,,,,,,,,,,,,,,
building_food_industry,pmg_canning,pm_cannery,base,construction_cost_high,,,,,,,,20,,,,30,,,,,,,,,,,,,,-10,,,,,,,,,,,,-20,,,,,,,,,,,,,,,,,,,,,,,,,,,,,,,,,,,,,,,,,,,,,,,,,,,,,,
building_food_industry,pmg_canning,pm_cannery_fish,base,construction_cost_high,,,,,,,,20,-30,,,30,,,,,,,,,,,,,,-10,,,,,,,,,,,,,,,,,,,,,,,,,,,,,,,,,,,,,,,,,,,,,,,,,,,,,,,,,,,,,,,,,,
building_food_industry,pmg_canning,pm_vacuum_canning,base,construction_cost_high,,,,,,,,30,-30,,,60,,,,,,,,,,,,,,-10,,,,-5,,,,,,,,-20,,,,,,,,,,,,,,,,,,,,,,,,,,,,,,,,,,,,,,,,,,,,,,,,,,,,,,
building_food_industry,pmg_canning,pm_vacuum_canning_principle_3,base,construction_cost_high,,,,,,,,30,-30,,,70,,,,,,,,,,,,,,-10,,,,-5,,,,,,,,-20,,,,,,,,,,,,,,,,,,,,,,,,,,,,,,,,,,,,,,,,,,,,,,,,,,,,,,
building_food_industry,pmg_canning,pm_insulated_packaging,base,construction_cost_high,,,,,,,,30,-25,,,75,,,,,,,,,,,,,,,,,,,,,,,,,,-25,,,,,,,,,,,,,,,,,,,,,,,,,,-10,-10,,,,,,,,,,,,,,,,,,,,,,,,,,,
building_food_industry,pmg_distillery,pm_disabled_distillery,refining,construction_cost_high,,,,,,,,,,,,,,,,,,,,,,,,,,,,,,,,,,,,,,,,,,,,,,,,,,,,,,,,,,,,,,,,,,,,,,,,,,,,,,,,,,,,,,,,,,,,
building_food_industry,pmg_distillery,pm_pot_stills,refining,construction_cost_high,,,,,,,,,,,,-30,,,,,,,,,,,,,,,,,,,,,,,,,,,,60,,,,-25,,,,,,,,,,,,,,,,,,,,,,,,,,,,,,,,,,,,,,,,,,,,,,,,
building_food_industry,pmg_distillery,pm_patent_stills,refining,construction_cost_high,,,,,,,,,,,,-40,,,,,,,,,,,,,,,,,,,,,-10,,,,,,,100,,,,-25,,,,,,,,,,,,,,,,,,,,,,,,,,,,,,,,,,,,,,,,,,,,,,,,
building_food_industry,pmg_distillery,pm_beverages_cola,refining,construction_cost_high,,,,,,,,,,,,-60,,,,,,,,,,,,,,,,,,,,,-15,,,,,,-10,80,20,20,20,-55,,,,,,,,,,,,,,,,,,,,,,,,,,,,,,,,,,-5,,,,,,,,,,,,,,
building_food_industry,pmg_automation_building_food_industry,pm_manual_dough_processing,automation,construction_cost_high,,,,,,,,,,,,,,,,,,,,,,,,,,,,,,,,,,,,,,,,,,,,,,,,,,,,,,,,,,,,,,,,,,,,,,,,,,,,,,,,,,,,,,,,,,,,
building_food_industry,pmg_automation_building_food_industry,pm_automated_bakery,automation,construction_cost_high,,,,,,,,,,,,,,,,,,,,,,,,,,,,,,,,,,,-10,,,,,,,,,,,,,,,,,,,,,,,,,,,,,,,,,,,,,,,,,,,,,,,,,,,,,,,,,
building_food_industry,pmg_automation_building_food_industry,pm_gas_fired_ovens,automation,construction_cost_high,,,,,,,,,,,,,,,,,,,,,,,,,,,,,,,,,,,,,,,,,,,,,,,,,,,,,,,,,,,,,,,,,,,,,,,,,-3,,,,,,-3,,,,,,,,,,,,,
building_food_industry,pmg_delivery_building_food_industry,pm_delivering_disabled,automation,construction_cost_high,,,,,,,,,,,,,,,,,,,,,,,,,,,,,,,,,,,,,,,,,,,,,,,,,,,,,,,,,,,,,,,,,,,,,,,,,,,,,,,,,,,,,,,,,,,,
building_food_industry,pmg_delivery_building_food_industry,pm_delivering_bakery,automation,construction_cost_high,,,,,,,,,,,,,,,,,-6,,,,,,,,,,,,,,,,,,,,,,,,,,,,,,-2,,,,,,,,,,,,,,,,,,,,,,,,,,,,,,,,,,,,,,,,,,,,,
building_food_industry,pmg_delivery_building_food_industry,pm_delivering_on_demand_bakery,automation,construction_cost_high,,,,,,,,,,,,,,,,,,,,,,,,,,,,,,,,,,,,,,,,,,,,,,,,,,,,,,,,,,,,,,,,,,,,,,,,,,,,,,,,,,,,,,,,,-6,,,
building_food_industry,pmg_data_optimization_light_industry,pm_manual_data_reporting_light_industry,other,construction_cost_high,,,,,,,,,,,,,,,,,,,,,,,,,,,,,,,,,,,,,,,,,,,,,,,,,,,,,,,,,,,,,,,,,,,,,,,,,,,,,,,,,,,1,,,,,,,,,
building_food_industry,pmg_data_optimization_light_industry,pm_manual_data_optimization_light_industry,other,construction_cost_high,,,,,,,,,,,,,,,-1,,,,,,,,,,,,,,,,,,,,,,,,,,,,,,,,,,,,,,,,,,,,,,,,,,,,,,,,,,,,,,,,,,,,1,-1,,,,,,,,
building_food_industry,pmg_data_optimization_light_industry,pm_digital_data_optimization_light_industry,other,construction_cost_high,,,,,,,,,,,,,,,,,,,,,,,,,,,,,,,,,,,,,,,,,,,,,,,,,,,,,,,,,,,,,,,,,,,,,,,,,,,,,,,,,,,2,-3,,,,,,,,
building_food_industry,pmg_data_optimization_light_industry,pm_digital_data_on_premises_light_industry,other,construction_cost_high,,,,,,,,,,,,,,,,,,,,,,,,,,,,,,,,,,,,,,,,,,,,,,,,,,,,,,,,,,,,,,,,,,,,,,,,,,,,,,,,,,8,,-3,,-1,,,,,,
building_food_industry,pmg_data_optimization_light_industry,pm_internet_data_reporting_light_industry,other,construction_cost_high,,,,,,,,,,,,,,,,,,,,,,,,,,,,,,,,,,,,,,,,,,,,,,,,,,,,,,,,,,,,,,,,,,,,,,,,,,,,,,,,,,12,,-4,-2,-3,,,,,,
building_food_industry,pmg_data_optimization_light_industry,pm_internet_data_optimization_light_industry,other,construction_cost_high,,,,,,,,,,,,,,,,,,,,,,,,,,,,,,,,,,,,,,,,,,,,,,,,,,,,,,,,,,,,,,,,,,,,,,,,,,,-1,,,,,,,12,,-6,-5,-4,,,,,,
building_forbidden_city,pmg_base_building_forbidden_city,pm_default_building_forbidden_city,base,construction_cost_monument,,,,,,,,,,,,,,,,,,,,,,,,,,,,,,,,,,,,,,,,,,,,,,,,,,,,,,,,,,,,,,,,,,,,,,,,,,,,,,,,,,,,,,,,,,,,
building_forbidden_city,pmg_base_building_forbidden_city,pm_monument_prestige_only,base,construction_cost_monument,,,,,,,,,,,,,,,,,,,,,,,,,,,,,,,,,,,,,,,,,,,,,,,,,,,,,,,,,,,,,,,,,,,,,,,,,,,,,,,,,,,,,,,,,,,,
building_forbidden_city,pmg_base_building_forbidden_city,pm_monument_no_effects,base,construction_cost_monument,,,,,,,,,,,,,,,,,,,,,,,,,,,,,,,,,,,,,,,,,,,,,,,,,,,,,,,,,,,,,,,,,,,,,,,,,,,,,,,,,,,,,,,,,,,,
building_furniture_manufactory,pmg_luxury_building_furniture_manufactory,pm_no_luxuries,refining,construction_cost_high,,,,,,,,,,,,,,,,,,,,,,,,,,,,,,,,,,,,,,,,,,,,,,,,,,,,,,,,,,,,,,,,,,,,,,,,,,,,,,,,,,,,,,,,,,,,
building_furniture_manufactory,pmg_luxury_building_furniture_manufactory,pm_luxury_furniture,refining,construction_cost_high,,,,,,,,,,,15,,,-25,,,,,,,,,,,,,,-15,,,,,,,,,,,,,,,,,,,,,,,25,,,,,,,,,,,,,,,,,,,,,,,,,,,,,,,,,,,,,,,,,
building_furniture_manufactory,pmg_luxury_building_furniture_manufactory,pm_precision_tools,refining,construction_cost_high,,,,,,,,,,,25,,,-55,,,,,,,,,,,,,,-25,,,,,,,-5,,,,,,,,,,,,,,,,60,,,,,,,,,,-5,,,,,,,,,,,,,,,,,,,,,,,,,,,,,,,
building_furniture_manufactory,pmg_luxury_building_furniture_manufactory,pm_designers_furniture_collections,refining,construction_cost_high,,,,,,,,,,,25,,,-60,,,,,,,,,,,,,,-25,,,,,,,-5,,,,,,,,,,,,,,,,65,,,,,,,,-5,,,,,,,,,,,,,,,,,,,,,,,,,,,,,,,,,
building_furniture_manufactory,pmg_automation_building_furniture_manufactory,pm_automation_disabled,automation,construction_cost_high,,,,,,,,,,,,,,,,,,,,,,,,,,,,,,,,,,,,,,,,,,,,,,,,,,,,,,,,,,,,,,,,,,,,,,,,,,,,,,,,,,,,,,,,,,,,
building_furniture_manufactory,pmg_automation_building_furniture_manufactory,pm_watertube_boiler_building_furniture_manufactory,automation,construction_cost_high,,,,,,,,,,,,,,,,,,,,,,,,,-5,,,,,,,,,,-5,,,,,,,,,,,,,,,,,,,,,,,,,,,,,,,,,,,,,,,,,,,,,,,,,,,,,,,,,
building_furniture_manufactory,pmg_automation_building_furniture_manufactory,pm_rotary_valve_engine_building_furniture_manufactory,automation,construction_cost_high,,,,,,,,,,,,,,,,,,,,,,,,,-10,,,,,,,,,,-5,,,,,,,,,,,,,,,,,,,,,,,,,,,,,,,,,,,,,,,,,,,,,,,,,,,,,,,,,
building_furniture_manufactory,pmg_automation_building_furniture_manufactory,pm_assembly_lines_building_furniture_manufactory,automation,construction_cost_high,,,,,,,,,,,,,,,,,,-5,,,,,,,,,,,,,,,,,-5,,,,,,,,,,,,,,,,,,,,,,,,,,,,,,,,-3,,,,,,,,,,,,,,,,,,,,,,,,,
building_furniture_manufactory,pmg_automation_building_furniture_manufactory,pm_robotic_building_furniture_manufactory,automation,construction_cost_high,,,,,,,,,,,,,,,,,,-5,,,,,,,,,,,,,,,,,,,,,,,,,,,,,,,,,,,,,,,,,,,,,,,,,-2,,,,,-1,,,,-3,,,,,,,,,,,,,,,,
building_furniture_manufactory,pmg_data_optimization_heavy_industry,pm_manual_data_reporting_heavy_industry,other,construction_cost_high,,,,,,,,,,,,,,,,,,,,,,,,,,,,,,,,,,,,,,,,,,,,,,,,,,,,,,,,,,,,,,,,,,,,,,,,,,,,,,,,,,,1,,,,,,,,,
building_furniture_manufactory,pmg_data_optimization_heavy_industry,pm_manual_data_optimization_heavy_industry,other,construction_cost_high,,,,,,,,,,,,,,,-1,,,,,,,,,,,,,,,,,,,,,,,,,,,,,,,,,,,,,,,,,,,,,,,,,,,,,,,,,,,,,,,,,,,,1,-1,,,,,,,,
building_furniture_manufactory,pmg_data_optimization_heavy_industry,pm_digital_data_optimization_heavy_industry,other,construction_cost_high,,,,,,,,,,,,,,,,,,,,,,,,,,,,,,,,,,,,,,,,,,,,,,,,,,,,,,,,,,,,,,,,,,,,,,,,,,,,,,,,,,,3,-3,,,,,,,,
building_furniture_manufactory,pmg_data_optimization_heavy_industry,pm_digital_data_on_premises_heavy_industry,other,construction_cost_high,,,,,,,,,,,,,,,,,,,,,,,,,,,,,,,,,,,,,,,,,,,,,,,,,,,,,,,,,,,,,,,,,,,,,,,,,,,,,,,,,,10,,-3,,-1,,,,,,
building_furniture_manufactory,pmg_data_optimization_heavy_industry,pm_internet_data_reporting_heavy_industry,other,construction_cost_high,,,,,,,,,,,,,,,,,,,,,,,,,,,,,,,,,,,,,,,,,,,,,,,,,,,,,,,,,,,,,,,,,,,,,,,,,,,,,,,,,,16,,-4,-2,-3,,,,,,
building_furniture_manufactory,pmg_data_optimization_heavy_industry,pm_internet_data_optimization_heavy_industry,other,construction_cost_high,,,,,,,,,,,,,,,,,,,,,,,,,,,,,,,,,,,,,,,,,,,,,,,,,,,,,,,,,,,,,,,,,,,,,,,,,,,-1,,,,,,,16,,-6,-5,-4,,,,,,
building_geothermal_power_plant,pmg_geothermal_reactor,pm_geothermal_turbine,base,construction_cost_monument,,,,,,,,,,,,,,,,,,400,,,,,,,,,,,,,-20,,,,,,,,,,,,,,,,,,,,,,,,,,,,,,,,,,,,,,-5,-10,-10,,,,,,-20,,,,,,,,,,,,,,,
building_geothermal_power_plant,pmg_automation_building_geothermal_power_plant,pm_automation_disabled,automation,construction_cost_monument,,,,,,,,,,,,,,,,,,,,,,,,,,,,,,,,,,,,,,,,,,,,,,,,,,,,,,,,,,,,,,,,,,,,,,,,,,,,,,,,,,,,,,,,,,,,
building_geothermal_power_plant,pmg_automation_building_geothermal_power_plant,pm_automation_closed_loop_system,automation,construction_cost_monument,,,,,,,,,,,,,,,,,,,,,,,,,,,,,,,,-5,,,,,,,,,,,,,,,,,,,,,,,,,,,-5,,,,,,-5,,,,,,-5,,,,,,,,,,,,,,,,,,,,,
building_giza_necropolis,pmg_dummy,pm_dummy,other,,,,,,,,,,,,,,,,,,,,,,,,,,,,,,,,,,,,,,,,,,,,,,,,,,,,,,,,,,,,,,,,,,,,,,,,,,,,,,,,,,,,,,,,,,,,,
building_glassworks,pmg_base_building_glassworks,pm_forest_glass,base,construction_cost_high,,,,,,,,,,,-30,,,,,,,,,,,,,,,,,,,,,,30,,,,,,,,,,,,,,,,,,,,,,,,,,,,,,,,,,,,,,,,,,,,,,,,,,,,,,,,,,,
building_glassworks,pmg_base_building_glassworks,pm_leaded_glass,base,construction_cost_high,,,,,,,,,,,-20,,,,,,,,,,,,,,,,-10,,,,,,40,,,,,,,,,,,,,,,,,,,,,,,,,,,,,,,,,,,,,,,,,,,,,,,,,,,,,,,,,,,
building_glassworks,pmg_base_building_glassworks,pm_crystal_glass,base,construction_cost_high,,,,,,,,,,,,,,,,,,,,,,,,,,,-35,,,,,,60,,,,,,,,,,,,,,,,,,,,,,,,,,,,,,,,,,,,,,,,,,,,,,,,,,,,,,,,,,,
building_glassworks,pmg_base_building_glassworks,pm_houseware_plastics,base,construction_cost_high,,,,,,,,,,,,,,,,,,-10,,,,,,,,,-30,,,,,,90,,,,,,,,,,,,,,,,,,,,,,,,,,,,,,,,-20,,,,,,,,,,,,,,,,,,,,,,,,,,,
building_glassworks,pmg_base_building_glassworks,pm_aluminium_inox_houseware,base,construction_cost_high,,,,,,,,,,,,,,,,,,-10,,,,,,,,,-10,,,,,-10,115,,,,,,,,,,,,,,,,,,,,,,,,,,,,,,,-20,-5,,,,,,,,,,,,,,,,,,,,,,,,,,,
building_glassworks,pmg_base_building_glassworks,pm_moplen_houseware,base,construction_cost_high,,,,,,,,,,,,,,,,,,-10,,,,,,,,,-10,,,,,-10,135,,,,,,,,,,,,,,,,,,,,,,,,,,,,,,,-10,-20,,,,,,,,,,,,,,,,,,,,,,,,,,,
building_glassworks,pmg_luxury_building_glassworks,pm_disabled_ceramics,refining,construction_cost_high,,,,,,,,,,,,,,,,,,,,,,,,,,,,,,,,,,,,,,,,,,,,,,,,,,,,,,,,,,,,,,,,,,,,,,,,,,,,,,,,,,,,,,,,,,,,
building_glassworks,pmg_luxury_building_glassworks,pm_ceramics,refining,construction_cost_high,,,,,,,,,,,,,,,,,,,,,,,-5,,,,,,,,,,-10,,,,10,,,,,,,,,,,,,,,,,,,,,,,,,,,,,,,,,,,,,,,,,,,,,,,,,,,,,,,
building_glassworks,pmg_luxury_building_glassworks,pm_bone_china,refining,construction_cost_high,,,,,,,,,,,,,,,,,,,,,,,-10,,,,,,,,,,-20,,,,30,,,,,,,,,,,,,,,,,,,,,,,,,,,,,,,,,,,,,,,,,,,,,,,,,,,,,,,
building_glassworks,pmg_luxury_building_glassworks,pm_quartz_glass,refining,construction_cost_high,,,,,,,,,,,,,,,,,,,,,,,,,,,5,,,,,,-30,,,,35,,,,,,,,,,,,,,,,,,,,,,,,,-15,,,,,,,,,,,,,,,,,,,,,,,,,,,,,,
building_glassworks,pmg_luxury_building_glassworks,pm_curie_uranium_glass,refining,construction_cost_high,,,,,,,,,,,,,,,,,,,,,,,-5,,,,,,,,,,-50,,,,70,,,,,,,,,,,,,,,,,,,,-20,,,,,,,,,,,,,,,,,,,,,,,,,,,,,,,,,,,
building_glassworks,pmg_glassblowing,pm_manual_glassblowing,automation,construction_cost_high,,,,,,,,,,,,,,,,,,,,,,,,,,,,,,,,,,,,,,,,,,,,,,,,,,,,,,,,,,,,,,,,,,,,,,,,,,,,,,,,,,,,,,,,,,,,
building_glassworks,pmg_glassblowing,pm_automatic_bottle_blowers,automation,construction_cost_high,,,,,,,,,,,,,,,,,,,,,,,,,,,,,,-5,-2,,,,-2,,,,,,,,,,,,,,,,,,,,,,,,,,,,,,,,,,,,,,,,,,,,,,,,,,,,,,,,,
building_glassworks,pmg_glassblowing,pm_advanced_automatic_bottle_blowers,automation,construction_cost_high,,,,,,,,,,,,,,,,,,-5,,,,,,,,,,,,,,,,,,,,,,,,,,,,,,,,,,,,,,,,,,,,,,,,,-2,,,,,,,,,-2,,,-5,,,,,,,,,,,,,
building_glassworks,pmg_data_optimization_light_industry,pm_manual_data_reporting_light_industry,other,construction_cost_high,,,,,,,,,,,,,,,,,,,,,,,,,,,,,,,,,,,,,,,,,,,,,,,,,,,,,,,,,,,,,,,,,,,,,,,,,,,,,,,,,,,1,,,,,,,,,
building_glassworks,pmg_data_optimization_light_industry,pm_manual_data_optimization_light_industry,other,construction_cost_high,,,,,,,,,,,,,,,-1,,,,,,,,,,,,,,,,,,,,,,,,,,,,,,,,,,,,,,,,,,,,,,,,,,,,,,,,,,,,,,,,,,,,1,-1,,,,,,,,
building_glassworks,pmg_data_optimization_light_industry,pm_digital_data_optimization_light_industry,other,construction_cost_high,,,,,,,,,,,,,,,,,,,,,,,,,,,,,,,,,,,,,,,,,,,,,,,,,,,,,,,,,,,,,,,,,,,,,,,,,,,,,,,,,,,2,-3,,,,,,,,
building_glassworks,pmg_data_optimization_light_industry,pm_digital_data_on_premises_light_industry,other,construction_cost_high,,,,,,,,,,,,,,,,,,,,,,,,,,,,,,,,,,,,,,,,,,,,,,,,,,,,,,,,,,,,,,,,,,,,,,,,,,,,,,,,,,8,,-3,,-1,,,,,,
building_glassworks,pmg_data_optimization_light_industry,pm_internet_data_reporting_light_industry,other,construction_cost_high,,,,,,,,,,,,,,,,,,,,,,,,,,,,,,,,,,,,,,,,,,,,,,,,,,,,,,,,,,,,,,,,,,,,,,,,,,,,,,,,,,12,,-4,-2,-3,,,,,,
building_glassworks,pmg_data_optimization_light_industry,pm_internet_data_optimization_light_industry,other,construction_cost_high,,,,,,,,,,,,,,,,,,,,,,,,,,,,,,,,,,,,,,,,,,,,,,,,,,,,,,,,,,,,,,,,,,,,,,,,,,,-1,,,,,,,12,,-6,-5,-4,,,,,,
building_gold_field,pmg_base_building_gold_field,default_building_gold_field,base,,,,,,,,,,,,,,,,,,,,,,,,,,,,,,,,,,,,,,,,,,,,,,,,,,,,,10,,,,,,,,,,,,,,,,,,,,,,,,,,,,,,,,,,,,,,,,
building_gold_mine,pmg_mining_equipment_building_gold_mine,pm_picks_and_shovels_building_gold_mine,base,construction_cost_medium,,,,,,,,,,,,,,,,,,,,,,,,,,,,,,,,,,,-5,,,,,,,,,,,,,,,,,8,,,,,,,,,,,,,,,,,,,,,,,,,,,,,,,,,,,,,,,,
building_gold_mine,pmg_mining_equipment_building_gold_mine,pm_atmospheric_engine_pump_building_gold_mine,base,construction_cost_medium,,,,,,,,,,,,,,,,,,,,,,,,,-10,,,,,,,,,,-10,,,,,,,,,,,,,,,,,15,,,,,,,,,,,,,,,,,,,,,,,,,,,,,,,,,,,,,,,,
building_gold_mine,pmg_mining_equipment_building_gold_mine,pm_condensing_engine_pump_building_gold_mine,base,construction_cost_medium,,,,,,,,,,,,,,,,,,,,,,,,,-15,,,,,,,,,,-15,,,,,,,,,,,,,,,,,25,,,,,,,,,,,,,,,,,,,,,,,,,,,,,,,,,,,,,,,,
building_gold_mine,pmg_mining_equipment_building_gold_mine,pm_diesel_pump_building_gold_mine,base,construction_cost_medium,,,,,,,,,,,,,,,,,,,,,,,,,,,,,,,,,,,-15,,,,,,,,,,,,,,,,,30,,,,,,,,,,,,,,-3,,,,,,,,,,,,,,,,,,,,,,,,,,
building_gold_mine,pmg_explosives_building_gold_mine,pm_no_explosives,base,construction_cost_medium,,,,,,,,,,,,,,,,,,,,,,,,,,,,,,,,,,,,,,,,,,,,,,,,,,,,,,,,,,,,,,,,,,,,,,,,,,,,,,,,,,,,,,,,,,,,
building_gold_mine,pmg_explosives_building_gold_mine,pm_nitroglycerin_building_gold_mine,base,construction_cost_medium,,,,,,,,,,,,,,,,,,,,,,,,,,,,,,,,,,,,-5,,,,,,,,,,,,,,,,5,,,,,,,,,,,,,,,,,,,,,,,,,,,,,,,,,,,,,,,,
building_gold_mine,pmg_explosives_building_gold_mine,pm_dynamite_building_gold_mine,base,construction_cost_medium,,,,,,,,,,,,,,,,,,,,,,,,,,,,,,,,,,,,-10,,,,,,,,,,,,,,,,10,,,,,,,,,,,,,,,,,,,,,,,,,,,,,,,,,,,,,,,,
building_gold_mine,pmg_steam_automation_building_gold_mine,pm_no_steam_automation,automation,construction_cost_medium,,,,,,,,,,,,,,,,,,,,,,,,,,,,,,,,,,,,,,,,,,,,,,,,,,,,,,,,,,,,,,,,,,,,,,,,,,,,,,,,,,,,,,,,,,,,
building_gold_mine,pmg_steam_automation_building_gold_mine,pm_steam_donkey_mine,automation,construction_cost_medium,,,,,,,,,,,,,,,,,,,,,,,,,-4,,,,,,-1,,,,,,,,,,,,,,,,,,,,,,,,,,,,,,,,,,,,,,,,,,,,,,,,,,,,,,,,,,,,,
building_gold_mine,pmg_train_automation_building_gold_mine,pm_road_carts,automation,construction_cost_medium,,,,,,,,,,,,,,,,,,,,,,,,,,,,,,,,,,,,,,,,,,,,,,,,,,,,,,,,,,,,,,,,,,,,,,,,,,,,,,,,,,,,,,,,,,,,
building_gold_mine,pmg_train_automation_building_gold_mine,pm_rail_transport_mine,automation,construction_cost_medium,,,,,,,,,,,,,,,,,-4,,,,,,,,,,,,,,,,,,,,,,,,,,,,,,,,,,,,,,,,,,,,,,,,,,,,,,,,,,,,,,,,,,,,,,,,,,,
building_gold_mine,pmg_train_automation_building_gold_mine,pm_multiway_transport_mine,automation,construction_cost_medium,,,,,,,,,,,,,,,,,-2,,,,,,,,,,,,,,,,,,,,,,,,,,,,,,-2,,,,,,,,,,,,,,,,,,,,,,,,,,,,,,,,,,,,,,,,,,,,,
building_government_administration,pmg_base_building_government_administration,pm_simple_organization,base,construction_cost_very_low,,,,,,,,,,,,,,,,,,,,,,,,,,,,,,,,,,,,,,,,,,,,,,,,,,,,,,,,,,,,,,,,,,,,,,,,,,,,,,,,,,,,,,,,,,,,
building_government_administration,pmg_base_building_government_administration,pm_horizontal_drawer_cabinets,base,construction_cost_very_low,,,,,,,,,,,,,,,-10,,,,,,,,,,,,,,,,,,,,,,,,,,,,,,,,,,,,,,,,,,,,,,,,,,,,,,,,,,,,,,,,,,,,,,,,,,,,,
building_government_administration,pmg_base_building_government_administration,pm_vertical_filing_cabinets,base,construction_cost_very_low,,,,,,,,,,,,,,,-20,,,,,,,,,,,,,,,,,,,,,,,,,,,,,,,,,,,,,,,,,,,,,,,,,,,,,,,,,,,,,,,,,,,,,,,,,,,,,
building_government_administration,pmg_base_building_government_administration,pm_switch_boards,base,construction_cost_very_low,,,,,,,,,,,,,,,-20,,,,,,,,,,,,,,,,,,,,,,,,,,,,,,,,,-5,,,,,,,,,,,,,,,,,,,,,,,,,,,,,,,,,,,,,,,,,,,,
building_government_administration,pmg_base_building_government_administration,pm_local_computer_networks,base,construction_cost_very_low,,,,,,,,,,,,,,,-8,,,,,,,,,,,,,,,,,,,,,,,,,,,,,,,,,-4,,,,,,,,,,,,,,,,,,,,,,,,,,,-2,,,,,,,,5,,-4,-2,,,,,,
building_government_administration,pmg_base_building_government_administration,pm_rudimental_data_networks,base,construction_cost_very_low,,,,,,,,,,,,,,,-2,,,,,,,,,,,,,,,,,,,,,,,,,,,,,,,,,-4,,,,,,,,,,,,,,,,,,,,,,,,,,,-4,,,,,,,,10,,-8,-5,,,,,,
building_government_administration,pmg_base_building_government_administration,pm_advanced_data_networks,base,construction_cost_very_low,,,,,,,,,,,,,,,,,,,,,,,,,,,,,,,,,,,,,,,,,,,,,,,,-4,,,,,,,,,,,,,,,,,,,,,,,,,,,-4,,,,,,,25,,,-12,-8,,,,,,
building_government_administration,pmg_government_administration_bureaucrat_professionalism,pm_hereditary_bureaucrats,ownership,construction_cost_very_low,,,,,,,,,,,,,,,,,,,,,,,,,,,,,,,,,,,,,,,,,,,,,,,,,,,,,,,,,,,,,,,,,,,,,,,,,,,,,,,,,,,,,,,,,,,,
building_government_administration,pmg_government_administration_bureaucrat_professionalism,pm_professional_bureaucrats,ownership,construction_cost_very_low,,,,,,,,,,,,,,,,,,,,,,,,,,,,,,,,,,,,,,,,,,,,,,,,,,,,,,,,,,,,,,,,,,,,,,,,,,,,,,,,,,,,,,,,,,,,
building_government_administration,pmg_government_administration_religious_administration,pm_religious_bureaucrats,ownership,construction_cost_very_low,,,,,,,,,,,,,,,,,,,,,,,,,,,,,,,,,,,,,,,,,,,,,,,,,,,,,,,,,,,,,,,,,,,,,,,,,,,,,,,,,,,,,,,,,,,,
building_government_administration,pmg_government_administration_religious_administration,pm_secular_bureaucrats,ownership,construction_cost_very_low,,,,,,,,,,,,,,,,,,,,,,,,,,,,,,,,,,,,,,,,,,,,,,,,,,,,,,,,,,,,,,,,,,,,,,,,,,,,,,,,,,,,,,,,,,,,
building_gran_teatro_de_la_habana,pmg_base_building_gran_teatro_de_la_habana,pm_default_building_gran_teatro_de_la_habana,base,construction_cost_monument,,,,,,,,,,,,,,,-10,,,,,,,,,,,,,,,,,,,,,,,,,,,,,,,,,,,,,,5,,,,,,,,,,,,,,,,,,,,,,,,,,,,,,,,,,,,,,,
building_gran_teatro_de_la_habana,pmg_base_building_gran_teatro_de_la_habana,pm_monument_prestige_only,base,construction_cost_monument,,,,,,,,,,,,,,,,,,,,,,,,,,,,,,,,,,,,,,,,,,,,,,,,,,,,,,,,,,,,,,,,,,,,,,,,,,,,,,,,,,,,,,,,,,,,
building_gran_teatro_de_la_habana,pmg_base_building_gran_teatro_de_la_habana,pm_monument_no_effects,base,construction_cost_monument,,,,,,,,,,,,,,,,,,,,,,,,,,,,,,,,,,,,,,,,,,,,,,,,,,,,,,,,,,,,,,,,,,,,,,,,,,,,,,,,,,,,,,,,,,,,
building_hagia_sophia,pmg_base_building_hagia_sophia,pm_default_building_hagia_sophia,base,construction_cost_monument,,,,,,,,,,,,,,,,,,,,,,,,,,,,,,,,,,,,,,,,,,,,,,,,,,,,,,,,,,,,,,,,,,,,,,,,,,,,,,,,,,,,,,,,,,,,
building_hagia_sophia,pmg_base_building_hagia_sophia,pm_monument_prestige_only,base,construction_cost_monument,,,,,,,,,,,,,,,,,,,,,,,,,,,,,,,,,,,,,,,,,,,,,,,,,,,,,,,,,,,,,,,,,,,,,,,,,,,,,,,,,,,,,,,,,,,,
building_hagia_sophia,pmg_base_building_hagia_sophia,pm_monument_no_effects,base,construction_cost_monument,,,,,,,,,,,,,,,,,,,,,,,,,,,,,,,,,,,,,,,,,,,,,,,,,,,,,,,,,,,,,,,,,,,,,,,,,,,,,,,,,,,,,,,,,,,,
building_halloween_castledracula,pmg_dummy,pm_dummy,other,,,,,,,,,,,,,,,,,,,,,,,,,,,,,,,,,,,,,,,,,,,,,,,,,,,,,,,,,,,,,,,,,,,,,,,,,,,,,,,,,,,,,,,,,,,,,
building_hydroelectric_power_plant,pmg_base_building_hydroelectric_power_plant,pm_run_of_river_plants,base,construction_cost_monument,,,,,,,,,,,-20,,,,,,,160,,,,,,,,,,,,,-10,-10,,,,,,,,,,,,,,,,,,,,,,,,,,,,,,,,,,,,,-5,-5,,,,,,,,,,,,,,,,,,,,,,
building_hydroelectric_power_plant,pmg_base_building_hydroelectric_power_plant,pm_reservoir_dams,base,construction_cost_monument,,,,,,,,,,,,,,,,,,300,,,,,,,,,,,,,-20,-50,,,,,,,,,,,,,,,,,,,,,,,,,,,,,,,,,,,,,-10,-10,,,,,,,,,,,,,,,,,,,,,,
building_hydroelectric_power_plant,pmg_base_building_hydroelectric_power_plant,pm_advanced_turbine_generators,base,construction_cost_monument,,,,,,,,,,,,,,,,,,450,,,,,,,,,,,,,-30,-75,,,,,,,,,,,,,,,,,,,,,,,,,,,,,,,,,,,,,-10,-10,-10,,,,,,,,,,,,,,,,,,,,,
building_hydroelectric_power_plant,pmg_automation_building_hydroelectric_power_plant,pm_manual_hydro_operation,automation,construction_cost_monument,,,,,,,,,,,,,,,,,,,,,,,,,,,,,,,,,,,,,,,,,,,,,,,,,,,,,,,,,,,,,,,,,,,,,,,,,,,,,,,,,,,,,,,,,,,,
building_hydroelectric_power_plant,pmg_automation_building_hydroelectric_power_plant,pm_pressurized_hydro_systems,automation,construction_cost_monument,,,,,,,,,,,,,,,,,,,,,,,,,,,,,,,,,,,-2,,,,,,,,,,,,,,,,,,,,,,,,,,,,,,-2,,,,,,,,,,,,,,,,,,,,,,,,,,,
building_hydroelectric_power_plant,pmg_automation_building_hydroelectric_power_plant,pm_automated_hydro_control_systems,automation,construction_cost_monument,,,,,,,,,,,,,,,,,,,,,,,,,,,,,,,,,,,,,,,,,,,,,,,,,,,,,,,,,,,,,,,,,-2,,-5,,,,-5,,,,,-4,,,,,,,,,,,,,,,,
building_hydroelectric_power_plant,pmg_automation_building_hydroelectric_power_plant,pm_smart_grid_hydro,automation,construction_cost_monument,,,,,,,,,,,,,,,,,,,,,,,,,,,,,,,,,,,,,,,,,,,,,,,,,,,,,,,,,,,,,,,,,-2,,,,,,,,,,,-10,,,,,,,,,-25,,,,,,,
building_hydroelectric_power_plant,pmg_data_optimization_light_industry,pm_manual_data_reporting_light_industry,other,construction_cost_monument,,,,,,,,,,,,,,,,,,,,,,,,,,,,,,,,,,,,,,,,,,,,,,,,,,,,,,,,,,,,,,,,,,,,,,,,,,,,,,,,,,,1,,,,,,,,,
building_hydroelectric_power_plant,pmg_data_optimization_light_industry,pm_manual_data_optimization_light_industry,other,construction_cost_monument,,,,,,,,,,,,,,,-1,,,,,,,,,,,,,,,,,,,,,,,,,,,,,,,,,,,,,,,,,,,,,,,,,,,,,,,,,,,,,,,,,,,,1,-1,,,,,,,,
building_hydroelectric_power_plant,pmg_data_optimization_light_industry,pm_digital_data_optimization_light_industry,other,construction_cost_monument,,,,,,,,,,,,,,,,,,,,,,,,,,,,,,,,,,,,,,,,,,,,,,,,,,,,,,,,,,,,,,,,,,,,,,,,,,,,,,,,,,,2,-3,,,,,,,,
building_hydroelectric_power_plant,pmg_data_optimization_light_industry,pm_digital_data_on_premises_light_industry,other,construction_cost_monument,,,,,,,,,,,,,,,,,,,,,,,,,,,,,,,,,,,,,,,,,,,,,,,,,,,,,,,,,,,,,,,,,,,,,,,,,,,,,,,,,,8,,-3,,-1,,,,,,
building_hydroelectric_power_plant,pmg_data_optimization_light_industry,pm_internet_data_reporting_light_industry,other,construction_cost_monument,,,,,,,,,,,,,,,,,,,,,,,,,,,,,,,,,,,,,,,,,,,,,,,,,,,,,,,,,,,,,,,,,,,,,,,,,,,,,,,,,,12,,-4,-2,-3,,,,,,
building_hydroelectric_power_plant,pmg_data_optimization_light_industry,pm_internet_data_optimization_light_industry,other,construction_cost_monument,,,,,,,,,,,,,,,,,,,,,,,,,,,,,,,,,,,,,,,,,,,,,,,,,,,,,,,,,,,,,,,,,,,,,,,,,,,-1,,,,,,,12,,-6,-5,-4,,,,,,
building_hydroponic,pmg_base_building_hydroponic_type,pm_hydroponic_gericke_system,base,construction_cost_very_high,,,,,,,,,,,,,,,,,,,,,,,,,,,,,,,-3,-5,,-5,,,,,,,,,,,,,,,,,,,,,,,,,,,,,,,,,,,,,,,,,,,-2,,,,,,,,,,,,,,,
building_hydroponic,pmg_base_building_hydroponic_type,pm_hydroponic_acquafarm_system,base,construction_cost_very_high,,,,,,,,,,,,,,,,,,,,,,,,,,,,,,,-4,-5,,-5,,,,,,,,,,,,,,,,,,,,,,,,,,,,,,,,,,,,,,,,,,,-2,,,,,,,,,,,,,,,
building_hydroponic,pmg_base_building_hydroponic_type,pm_hydroponic_vertical_farming,base,construction_cost_very_high,,,,,,,,,,,,,,,,,,,,,,,,,,,,,,,-5,-5,,-5,,,,,,,,,,,,,,,,,,,,,,,,,,,,,,,,,,,,,,,,,,,-2,,,,,,,,,,,,,,,
building_hydroponic,pmg_hydroponic_plantation_type,pm_hydroponic_cotton,base,construction_cost_very_high,,,,,,,,,,90,,,,,,,,,,,,,,,,,,,,,,,,,,,,,,,,,,,,,,,,,,,,,,,,,,,,,,,,,,,,,,,,,,,,,,,,,,,,,,,,,,
building_hydroponic,pmg_hydroponic_plantation_type,pm_hydroponic_fruit,base,construction_cost_very_high,,,,,,,,,,,,,,,,,,,,,,,,,,,,,,,,,,,,,,,60,,,,,,,,,,,,,,,,,,,,,,,,,,,,,,,,,,,,,,,,,,,,,,,,,,,,,
building_hydroponic,pmg_hydroponic_plantation_type,pm_hydroponic_dye,base,construction_cost_very_high,,,,,,,,,,,,,,,,,,,,,,,45,,,,,,,,,,,,,,,,,,,,,,,,,,,,,,,,,,,,,,,,,,,,,,,,,,,,,,,,,,,,,,,,,,,,,
building_hydroponic,pmg_hydroponic_plantation_type,pm_hydroponic_tea,base,construction_cost_very_high,,,,,,,,,,,,,,,,,,,,,,,,,,,,,,,,,,,,,,,,,,36,,,,,,,,,,,,,,,,,,,,,,,,,,,,,,,,,,,,,,,,,,,,,,,,,,
building_hydroponic,pmg_hydroponic_plantation_type,pm_hydroponic_coffee,base,construction_cost_very_high,,,,,,,,,,,,,,,,,,,,,,,,,,,,,,,,,,,,,,,,,,,36,,,,,,,,,,,,,,,,,,,,,,,,,,,,,,,,,,,,,,,,,,,,,,,,,
building_hydroponic,pmg_hydroponic_automation_drone,pm_hydroponic_conventional_farming,refining,construction_cost_very_high,,,,,,,,,,,,,,,,,,,,,,,,,,,,,,,,,,,,,,,,,,,,,,,,,,,,,,,,,,,,,,,,,,,,,,,,,,,,,,,,,,,,,,,,,,,,
building_hydroponic,pmg_hydroponic_automation_drone,pm_hydroponic_drones_farming,refining,construction_cost_very_high,,,,,,,,,,,,,,,,,,,,,,,,,,,,,,,2,3,,2,,,,,,,,,,,,,,,,,,,,,,,,,,,,,,,,,,,,,,,,,,-3,,,,,,,,,-1,,,,,,,
building_hydroponic,pmg_train_automation_building_hydroponic,pm_multiway_transport_plantation,other,construction_cost_very_high,,,,,,,,,,,,,,,,,-2,,,,,,,,,,,,,,,,,,,,,,,,,,,,,,-2,,,,,,,,,,,,,,,,,,,,,,,,,,,,,,,,,,,,,,,,,,,,,
building_hydroponic,pmg_data_optimization_primary_sector,pm_manual_data_reporting_primary_sector,other,construction_cost_very_high,,,,,,,,,,,,,,,,,,,,,,,,,,,,,,,,,,,,,,,,,,,,,,,,,,,,,,,,,,,,,,,,,,,,,,,,,,,,,,,,,,,,,,,,,,,,
building_hydroponic,pmg_data_optimization_primary_sector,pm_manual_data_optimization_primary_sector,other,construction_cost_very_high,,,,,,,,,,,,,,,-1,,,,,,,,,,,,,,,,,,,,,,,,,,,,,,,,,,,,,,,,,,,,,,,,,,,,,,,,,,,,,,,,,,,,,-1,,,,,,,,
building_hydroponic,pmg_data_optimization_primary_sector,pm_digital_data_optimization_primary_sector,other,construction_cost_very_high,,,,,,,,,,,,,,,,,,,,,,,,,,,,,,,,,,,,,,,,,,,,,,,,,,,,,,,,,,,,,,,,,,,,,,,,,,,,,,,,,,,1,-3,,,,,,,,
building_hydroponic,pmg_data_optimization_primary_sector,pm_digital_data_on_premises_primary_sector,other,construction_cost_very_high,,,,,,,,,,,,,,,,,,,,,,,,,,,,,,,,,,,,,,,,,,,,,,,,,,,,,,,,,,,,,,,,,,,,,,,,,,,,,,,,,,6,,-3,,-1,,,,,,
building_hydroponic,pmg_data_optimization_primary_sector,pm_internet_data_reporting_primary_sector,other,construction_cost_very_high,,,,,,,,,,,,,,,,,,,,,,,,,,,,,,,,,,,,,,,,,,,,,,,,,,,,,,,,,,,,,,,,,,,,,,,,,,,,,,,,,,8,,-4,-1,-3,,,,,,
building_instrument_workshops,pmg_elgar_instruments,pm_elgar_artisan_instruments,other,construction_cost_high,,,,,,,,,,,-30,,,,,,,,,,,,,,,,,,,,,,,,,,,,,,,,,,,,,,,,,,,,,25,,,,,,,,,,,,,,,,,,,,,,,,,,,,,,,,,,,,
building_instrument_workshops,pmg_elgar_instruments,pm_elgar_artisan_brass_instruments,other,construction_cost_high,,,,,,,,,,,-30,,,,,,,,,,,,,,,,,,,,,,,,,,,,,,,,,,,,,,,,,,,,,35,,,,-5,-5,,,,,,,,,,,,,,,,,,,,,,,,,,,,,,,
building_instrument_workshops,pmg_elgar_instruments,pm_elgar_industrial_instruments,other,construction_cost_high,,,,,,,,,,,-30,,,,,,,,,,,,,,,,,,,,,,,,-5,,,,,,,,,,,,,,,,,,,,,45,,,-10,,,,,,,,,,,,,,,,,,,,,,,,,,,,,,,,,
building_instrument_workshops,pmg_elgar_instruments,pm_elgar_electric_instruments,other,construction_cost_high,,,,,,,,,,,,,,,,,,,,,,,,,,,,,,,,,,,-15,,,,,,,,,,,,,,,,,,,,,60,,,-15,,,,,,-5,,,,,,-2,,,,,,,,,,,,,,,,,,,,,
building_instrument_workshops,pmg_elgar_instruments,pm_elgar_digital_instruments,other,construction_cost_high,,,,,,,,,,,,,,,,,,,,,,,,,,,,,,,,,,,-15,,,,,,,,,,,,,,,,,,,,,75,,,-20,,,,,,-8,,,,,,,-2,,,,,,,,,,,,,,,,,,,,
building_instrument_workshops,pmg_data_optimization_light_industry,pm_manual_data_reporting_light_industry,other,construction_cost_high,,,,,,,,,,,,,,,,,,,,,,,,,,,,,,,,,,,,,,,,,,,,,,,,,,,,,,,,,,,,,,,,,,,,,,,,,,,,,,,,,,,1,,,,,,,,,
building_instrument_workshops,pmg_data_optimization_light_industry,pm_manual_data_optimization_light_industry,other,construction_cost_high,,,,,,,,,,,,,,,-1,,,,,,,,,,,,,,,,,,,,,,,,,,,,,,,,,,,,,,,,,,,,,,,,,,,,,,,,,,,,,,,,,,,,1,-1,,,,,,,,
building_instrument_workshops,pmg_data_optimization_light_industry,pm_digital_data_optimization_light_industry,other,construction_cost_high,,,,,,,,,,,,,,,,,,,,,,,,,,,,,,,,,,,,,,,,,,,,,,,,,,,,,,,,,,,,,,,,,,,,,,,,,,,,,,,,,,,2,-3,,,,,,,,
building_instrument_workshops,pmg_data_optimization_light_industry,pm_digital_data_on_premises_light_industry,other,construction_cost_high,,,,,,,,,,,,,,,,,,,,,,,,,,,,,,,,,,,,,,,,,,,,,,,,,,,,,,,,,,,,,,,,,,,,,,,,,,,,,,,,,,8,,-3,,-1,,,,,,
building_instrument_workshops,pmg_data_optimization_light_industry,pm_internet_data_reporting_light_industry,other,construction_cost_high,,,,,,,,,,,,,,,,,,,,,,,,,,,,,,,,,,,,,,,,,,,,,,,,,,,,,,,,,,,,,,,,,,,,,,,,,,,,,,,,,,12,,-4,-2,-3,,,,,,
building_instrument_workshops,pmg_data_optimization_light_industry,pm_internet_data_optimization_light_industry,other,construction_cost_high,,,,,,,,,,,,,,,,,,,,,,,,,,,,,,,,,,,,,,,,,,,,,,,,,,,,,,,,,,,,,,,,,,,,,,,,,,,-1,,,,,,,12,,-6,-5,-4,,,,,,
building_interactive_media_industry,pmg_interactive_media_building_interactive_media_industry,pm_pixel_based_building_interactive_media_industry,base,construction_cost_modern,,,,,,,,,,,,,,,,,,-5,,,,,,,,,,,,,,,,,,,,,,,,,,,,,,,,,,,,,,,,,,,,,,,,,,,,,,,,-10,-5,,,,,,,,,,,-15,65,,,,,
building_interactive_media_industry,pmg_interactive_media_building_interactive_media_industry,pm_3d_engine_building_interactive_media_industry,base,construction_cost_modern,,,,,,,,,,,,,,,,,,-7,,,,,,,,,,,,,,,,,,,,,,,,,,,,,,,,,,,,,,,,,,,,,,,,,,,,,,,,-10,-10,,,,,,,,,,,-25,95,,,,,
building_interactive_media_industry,pmg_interactive_media_building_interactive_media_industry,pm_cross_platform_building_interactive_media_industry,base,construction_cost_modern,,,,,,,,,,,,,,,,,,-10,,,,,,,,,,,,,,,,,,,,,,,,,,,,,,,,,,,,,,,,,,,,,,,,,,,,,,,,-10,-15,,,,,,,,,,,-30,120,,,,,
building_interactive_media_industry,pmg_data_transportation_building_office,pm_typewriter_documentation_building_office,automation,construction_cost_modern,,,,,,,,,,,,,,,,,,,,,,,,,,,,,,,,,,,,,,,,,,,,,,,,,,,,,,,,,,,,,,,,,,,,,,,-1,,,,,,,,,,,,,,-1,,,,,,,
building_interactive_media_industry,pmg_data_transportation_building_office,pm_teleprinter_network_building_office,automation,construction_cost_modern,,,,,,,,,,,,,,,,,,,,,,,,,,,,,,,,,,,,,,,,,,,,,,,,,,,,,,,,,,,,,,,,,,,,,,,-1,,,,,,,,,,,,,,-2,,,,,,,
building_interactive_media_industry,pmg_data_transportation_building_office,pm_local_network_building_office,automation,construction_cost_modern,,,,,,,,,,,,,,,,,,,,,,,,,,,,,,,,,,,,,,,,,,,,,,,,,,,,,,,,,,,,,,,,,,,,,,,,,,,,,,,,,,,,,-3,,,,,,,
building_interactive_media_industry,pmg_data_transportation_building_office,pm_internet_building_office,automation,construction_cost_modern,,,,,,,,,,,,,,,,,,,,,,,,,,,,,,,,,,,,,,,,,,,,,,,,,,,,,,,,,,,,,,,,,,,,,,,,,,,,,,,,,,,,,-5,,,,,,,
building_interactive_media_industry,pmg_data_optimization_heavy_industry,pm_manual_data_reporting_heavy_industry,other,construction_cost_modern,,,,,,,,,,,,,,,,,,,,,,,,,,,,,,,,,,,,,,,,,,,,,,,,,,,,,,,,,,,,,,,,,,,,,,,,,,,,,,,,,,,1,,,,,,,,,
building_interactive_media_industry,pmg_data_optimization_heavy_industry,pm_manual_data_optimization_heavy_industry,other,construction_cost_modern,,,,,,,,,,,,,,,-1,,,,,,,,,,,,,,,,,,,,,,,,,,,,,,,,,,,,,,,,,,,,,,,,,,,,,,,,,,,,,,,,,,,,1,-1,,,,,,,,
building_interactive_media_industry,pmg_data_optimization_heavy_industry,pm_digital_data_optimization_heavy_industry,other,construction_cost_modern,,,,,,,,,,,,,,,,,,,,,,,,,,,,,,,,,,,,,,,,,,,,,,,,,,,,,,,,,,,,,,,,,,,,,,,,,,,,,,,,,,,3,-3,,,,,,,,
building_interactive_media_industry,pmg_data_optimization_heavy_industry,pm_digital_data_on_premises_heavy_industry,other,construction_cost_modern,,,,,,,,,,,,,,,,,,,,,,,,,,,,,,,,,,,,,,,,,,,,,,,,,,,,,,,,,,,,,,,,,,,,,,,,,,,,,,,,,,10,,-3,,-1,,,,,,
building_interactive_media_industry,pmg_data_optimization_heavy_industry,pm_internet_data_reporting_heavy_industry,other,construction_cost_modern,,,,,,,,,,,,,,,,,,,,,,,,,,,,,,,,,,,,,,,,,,,,,,,,,,,,,,,,,,,,,,,,,,,,,,,,,,,,,,,,,,16,,-4,-2,-3,,,,,,
building_interactive_media_industry,pmg_data_optimization_heavy_industry,pm_internet_data_optimization_heavy_industry,other,construction_cost_modern,,,,,,,,,,,,,,,,,,,,,,,,,,,,,,,,,,,,,,,,,,,,,,,,,,,,,,,,,,,,,,,,,,,,,,,,,,,-1,,,,,,,16,,-6,-5,-4,,,,,,
building_iron_mine,pmg_mining_equipment_building_iron_mine,pm_picks_and_shovels_building_iron_mine,base,construction_cost_medium,,,,,,,,,,,,,,,,,,,,,,,,,,20,,,,,,,,,-5,,,,,,,,,,,,,,,,,,,,,,,,,,,,,,,,,,,,,,,,,,,,,,,,,,,,,,,,,
building_iron_mine,pmg_mining_equipment_building_iron_mine,pm_atmospheric_engine_pump_building_iron_mine,base,construction_cost_medium,,,,,,,,,,,,,,,,,,,,,,,,,-10,40,,,,,,,,,-10,,,,,,,,,,,,,,,,,,,,,,,,,,,,,,,,,,,,,,,,,,,,,,,,,,,,,,,,,
building_iron_mine,pmg_mining_equipment_building_iron_mine,pm_condensing_engine_pump_building_iron_mine,base,construction_cost_medium,,,,,,,,,,,,,,,,,,,,,,,,,-15,60,,,,,,,,,-15,,,,,,,,,,,,,,,,,,,,,,,,,,,,,,,,,,,,,,,,,,,,,,,,,,,,,,,,,
building_iron_mine,pmg_mining_equipment_building_iron_mine,pm_diesel_pump_building_iron_mine,base,construction_cost_medium,,,,,,,,,,,,,,,,,,,,,,,,,,70,,,,,,,,,-20,,,,,,,,,,,,,,,,,,,,,,,,,,,,,,,-3,,,,,,,,,,,,,,,,,,,,,,,,,,
building_iron_mine,pmg_mining_equipment_building_iron_mine,pm_electric_fueled_pump_building_iron_mine,base,construction_cost_medium,,,,,,,,,,,,,,,,,,-5,,,,,,,,85,,,,,,,,,-20,,,,,,,,,,,,,,,,,,,,,,,,,,,,,,,-5,,,,,-2,,,,,,,,,,,,,,,,,,,,,
building_iron_mine,pmg_mining_equipment_building_iron_mine,pm_heavy_machineries_building_iron_mine,base,construction_cost_medium,,,,,,,,,,,,,,,,,,-10,,,,,,,,105,,,,,-5,,,,,,,,,,,,,,,,,,,,,,,,,,,,,,,,,,,-5,,,,,-3,,,,,-7,,,,,,,,,,,,,,,,
building_iron_mine,pmg_mining_equipment_building_iron_mine,pm_autonomous_and_remote_ops_building_iron_mine,base,construction_cost_medium,,,,,,,,,,,,,,,,,,-10,,,,,,,,130,,,,,-5,,,,,,,,,,,,,,,,,,,,,,,,,,,,,,,,,,,-5,,,,,,-2,,,,-12,,,,,,,,,-10,,,,,,,
building_iron_mine,pmg_explosives_building_iron_mine,pm_no_explosives,base,construction_cost_medium,,,,,,,,,,,,,,,,,,,,,,,,,,,,,,,,,,,,,,,,,,,,,,,,,,,,,,,,,,,,,,,,,,,,,,,,,,,,,,,,,,,,,,,,,,,,
building_iron_mine,pmg_explosives_building_iron_mine,pm_nitroglycerin_building_iron_mine,base,construction_cost_medium,,,,,,,,,,,,,,,,,,,,,,,,,,12,,,,,,,,,,-5,,,,,,,,,,,,,,,,,,,,,,,,,,,,,,,,,,,,,,,,,,,,,,,,,,,,,,,,
building_iron_mine,pmg_explosives_building_iron_mine,pm_dynamite_building_iron_mine,base,construction_cost_medium,,,,,,,,,,,,,,,,,,,,,,,,,,20,,,,,,,,,,-10,,,,,,,,,,,,,,,,,,,,,,,,,,,,,,,,,,,,,,,,,,,,,,,,,,,,,,,,
building_iron_mine,pmg_explosives_building_iron_mine,pm_high_precision_blasting_building_iron_mine,base,construction_cost_medium,,,,,,,,,,,,,,,,,,,,,,,,,,40,,,,,,,,,,-15,,,,,,,,,,,,,,,,,,,,,,,,,,,,,,,,,-2,,,,,,,,,,,,,,,,-5,,,,,,,
building_iron_mine,pmg_steam_automation_building_iron_mine,pm_no_steam_automation,automation,construction_cost_medium,,,,,,,,,,,,,,,,,,,,,,,,,,,,,,,,,,,,,,,,,,,,,,,,,,,,,,,,,,,,,,,,,,,,,,,,,,,,,,,,,,,,,,,,,,,,
building_iron_mine,pmg_steam_automation_building_iron_mine,pm_steam_donkey_mine,automation,construction_cost_medium,,,,,,,,,,,,,,,,,,,,,,,,,-4,,,,,,-1,,,,,,,,,,,,,,,,,,,,,,,,,,,,,,,,,,,,,,,,,,,,,,,,,,,,,,,,,,,,,
building_iron_mine,pmg_steam_automation_building_iron_mine,pm_purification_mine,automation,construction_cost_medium,,,,,,,,,,,,,,,,,,,,,,,,,,,,,,,,,,,,,,,,,,,,,,,,,,,,,,,,,,,,,,,,,,,,,,,,,,,,,,,,,,,,,,,,,,,,
building_iron_mine,pmg_steam_automation_building_iron_mine,pm_hpgr_comminution,automation,construction_cost_medium,,,,,,,,,,,,,,,,,,5,,,,,,,,,,,,,,-1,,,,,,,,,,,,,,,,,,,,,,,,,,,,,,,,,,,,,,,,,,,,-1,,,,,,,,,,,,,,,,
building_iron_mine,pmg_train_automation_building_iron_mine,pm_road_carts,automation,construction_cost_medium,,,,,,,,,,,,,,,,,,,,,,,,,,,,,,,,,,,,,,,,,,,,,,,,,,,,,,,,,,,,,,,,,,,,,,,,,,,,,,,,,,,,,,,,,,,,
building_iron_mine,pmg_train_automation_building_iron_mine,pm_rail_transport_mine,automation,construction_cost_medium,,,,,,,,,,,,,,,,,-4,,,,,,,,,,,,,,,,,,,,,,,,,,,,,,,,,,,,,,,,,,,,,,,,,,,,,,,,,,,,,,,,,,,,,,,,,,,
building_iron_mine,pmg_train_automation_building_iron_mine,pm_multiway_transport_mine,automation,construction_cost_medium,,,,,,,,,,,,,,,,,-2,,,,,,,,,,,,,,,,,,,,,,,,,,,,,,-2,,,,,,,,,,,,,,,,,,,,,,,,,,,,,,,,,,,,,,,,,,,,,
building_iron_mine,pmg_selective_mineral_extraction_iron_mine,pm_no_selective_mineral_extraction,base,construction_cost_medium,,,,,,,,,,,,,,,,,,,,,,,,,,,,,,,,,,,,,,,,,,,,,,,,,,,,,,,,,,,,,,,,,,,,,,,,,,,,,,,,,,,,,,,,,,,,
building_iron_mine,pmg_selective_mineral_extraction_iron_mine,selective_mineral_extraction_iron_mine,base,construction_cost_medium,,,,,,,,,,,,,,,,,,,,,,,,,,-15,,,,,,,,,,,,,,,,,,,,,,,,,,,,,,,,,,,8,,,,,,,,,,,,,,,,,,,,,,,,,,,,,,,
building_iron_mine,pmg_data_optimization_primary_sector,pm_manual_data_reporting_primary_sector,other,construction_cost_medium,,,,,,,,,,,,,,,,,,,,,,,,,,,,,,,,,,,,,,,,,,,,,,,,,,,,,,,,,,,,,,,,,,,,,,,,,,,,,,,,,,,,,,,,,,,,
building_iron_mine,pmg_data_optimization_primary_sector,pm_manual_data_optimization_primary_sector,other,construction_cost_medium,,,,,,,,,,,,,,,-1,,,,,,,,,,,,,,,,,,,,,,,,,,,,,,,,,,,,,,,,,,,,,,,,,,,,,,,,,,,,,,,,,,,,,-1,,,,,,,,
building_iron_mine,pmg_data_optimization_primary_sector,pm_digital_data_optimization_primary_sector,other,construction_cost_medium,,,,,,,,,,,,,,,,,,,,,,,,,,,,,,,,,,,,,,,,,,,,,,,,,,,,,,,,,,,,,,,,,,,,,,,,,,,,,,,,,,,1,-3,,,,,,,,
building_iron_mine,pmg_data_optimization_primary_sector,pm_digital_data_on_premises_primary_sector,other,construction_cost_medium,,,,,,,,,,,,,,,,,,,,,,,,,,,,,,,,,,,,,,,,,,,,,,,,,,,,,,,,,,,,,,,,,,,,,,,,,,,,,,,,,,6,,-3,,-1,,,,,,
building_iron_mine,pmg_data_optimization_primary_sector,pm_internet_data_reporting_primary_sector,other,construction_cost_medium,,,,,,,,,,,,,,,,,,,,,,,,,,,,,,,,,,,,,,,,,,,,,,,,,,,,,,,,,,,,,,,,,,,,,,,,,,,,,,,,,,8,,-4,-1,-3,,,,,,
building_kaiserforum_2,pmg_base_building_kaiserforum_2,pm_default_building_kaiserforum_2,base,construction_cost_monument,,,,,,,,,,,,,,,,,,,,,,,,,,,,,,,,,,,,,,,,,,,,,,,,,,,,,,,,,,,,,,,,,,,,,,,,,,,,,,,,,,,,,,,,,,,,
building_kaiserforum_2,pmg_base_building_kaiserforum_2,pm_monument_prestige_only,base,construction_cost_monument,,,,,,,,,,,,,,,,,,,,,,,,,,,,,,,,,,,,,,,,,,,,,,,,,,,,,,,,,,,,,,,,,,,,,,,,,,,,,,,,,,,,,,,,,,,,
building_kaiserforum_2,pmg_base_building_kaiserforum_2,pm_monument_no_effects,base,construction_cost_monument,,,,,,,,,,,,,,,,,,,,,,,,,,,,,,,,,,,,,,,,,,,,,,,,,,,,,,,,,,,,,,,,,,,,,,,,,,,,,,,,,,,,,,,,,,,,
building_kaiserforum_3,pmg_base_building_kaiserforum_3,pm_default_building_kaiserforum_3,base,construction_cost_monument,,,,,,,,,,,,,,,,,,,,,,,,,,,,,,,,,,,,,,,,,,,,,,,,,,,,,,,,,,,,,,,,,,,,,,,,,,,,,,,,,,,,,,,,,,,,
building_kaiserforum_3,pmg_base_building_kaiserforum_3,pm_monument_prestige_only,base,construction_cost_monument,,,,,,,,,,,,,,,,,,,,,,,,,,,,,,,,,,,,,,,,,,,,,,,,,,,,,,,,,,,,,,,,,,,,,,,,,,,,,,,,,,,,,,,,,,,,
building_kaiserforum_3,pmg_base_building_kaiserforum_3,pm_monument_no_effects,base,construction_cost_monument,,,,,,,,,,,,,,,,,,,,,,,,,,,,,,,,,,,,,,,,,,,,,,,,,,,,,,,,,,,,,,,,,,,,,,,,,,,,,,,,,,,,,,,,,,,,
building_kaiserforum_4,pmg_base_building_kaiserforum_4,pm_default_building_kaiserforum_4,base,construction_cost_monument,,,,,,,,,,,,,,,,,,,,,,,,,,,,,,,,,,,,,,,,,,,,,,,,,,,,,,,,,,,,,,,,,,,,,,,,,,,,,,,,,,,,,,,,,,,,
building_kaiserforum_4,pmg_base_building_kaiserforum_4,pm_monument_prestige_only,base,construction_cost_monument,,,,,,,,,,,,,,,,,,,,,,,,,,,,,,,,,,,,,,,,,,,,,,,,,,,,,,,,,,,,,,,,,,,,,,,,,,,,,,,,,,,,,,,,,,,,
building_kaiserforum_4,pmg_base_building_kaiserforum_4,pm_monument_no_effects,base,construction_cost_monument,,,,,,,,,,,,,,,,,,,,,,,,,,,,,,,,,,,,,,,,,,,,,,,,,,,,,,,,,,,,,,,,,,,,,,,,,,,,,,,,,,,,,,,,,,,,
building_khaju_bridge,pmg_dummy,pm_dummy,other,,,,,,,,,,,,,,,,,,,,,,,,,,,,,,,,,,,,,,,,,,,,,,,,,,,,,,,,,,,,,,,,,,,,,,,,,,,,,,,,,,,,,,,,,,,,,
building_lead_mine,pmg_mining_equipment_building_lead_mine,pm_picks_and_shovels_building_lead_mine,base,construction_cost_medium,,,,,,,,,,,,,,,,,,,,,,,,,,,20,,,,,,,,-5,,,,,,,,,,,,,,,,,,,,,,,,,,,,,,,,,,,,,,,,,,,,,,,,,,,,,,,,,
building_lead_mine,pmg_mining_equipment_building_lead_mine,pm_atmospheric_engine_pump_building_lead_mine,base,construction_cost_medium,,,,,,,,,,,,,,,,,,,,,,,,,-10,,40,,,,,,,,-10,,,,,,,,,,,,,,,,,,,,,,,,,,,,,,,,,,,,,,,,,,,,,,,,,,,,,,,,,
building_lead_mine,pmg_mining_equipment_building_lead_mine,pm_condensing_engine_pump_building_lead_mine,base,construction_cost_medium,,,,,,,,,,,,,,,,,,,,,,,,,-15,,60,,,,,,,,-15,,,,,,,,,,,,,,,,,,,,,,,,,,,,,,,,,,,,,,,,,,,,,,,,,,,,,,,,,
building_lead_mine,pmg_mining_equipment_building_lead_mine,pm_diesel_pump_building_lead_mine,base,construction_cost_medium,,,,,,,,,,,,,,,,,,,,,,,,,,,70,,,,,,,,-20,,,,,,,,,,,,,,,,,,,,,,,,,,,,,,,-3,,,,,,,,,,,,,,,,,,,,,,,,,,
building_lead_mine,pmg_mining_equipment_building_lead_mine,pm_electric_fueled_pump_building_lead_mine,base,construction_cost_medium,,,,,,,,,,,,,,,,,,-5,,,,,,,,,85,,,,,,,,-20,,,,,,,,,,,,,,,,,,,,,,,,,,,,,,,-5,,,,,-2,,,,,,,,,,,,,,,,,,,,,
building_lead_mine,pmg_mining_equipment_building_lead_mine,pm_heavy_machineries_building_lead_mine,base,construction_cost_medium,,,,,,,,,,,,,,,,,,-10,,,,,,,,,105,,,,-5,,,,,,,,,,,,,,,,,,,,,,,,,,,,,,,,,,,-5,,,,,-3,,,,,-7,,,,,,,,,,,,,,,,
building_lead_mine,pmg_mining_equipment_building_lead_mine,pm_autonomous_and_remote_ops_building_lead_mine,base,construction_cost_medium,,,,,,,,,,,,,,,,,,-10,,,,,,,,,130,,,,-5,,,,,,,,,,,,,,,,,,,,,,,,,,,,,,,,,,,-5,,,,,,-2,,,,-12,,,,,,,,,-10,,,,,,,
building_lead_mine,pmg_explosives_building_lead_mine,pm_no_explosives,base,construction_cost_medium,,,,,,,,,,,,,,,,,,,,,,,,,,,,,,,,,,,,,,,,,,,,,,,,,,,,,,,,,,,,,,,,,,,,,,,,,,,,,,,,,,,,,,,,,,,,
building_lead_mine,pmg_explosives_building_lead_mine,pm_nitroglycerin_building_lead_mine,base,construction_cost_medium,,,,,,,,,,,,,,,,,,,,,,,,,,,12,,,,,,,,,-5,,,,,,,,,,,,,,,,,,,,,,,,,,,,,,,,,,,,,,,,,,,,,,,,,,,,,,,,
building_lead_mine,pmg_explosives_building_lead_mine,pm_dynamite_building_lead_mine,base,construction_cost_medium,,,,,,,,,,,,,,,,,,,,,,,,,,,20,,,,,,,,,-10,,,,,,,,,,,,,,,,,,,,,,,,,,,,,,,,,,,,,,,,,,,,,,,,,,,,,,,,
building_lead_mine,pmg_explosives_building_lead_mine,pm_high_precision_blasting_building_lead_mine,base,construction_cost_medium,,,,,,,,,,,,,,,,,,,,,,,,,,,40,,,,,,,,,-15,,,,,,,,,,,,,,,,,,,,,,,,,,,,,,,,,-2,,,,,,,,,,,,,,,,-5,,,,,,,
building_lead_mine,pmg_steam_automation_building_lead_mine,pm_no_steam_automation,automation,construction_cost_medium,,,,,,,,,,,,,,,,,,,,,,,,,,,,,,,,,,,,,,,,,,,,,,,,,,,,,,,,,,,,,,,,,,,,,,,,,,,,,,,,,,,,,,,,,,,,
building_lead_mine,pmg_steam_automation_building_lead_mine,pm_steam_donkey_mine,automation,construction_cost_medium,,,,,,,,,,,,,,,,,,,,,,,,,-4,,,,,,-1,,,,,,,,,,,,,,,,,,,,,,,,,,,,,,,,,,,,,,,,,,,,,,,,,,,,,,,,,,,,,
building_lead_mine,pmg_steam_automation_building_lead_mine,pm_purification_mine,automation,construction_cost_medium,,,,,,,,,,,,,,,,,,,,,,,,,,,,,,,,,,,,,,,,,,,,,,,,,,,,,,,,,,,,,,,,,,,,,,,,,,,,,,,,,,,,,,,,,,,,
building_lead_mine,pmg_train_automation_building_lead_mine,pm_road_carts,automation,construction_cost_medium,,,,,,,,,,,,,,,,,,,,,,,,,,,,,,,,,,,,,,,,,,,,,,,,,,,,,,,,,,,,,,,,,,,,,,,,,,,,,,,,,,,,,,,,,,,,
building_lead_mine,pmg_train_automation_building_lead_mine,pm_rail_transport_mine,automation,construction_cost_medium,,,,,,,,,,,,,,,,,-4,,,,,,,,,,,,,,,,,,,,,,,,,,,,,,,,,,,,,,,,,,,,,,,,,,,,,,,,,,,,,,,,,,,,,,,,,,,
building_lead_mine,pmg_train_automation_building_lead_mine,pm_multiway_transport_mine,automation,construction_cost_medium,,,,,,,,,,,,,,,,,-2,,,,,,,,,,,,,,,,,,,,,,,,,,,,,,-2,,,,,,,,,,,,,,,,,,,,,,,,,,,,,,,,,,,,,,,,,,,,,
building_lead_mine,pmg_selective_mineral_extraction_lead_mine,pm_no_selective_mineral_extraction,base,construction_cost_medium,,,,,,,,,,,,,,,,,,,,,,,,,,,,,,,,,,,,,,,,,,,,,,,,,,,,,,,,,,,,,,,,,,,,,,,,,,,,,,,,,,,,,,,,,,,,
building_lead_mine,pmg_selective_mineral_extraction_lead_mine,selective_mineral_extraction_lead_mine,base,construction_cost_medium,,,,,,,,,,,,,,,,,,,,,,,,,,,-15,,,,,,,,,,,,,,,,,,,,,,,,,,,,,,,,,8,,,,,,,,,,,,,,,,,,,,,,,,,,,,,,,,
building_lead_mine,pmg_data_optimization_primary_sector,pm_manual_data_reporting_primary_sector,other,construction_cost_medium,,,,,,,,,,,,,,,,,,,,,,,,,,,,,,,,,,,,,,,,,,,,,,,,,,,,,,,,,,,,,,,,,,,,,,,,,,,,,,,,,,,,,,,,,,,,
building_lead_mine,pmg_data_optimization_primary_sector,pm_manual_data_optimization_primary_sector,other,construction_cost_medium,,,,,,,,,,,,,,,-1,,,,,,,,,,,,,,,,,,,,,,,,,,,,,,,,,,,,,,,,,,,,,,,,,,,,,,,,,,,,,,,,,,,,,-1,,,,,,,,
building_lead_mine,pmg_data_optimization_primary_sector,pm_digital_data_optimization_primary_sector,other,construction_cost_medium,,,,,,,,,,,,,,,,,,,,,,,,,,,,,,,,,,,,,,,,,,,,,,,,,,,,,,,,,,,,,,,,,,,,,,,,,,,,,,,,,,,1,-3,,,,,,,,
building_lead_mine,pmg_data_optimization_primary_sector,pm_digital_data_on_premises_primary_sector,other,construction_cost_medium,,,,,,,,,,,,,,,,,,,,,,,,,,,,,,,,,,,,,,,,,,,,,,,,,,,,,,,,,,,,,,,,,,,,,,,,,,,,,,,,,,6,,-3,,-1,,,,,,
building_lead_mine,pmg_data_optimization_primary_sector,pm_internet_data_reporting_primary_sector,other,construction_cost_medium,,,,,,,,,,,,,,,,,,,,,,,,,,,,,,,,,,,,,,,,,,,,,,,,,,,,,,,,,,,,,,,,,,,,,,,,,,,,,,,,,,8,,-4,-1,-3,,,,,,
building_logging_camp,pmg_base_building_logging_camp,pm_simple_forestry,base,construction_cost_low,,,,,,,,,,,30,,,,,,,,,,,,,,,,,,,,,,,,,,,,,,,,,,,,,,,,,,,,,,,,,,,,,,,,,,,,,,,,,,,,,,,,,,,,,,,,,
building_logging_camp,pmg_base_building_logging_camp,pm_saw_mills,base,construction_cost_low,,,,,,,,,,,60,,,,,,,,,,,,,,,,,,,,,,,,-5,,,,,,,,,,,,,,,,,,,,,,,,,,,,,,,,,,,,,,,,,,,,,,,,,,,,,,,,,
building_logging_camp,pmg_base_building_logging_camp,pm_electric_saw_mills,base,construction_cost_low,,,,,,,,,,,100,,,,,,,-5,,,,,,,,,,,,,,,,,-10,,,,,,,,,,,,,,,,,,,,,,,,,,,,,,,,,,,,,,,,,,,,,,,,,,,,,,,,,
building_logging_camp,pmg_hardwood,pm_no_hardwood,refining,construction_cost_low,,,,,,,,,,,,,,,,,,,,,,,,,,,,,,,,,,,,,,,,,,,,,,,,,,,,,,,,,,,,,,,,,,,,,,,,,,,,,,,,,,,,,,,,,,,,
building_logging_camp,pmg_hardwood,pm_hardwood,refining,construction_cost_low,,,,,,,,,,,-25,,,,,,,,,,,,,,,,,10,,,,,,,,,,,,,,,,,,,,,,,,,,,,,,,,,,,,,,,,,,,,,,,,,,,,,,,,,,,,,,,,
building_logging_camp,pmg_hardwood,pm_increased_hardwood,refining,construction_cost_low,,,,,,,,,,,-40,,,,,,,,,,,,,,,,,20,,,,,,,,,,,,,,,,,,,,,,,,,,,,,,,,,,,,,,,,,,,,,,,,,,,,,,,,,,,,,,,,
building_logging_camp,pmg_equipment,pm_no_equipment,automation,construction_cost_low,,,,,,,,,,,,,,,,,,,,,,,,,,,,,,,,,,,,,,,,,,,,,,,,,,,,,,,,,,,,,,,,,,,,,,,,,,,,,,,,,,,,,,,,,,,,
building_logging_camp,pmg_equipment,pm_steam_donkey_building_logging_camp,automation,construction_cost_low,,,,,,,,,,,,,,,,,,,,,,,,,-4,,,,,,-1,,,,,,,,,,,,,,,,,,,,,,,,,,,,,,,,,,,,,,,,,,,,,,,,,,,,,,,,,,,,,
building_logging_camp,pmg_equipment,pm_chainsaws,automation,construction_cost_low,,,,,,,,,,,,,,,,,,,,,,,,,,,,,,-4,-1,,,,,,,,,,,,,,,,,,,,,,,,,,,,,,,,,,,,,,,,,,,,,,,,,,,,,,,,,,,,,
building_logging_camp,pmg_equipment,pm_mechanized_harvesters,automation,construction_cost_low,,,,,,,,,,,,,,,,,,,,,,,,,,,,,,,-4,-2,,,,,,,,,,,,,,,,,,,,,,,,,,,,,,,,,,-1,,,,,,,,,,-1,,,,,,,,,,,,,,,,
building_logging_camp,pmg_transportation_building_logging_camp,pm_road_carts,automation,construction_cost_low,,,,,,,,,,,,,,,,,,,,,,,,,,,,,,,,,,,,,,,,,,,,,,,,,,,,,,,,,,,,,,,,,,,,,,,,,,,,,,,,,,,,,,,,,,,,
building_logging_camp,pmg_transportation_building_logging_camp,pm_rail_transport_building_logging_camp,automation,construction_cost_low,,,,,,,,,,,,,,,,,-5,,,,,,,,,,,,,,,,,,,,,,,,,,,,,,,,,,,,,,,,,,,,,,,,,,,,,,,,,,,,,,,,,,,,,,,,,,,
building_logging_camp,pmg_transportation_building_logging_camp,pm_log_carts,automation,construction_cost_low,,,,,,,,,,,,,,,,,-8,,,,,,,,,,,,,,,,,,,,,,,,,,,,,,,,,,,,,,,,,,,,,,,,,,,,,,,,,,,,,,,,,,,,,,,,,,,
building_logging_camp,pmg_data_optimization_primary_sector,pm_manual_data_reporting_primary_sector,other,construction_cost_low,,,,,,,,,,,,,,,,,,,,,,,,,,,,,,,,,,,,,,,,,,,,,,,,,,,,,,,,,,,,,,,,,,,,,,,,,,,,,,,,,,,,,,,,,,,,
building_logging_camp,pmg_data_optimization_primary_sector,pm_manual_data_optimization_primary_sector,other,construction_cost_low,,,,,,,,,,,,,,,-1,,,,,,,,,,,,,,,,,,,,,,,,,,,,,,,,,,,,,,,,,,,,,,,,,,,,,,,,,,,,,,,,,,,,,-1,,,,,,,,
building_logging_camp,pmg_data_optimization_primary_sector,pm_digital_data_optimization_primary_sector,other,construction_cost_low,,,,,,,,,,,,,,,,,,,,,,,,,,,,,,,,,,,,,,,,,,,,,,,,,,,,,,,,,,,,,,,,,,,,,,,,,,,,,,,,,,,1,-3,,,,,,,,
building_logging_camp,pmg_data_optimization_primary_sector,pm_digital_data_on_premises_primary_sector,other,construction_cost_low,,,,,,,,,,,,,,,,,,,,,,,,,,,,,,,,,,,,,,,,,,,,,,,,,,,,,,,,,,,,,,,,,,,,,,,,,,,,,,,,,,6,,-3,,-1,,,,,,
building_logging_camp,pmg_data_optimization_primary_sector,pm_internet_data_reporting_primary_sector,other,construction_cost_low,,,,,,,,,,,,,,,,,,,,,,,,,,,,,,,,,,,,,,,,,,,,,,,,,,,,,,,,,,,,,,,,,,,,,,,,,,,,,,,,,,8,,-4,-1,-3,,,,,,
building_machu_picchu,pmg_dummy,pm_dummy,other,,,,,,,,,,,,,,,,,,,,,,,,,,,,,,,,,,,,,,,,,,,,,,,,,,,,,,,,,,,,,,,,,,,,,,,,,,,,,,,,,,,,,,,,,,,,,
building_maize_farm,pmg_base_building_maize_farm,pm_simple_farming,base,construction_cost_low,,,,,,,,20,,,,,,,,,,,,,,,,,,,,,,,,,,,,,,,,,,,,,,,,,,,,,,,,,,,,,,,,,,,,,,,,,,,,,,,,,,,,,,,,,,,,
building_maize_farm,pmg_base_building_maize_farm,pm_soil_enriching_farming,base,construction_cost_low,,,,,,,,30,,,,,,,,,,,,,,,,,,,,,,,,,,-5,,,,,,,,,,,,,,,,,,,,,,,,,,,,,,,,,,,,,,,,,,,,,,,,,,,,,,,,,,
building_maize_farm,pmg_base_building_maize_farm,pm_fertilization,base,construction_cost_low,,,,,,,,45,,,,,,,,,,,,,,,,,,,,,,,,,,-10,,,,,,,,,,,,,,,,,,,,,,,,,,,,,,,,,,,,,,,,,,,,,,,,,,,,,,,,,,
building_maize_farm,pmg_base_building_maize_farm,pm_chemical_fertilizer,base,construction_cost_low,,,,,,,,60,,,,,,,,,,,,,,,,,,,,,,,,,,-15,,,,,,,,,,,,,,,,,,,,,,,,,,,,,,,,,,,,,,,,,,,,,,,,,,,,,,,,,,
building_maize_farm,pmg_base_building_maize_farm,pm_synthetic_pesticides,base,construction_cost_low,,,,,,,,90,,,,,,,,,,,,,,,,,,,,,,-3,,,,-20,,,,,,,,,,,,,,,,,,,,,,,,,,,,,,,,,,,,,,,,,,,,-1,,,,,,,,,,,,,,
building_maize_farm,pmg_base_building_maize_farm,pm_ogm,base,construction_cost_low,,,,,,,,120,,,,,,,,,,,,,,,,,,,,,,-5,,,,-25,,,,,,,,,,,,,,,,,,,,,,,,,,,,,,,,,,,,,,,,,,,,-5,,,,,,,,,,,,,,
building_maize_farm,pmg_secondary_building_maize_farm,pm_no_secondary,refining,construction_cost_low,,,,,,,,,,,,,,,,,,,,,,,,,,,,,,,,,,,,,,,,,,,,,,,,,,,,,,,,,,,,,,,,,,,,,,,,,,,,,,,,,,,,,,,,,,,,
building_maize_farm,pmg_secondary_building_maize_farm,pm_citrus_orchards,refining,construction_cost_low,,,,,,,,-8,,,,,,,,,,,,,,,,,,,,,,,,,,,,,,,7,,,,,1,,,,,,,,,,,,,,,,,,,,,,,,,,,,,,,,,,,,,,,,,,,,,,,,
building_maize_farm,pmg_harvesting_process_building_maize_farm,pm_tools_disabled,automation,construction_cost_low,,,,,,,,,,,,,,,,,,,,,,,,,,,,,,,,,,,,,,,,,,,,,,,,,,,,,,,,,,,,,,,,,,,,,,,,,,,,,,,,,,,,,,,,,,,,
building_maize_farm,pmg_harvesting_process_building_maize_farm,pm_tools,automation,construction_cost_low,,,,,,,,,,,,,,,,,,,,,,,,,,,,,,,,,,,-2,,,,,,,,,,,,,,,,,,,,,,,,,,,,,,,,,,,,,,,,,,,,,,,,,,,,,,,,,
building_maize_farm,pmg_harvesting_process_building_maize_farm,pm_steam_threshers,automation,construction_cost_low,,,,,,,,,,,,,,,,,,,,,,,,,-1,,,,,,,,,,-2,,,,,,,,,,,,,,,,,,,,,,,,,,,,,,,,,,,,,,,,,,,,,,,,,,,,,,,,,
building_maize_farm,pmg_harvesting_process_building_maize_farm,pm_tractors,automation,construction_cost_low,,,,,,,,,,,,,,,,,,,,,,,,,-2,,,,,,-1,,,,,,,,,,,,,,,,,,,,,,,,,,,,,,,,,,,,,,,,,,,,,,,,,,,,,,,,,,,,,
building_maize_farm,pmg_harvesting_process_building_maize_farm,pm_compression_ignition_tractors,automation,construction_cost_low,,,,,,,,,,,,,,,,,,,,,,,,,,,,,,,-1,,,,,,,,,,,,,,,,,,,,,,,,,,,,,,,,,,,-1,,,,,,,,,,,,,,,,,,,,,,,,,,
building_maize_farm,pmg_harvesting_process_building_maize_farm,pm_autonomous_agricultural_vehicles,automation,construction_cost_low,,,,,,,,,,,,,,,,,,,,,,,,,,,,,,,-1,,,,,,,,,,,,,,,,,,,,,,,,,,,,,,,,,,,-1,,,,,,,,,,,,,,,,,,,-3,,,,,,,
building_maize_farm,pmg_data_optimization_primary_sector,pm_manual_data_reporting_primary_sector,other,construction_cost_low,,,,,,,,,,,,,,,,,,,,,,,,,,,,,,,,,,,,,,,,,,,,,,,,,,,,,,,,,,,,,,,,,,,,,,,,,,,,,,,,,,,,,,,,,,,,
building_maize_farm,pmg_data_optimization_primary_sector,pm_manual_data_optimization_primary_sector,other,construction_cost_low,,,,,,,,,,,,,,,-1,,,,,,,,,,,,,,,,,,,,,,,,,,,,,,,,,,,,,,,,,,,,,,,,,,,,,,,,,,,,,,,,,,,,,-1,,,,,,,,
building_maize_farm,pmg_data_optimization_primary_sector,pm_digital_data_optimization_primary_sector,other,construction_cost_low,,,,,,,,,,,,,,,,,,,,,,,,,,,,,,,,,,,,,,,,,,,,,,,,,,,,,,,,,,,,,,,,,,,,,,,,,,,,,,,,,,,1,-3,,,,,,,,
building_maize_farm,pmg_data_optimization_primary_sector,pm_digital_data_on_premises_primary_sector,other,construction_cost_low,,,,,,,,,,,,,,,,,,,,,,,,,,,,,,,,,,,,,,,,,,,,,,,,,,,,,,,,,,,,,,,,,,,,,,,,,,,,,,,,,,6,,-3,,-1,,,,,,
building_maize_farm,pmg_data_optimization_primary_sector,pm_internet_data_reporting_primary_sector,other,construction_cost_low,,,,,,,,,,,,,,,,,,,,,,,,,,,,,,,,,,,,,,,,,,,,,,,,,,,,,,,,,,,,,,,,,,,,,,,,,,,,,,,,,,8,,-4,-1,-3,,,,,,
building_manila_cathedral_monument,pmg_base_building_manila_cathedral_monument,pm_default_building_manila_cathedral_monument,base,construction_cost_monument,,,,,,,,,,,,,,,,,,,,,,,,,,,,,,,,,,,,,,,,,,,,,,,,,,,,,,,,,,,,,,,,,,,,,,,,,,,,,,,,,,,,,,,,,,,,
building_manila_cathedral_monument,pmg_base_building_manila_cathedral_monument,pm_monument_prestige_only,base,construction_cost_monument,,,,,,,,,,,,,,,,,,,,,,,,,,,,,,,,,,,,,,,,,,,,,,,,,,,,,,,,,,,,,,,,,,,,,,,,,,,,,,,,,,,,,,,,,,,,
building_manila_cathedral_monument,pmg_base_building_manila_cathedral_monument,pm_monument_no_effects,base,construction_cost_monument,,,,,,,,,,,,,,,,,,,,,,,,,,,,,,,,,,,,,,,,,,,,,,,,,,,,,,,,,,,,,,,,,,,,,,,,,,,,,,,,,,,,,,,,,,,,
building_manila_cathedral_original,pmg_dummy,pm_dummy,other,,,,,,,,,,,,,,,,,,,,,,,,,,,,,,,,,,,,,,,,,,,,,,,,,,,,,,,,,,,,,,,,,,,,,,,,,,,,,,,,,,,,,,,,,,,,,
building_manila_cathedral_ruins,pmg_base_building_manila_cathedral_ruins,pm_default_building_manila_cathedral_ruins,base,,,,,,,,,,,,,,,,,,,,,,,,,,,,,,,,,,,,,,,,,,,,,,,,,,,,,,,,,,,,,,,,,,,,,,,,,,,,,,,,,,,,,,,,,,,,,
building_manila_cathedral_ruins,pmg_base_building_manila_cathedral_ruins,pm_monument_prestige_only,base,,,,,,,,,,,,,,,,,,,,,,,,,,,,,,,,,,,,,,,,,,,,,,,,,,,,,,,,,,,,,,,,,,,,,,,,,,,,,,,,,,,,,,,,,,,,,
building_manila_cathedral_ruins,pmg_base_building_manila_cathedral_ruins,pm_monument_no_effects,base,,,,,,,,,,,,,,,,,,,,,,,,,,,,,,,,,,,,,,,,,,,,,,,,,,,,,,,,,,,,,,,,,,,,,,,,,,,,,,,,,,,,,,,,,,,,,
building_manor_house,pmg_ownership_building_manor_house,pm_manor_house_privately_owned,ownership,,,,,,,,,,,,,,,,,,,,,,,,,,,,,,,,,,,,,,,,,,,,,,,,,,,,,,,,,,,,,,,,,,,,,,,,,,,,,,,,,,,,,,,,,,,,,
building_manor_house,pmg_ownership_building_manor_house,pm_manor_house_principle_divine_economics_2,ownership,,,,,,,,,,,,,,,,,,,,,,,,,,,,,,,,,,,,,,,,,,,,,,,,,,,,,,,,,,,,,,,,,,,,,,,,,,,,,,,,,,,,,,,,,,,,,
building_manor_house,pmg_additional_ownership_building_manor_house,pm_manor_house_clergy_ownership,ownership,,,,,,,,,,,,,,,,,,,,,,,,,,,,,,,,,,,,,,,,,,,,,,,,,,,,,,,,,,,,,,,,,,,,,,,,,,,,,,,,,,,,,,,,,,,,,
building_manor_house,pmg_additional_ownership_building_manor_house,pm_manor_house_bureaucrat_ownership,ownership,,,,,,,,,,,,,,,,,,,,,,,,,,,,,,,,,,,,,,,,,,,,,,,,,,,,,,,,,,,,,,,,,,,,,,,,,,,,,,,,,,,,,,,,,,,,,
building_manzoni_publishing_industry,manzoni_pmg_communication,manzoni_pm_physical,base,construction_cost_very_high,,,,,,,,,,,,,,,,,,,,,,,,,,,,,,,,,,,,,,,,,,,,,,,,,,,,,,,,,,,,,,,,,,,,,,,,,,,,,,,,,,,1,,,,,,,,,
building_manzoni_publishing_industry,manzoni_pmg_communication,manzoni_pm_electric_telegraph,base,construction_cost_very_high,,,,,,,,,,,,,,,,,,-2,,,,,,,,,,,,,,,,,-3,,,,,,,,,,,,,,,,,,,,,,,,-2,,,,,,,,,,,,,,,,,,,,,,,,2,,,,,,,,,
building_manzoni_publishing_industry,manzoni_pmg_communication,manzoni_pm_telephone,base,construction_cost_very_high,,,,,,,,,,,,,,,,,,-3,,,,,,,,,,,,,,,,,,,,,,,,,,,,,,-5,,,,,,,,,,,,,,,,,,,,,,,,,,,,,,,,,,,4,,-3,,,,,,,
building_manzoni_publishing_industry,manzoni_pmg_communication,manzoni_pm_radio,base,construction_cost_very_high,,,,,,,,,,,,,,,,,,-5,,,,,,,,,,,,,,,,,,,,,,,,,,,,,,-5,-10,,,,,,,,,,,,,,,,,,,,,,,,,,,,,,,,,,6,,-10,,,,,,,
building_manzoni_publishing_industry,manzoni_pmg_communication,manzoni_pm_digital_media,base,construction_cost_very_high,,,,,,,,,,,,,,,,,,-5,,,,,,,,,,,,,,,,,,,,,,,,,,,,,,-10,,,,,,,,,,,,,,,,,,,,,,,,,,-5,-5,,,,,,,,8,,-15,,,,,,,
building_manzoni_publishing_industry,manzoni_pmg_building_publishing_industry_automation,pm_no_publishing_industry,automation,construction_cost_very_high,,,,,,,,,,,,,,,,,,,,,,,,,,,,,,,,,,,,,,,,,,,,,,,,,,,,,,,,,,,,,,,,,,,,,,,,,,,,,,,,,,,,,,,,,,,,
building_manzoni_publishing_industry,manzoni_pmg_building_publishing_industry_automation,manzoni_pm_printing_presses,automation,construction_cost_very_high,,,,,,,,,,,,,,,-15,,,,,,,,,,,,,,,,,,,,-5,,,,,,,,,,,,,,,,,,,,25,,,,,,,,,,,,,,,,,,,,,,,,,,,,,,,,,,,,,
building_manzoni_publishing_industry,manzoni_pmg_building_publishing_industry_automation,manzoni_pm_rotary_presses,automation,construction_cost_very_high,,,,,,,,,,,,,,,-30,,,,,,,,,,-10,,,,,,,,,,-15,,,,,,,,,,,,,,,,,,,,60,,,,,,,,,,,,,,,,,,,,,,,,,,,,,,,,,,,,,
building_manzoni_publishing_industry,manzoni_pmg_building_publishing_industry_automation,manzoni_pm_linotype,automation,construction_cost_very_high,,,,,,,,,,,,,,,-40,,,,,,,,,,-15,,,,,,-5,,,,-20,,,,,,,,,,,,,,,,,,,,80,,,,,,,,,,,,,,,,,,,,,,,,,,,,,,,,,,,,,
building_manzoni_publishing_industry,manzoni_pmg_building_publishing_industry_automation,pm_offset_printing,automation,construction_cost_very_high,,,,,,,,,,,,,,,-50,,,,,,,,-20,,-10,,,,-10,,-10,,,,,,,,,,,,,,,,,,,,,,,,100,,,,,,,,,,,,,,,,,,,,,,,,,,,,,,,,,,,,,
building_manzoni_publishing_industry,manzoni_pmg_building_publishing_industry_automation,pm_digital_press,automation,construction_cost_very_high,,,,,,,,,,,,,,,-50,,,,,,,,-15,,,,,,,,,,,,,,,,,,,,,,,,,,,,,,,,115,,,,,,,,,,,,,,,,,,,,-10,-5,,,,,,,,,,-5,,,,,,
building_manzoni_publishing_industry,pmg_broadcast_media_industry,pm_no_broadcast_media_industry,automation,construction_cost_very_high,,,,,,,,,,,,,,,,,,,,,,,,,,,,,,,,,,,,,,,,,,,,,,,,,,,,,,,,,,,,,,,,,,,,,,,,,,,,,,,,,,,,,,,,,,,,
building_manzoni_publishing_industry,pmg_broadcast_media_industry,pm_electronic_news_gathering,automation,construction_cost_very_high,,,,,,,,,,,,,,,-25,,,,,,,,,,,,,,,,,,,,,,,,,,,,,,,,,,,,,,,20,75,,,,,,,,,,,,,,-20,,-10,,,,,,,,,,,,,,,,,,,,,
building_manzoni_publishing_industry,pmg_broadcast_media_industry,pm_early_broadcasting,automation,construction_cost_very_high,,,,,,,,,,,,,,,-25,,,,,,,,,,,,,,,,,,,,,,,,,,,,,,,,,,5,,,,,25,80,,,,,,,,,,,,,,-20,,-10,,,-5,,,,,,,,,,,,,,,,,,
building_manzoni_publishing_industry,pmg_broadcast_media_industry,pm_color_broadcasting,automation,construction_cost_very_high,,,,,,,,,,,,,,,-25,,,,,,,,,,,,,,,,,,,,,,,,,,,,,,,,,,10,,,,,35,95,,,,,,,,,,,,,,-20,,-10,,,-15,,,,,,,,,,,,,,,,,,
building_manzoni_publishing_industry,pmg_digital_media_industry,pm_no_digital_media_industry,automation,construction_cost_very_high,,,,,,,,,,,,,,,,,,,,,,,,,,,,,,,,,,,,,,,,,,,,,,,,,,,,,,,,,,,,,,,,,,,,,,,,,,,,,,,,,,,,,,,,,,,,
building_manzoni_publishing_industry,pmg_digital_media_industry,pm_digital_audio_workstation,automation,construction_cost_very_high,,,,,,,,,,,,,,,-10,,,,,,,,,,,,,,,,,,,,,,,,,,,,,,,,,,,,,,,35,70,,,,,,,,,,,,,,,,-10,,,,,,,,,,,,,,,-10,,,,,,
building_manzoni_publishing_industry,pmg_digital_media_industry,pm_online_content_creation,automation,construction_cost_very_high,,,,,,,,,,,,,,,-10,,,,,,,,,,,,,,,,,,,,,,,,,,,,,,,,,,,,,,,40,80,,,,,,,,,,,,,,,,-10,,,,,,,,,,,,,,,-20,,,,,,
building_manzoni_publishing_industry,pmg_digital_media_industry,pm_digital_postproduction,automation,construction_cost_very_high,,,,,,,,,,,,,,,,,,,,,,,,,,,,,,,,,,,,,,,,,,,,,,,,,,,,,,55,100,,,,,,,,,,,,,,,,,,,,-10,-5,,,,,,,,,,-40,,,,,,
building_manzoni_publishing_industry,pmg_data_optimization_heavy_industry,pm_manual_data_reporting_heavy_industry,other,construction_cost_very_high,,,,,,,,,,,,,,,,,,,,,,,,,,,,,,,,,,,,,,,,,,,,,,,,,,,,,,,,,,,,,,,,,,,,,,,,,,,,,,,,,,,1,,,,,,,,,
building_manzoni_publishing_industry,pmg_data_optimization_heavy_industry,pm_manual_data_optimization_heavy_industry,other,construction_cost_very_high,,,,,,,,,,,,,,,-1,,,,,,,,,,,,,,,,,,,,,,,,,,,,,,,,,,,,,,,,,,,,,,,,,,,,,,,,,,,,,,,,,,,,1,-1,,,,,,,,
building_manzoni_publishing_industry,pmg_data_optimization_heavy_industry,pm_digital_data_optimization_heavy_industry,other,construction_cost_very_high,,,,,,,,,,,,,,,,,,,,,,,,,,,,,,,,,,,,,,,,,,,,,,,,,,,,,,,,,,,,,,,,,,,,,,,,,,,,,,,,,,,3,-3,,,,,,,,
building_manzoni_publishing_industry,pmg_data_optimization_heavy_industry,pm_digital_data_on_premises_heavy_industry,other,construction_cost_very_high,,,,,,,,,,,,,,,,,,,,,,,,,,,,,,,,,,,,,,,,,,,,,,,,,,,,,,,,,,,,,,,,,,,,,,,,,,,,,,,,,,10,,-3,,-1,,,,,,
building_manzoni_publishing_industry,pmg_data_optimization_heavy_industry,pm_internet_data_reporting_heavy_industry,other,construction_cost_very_high,,,,,,,,,,,,,,,,,,,,,,,,,,,,,,,,,,,,,,,,,,,,,,,,,,,,,,,,,,,,,,,,,,,,,,,,,,,,,,,,,,16,,-4,-2,-3,,,,,,
building_manzoni_publishing_industry,pmg_data_optimization_heavy_industry,pm_internet_data_optimization_heavy_industry,other,construction_cost_very_high,,,,,,,,,,,,,,,,,,,,,,,,,,,,,,,,,,,,,,,,,,,,,,,,,,,,,,,,,,,,,,,,,,,,,,,,,,,-1,,,,,,,16,,-6,-5,-4,,,,,,
building_martandsuntemple,pmg_dummy,pm_dummy,other,,,,,,,,,,,,,,,,,,,,,,,,,,,,,,,,,,,,,,,,,,,,,,,,,,,,,,,,,,,,,,,,,,,,,,,,,,,,,,,,,,,,,,,,,,,,,
building_mendelejew_hydrogenation_plants,pmg_fuel_production,pm_mendelejew_coal_liquefaction,refining,construction_cost_very_high,,,,,,,,,,,,,,,,,,-10,,,,,,,-65,,,,,,-5,,,,,,,,,,,,,,,,,,,,,,,,,,,,,,,,,,,30,,25,,,-5,,,,,,,,,,,,,,,,,,,,,
building_mendelejew_hydrogenation_plants,pmg_fuel_production,pm_fractional_distillation,refining,construction_cost_very_high,,,,,,,,,,,,,,,,,,,,,,,,,,,,,,-65,-5,,,,,,,,,,,,,,,,,,,,,,,,,,,,,,,,,,,30,15,25,,,,,,,,,,,,,,,,,,,,,,,,
building_mendelejew_hydrogenation_plants,pmg_fuel_production,pm_vacuum_distillation,refining,construction_cost_very_high,,,,,,,,,,,,,,,,,,-15,,,,,,,,,,,,-90,-5,,,,,,,,,,,,,,,,,,,,,,,,,,,,,,,,,,,,50,70,,,-5,,,,,,,,,,,,,,,,,,,,,
building_mendelejew_hydrogenation_plants,pmg_fuel_production,pm_thermal_cracking,refining,construction_cost_very_high,,,,,,,,,,,,,,,,,,-15,,,,,,5,20,,,,,-90,-10,,,,,,,,,,,,,,,,,,,,,,,,,,,,,,,,,,,65,25,10,,,-10,,,,,,,,,,,,,,,,,,,,,
building_mendelejew_hydrogenation_plants,pmg_fuel_production,pm_catalytic_cracking,refining,construction_cost_very_high,,,,,,,,,,,,,,,,,,-25,,,,,,5,,,,,,-90,-20,,,,,,,,,,,,,,,,,,,,,,,,,,,,,,,-2,,,,105,30,,,,-10,,,,,,,,,,,,,,,,,,,,,
building_mendelejew_hydrogenation_plants,pmg_automation_building_general,pm_automation_disabled,automation,construction_cost_very_high,,,,,,,,,,,,,,,,,,,,,,,,,,,,,,,,,,,,,,,,,,,,,,,,,,,,,,,,,,,,,,,,,,,,,,,,,,,,,,,,,,,,,,,,,,,,
building_mendelejew_hydrogenation_plants,pmg_automation_building_general,pm_watertube_boiler_building_general,automation,construction_cost_very_high,,,,,,,,,,,,,,,,,,,,,,,,,-5,,,,,,,,,,-5,,,,,,,,,,,,,,,,,,,,,,,,,,,,,,,,,,,,,,,,,,,,,,,,,,,,,,,,,
building_mendelejew_hydrogenation_plants,pmg_automation_building_general,pm_rotary_valve_engine_building_general,automation,construction_cost_very_high,,,,,,,,,,,,,,,,,,,,,,,,,-10,,,,,,,,,,-5,,,,,,,,,,,,,,,,,,,,,,,,,,,,,,,,,,,,,,,,,,,,,,,,,,,,,,,,,
building_mendelejew_hydrogenation_plants,pmg_automation_building_general,pm_basic_electric_control_building_general,automation,construction_cost_very_high,,,,,,,,,,,,,,,,,,-2,,,,,,,,,,,,,,,,,-5,,,,,,,,,,,,,,,,,,,,,,,,,,,,,,,,,,,,-3,,,,,,,,,,,,,,,,,,,,,
building_mendelejew_hydrogenation_plants,pmg_automation_building_general,pm_advanced_electric_control_building_general,automation,construction_cost_very_high,,,,,,,,,,,,,,,,,,-2,,,,,,,,,,,,,,,,,,,,,,,,,,,,,,,,,,,,,,,,,,,,,,,,,,,,,,-2,,,,-3,,,,,,,,,,,,,,,,
building_mendelejew_hydrogenation_plants,pmg_transport_automation_building_general,pm_road_carts,automation,construction_cost_very_high,,,,,,,,,,,,,,,,,,,,,,,,,,,,,,,,,,,,,,,,,,,,,,,,,,,,,,,,,,,,,,,,,,,,,,,,,,,,,,,,,,,,,,,,,,,,
building_mendelejew_hydrogenation_plants,pmg_transport_automation_building_general,pm_rail_transport_mine,automation,construction_cost_very_high,,,,,,,,,,,,,,,,,-4,,,,,,,,,,,,,,,,,,,,,,,,,,,,,,,,,,,,,,,,,,,,,,,,,,,,,,,,,,,,,,,,,,,,,,,,,,,
building_mendelejew_hydrogenation_plants,pmg_transport_automation_building_general,pm_multiway_transport_mine,automation,construction_cost_very_high,,,,,,,,,,,,,,,,,-2,,,,,,,,,,,,,,,,,,,,,,,,,,,,,,-2,,,,,,,,,,,,,,,,,,,,,,,,,,,,,,,,,,,,,,,,,,,,,
building_mendelejew_hydrogenation_plants,pmg_data_optimization_light_industry,pm_manual_data_reporting_light_industry,other,construction_cost_very_high,,,,,,,,,,,,,,,,,,,,,,,,,,,,,,,,,,,,,,,,,,,,,,,,,,,,,,,,,,,,,,,,,,,,,,,,,,,,,,,,,,,1,,,,,,,,,
building_mendelejew_hydrogenation_plants,pmg_data_optimization_light_industry,pm_manual_data_optimization_light_industry,other,construction_cost_very_high,,,,,,,,,,,,,,,-1,,,,,,,,,,,,,,,,,,,,,,,,,,,,,,,,,,,,,,,,,,,,,,,,,,,,,,,,,,,,,,,,,,,,1,-1,,,,,,,,
building_mendelejew_hydrogenation_plants,pmg_data_optimization_light_industry,pm_digital_data_optimization_light_industry,other,construction_cost_very_high,,,,,,,,,,,,,,,,,,,,,,,,,,,,,,,,,,,,,,,,,,,,,,,,,,,,,,,,,,,,,,,,,,,,,,,,,,,,,,,,,,,2,-3,,,,,,,,
building_mendelejew_hydrogenation_plants,pmg_data_optimization_light_industry,pm_digital_data_on_premises_light_industry,other,construction_cost_very_high,,,,,,,,,,,,,,,,,,,,,,,,,,,,,,,,,,,,,,,,,,,,,,,,,,,,,,,,,,,,,,,,,,,,,,,,,,,,,,,,,,8,,-3,,-1,,,,,,
building_mendelejew_hydrogenation_plants,pmg_data_optimization_light_industry,pm_internet_data_reporting_light_industry,other,construction_cost_very_high,,,,,,,,,,,,,,,,,,,,,,,,,,,,,,,,,,,,,,,,,,,,,,,,,,,,,,,,,,,,,,,,,,,,,,,,,,,,,,,,,,12,,-4,-2,-3,,,,,,
building_mendelejew_hydrogenation_plants,pmg_data_optimization_light_industry,pm_internet_data_optimization_light_industry,other,construction_cost_very_high,,,,,,,,,,,,,,,,,,,,,,,,,,,,,,,,,,,,,,,,,,,,,,,,,,,,,,,,,,,,,,,,,,,,,,,,,,,-1,,,,,,,12,,-6,-5,-4,,,,,,
building_mendelejew_synthetic_rubber_factory,pmg_plastics_production,pm_bakelite_molding,base,construction_cost_very_high,,,,,,,,,,,-25,,,,,,,-10,,,,,,,-30,,,,,,,,,,,,,,,,,,,,,,,,,,,,,,,,,,,,,,,,65,,,,,,,,,,,,-2,,,,,,,,,,,,,,,
building_mendelejew_synthetic_rubber_factory,pmg_plastics_production,pm_celluloid_processing,base,construction_cost_very_high,,,,,,,,,,,-65,,,,,,,-10,,,,,,,,,,,,,,,,,,,,,,-5,,,,,,,,,,,,,,,,,,,,,,,,,65,,,,,,,,,,,,-2,,,,,,,,,,,,,,,
building_mendelejew_synthetic_rubber_factory,pmg_plastics_production,pm_polyethylene_synthesis,base,construction_cost_very_high,,,,,,,,,,,,,,,,,,-10,,,,,,,,,,,,,,,,-5,,,,,,,,,,,,,,,,,,,,,,,,,,,,,,,100,-25,,,,,-5,,,,,,,,,,,,,,,,,,,,,
building_mendelejew_synthetic_rubber_factory,pmg_plastics_production,pm_ziegler-natta_catalysts,base,construction_cost_very_high,,,,,,,,,,,,,,,,,,-10,,,,,,,,,,,,,,,,-10,,,,,,,,,,,,,,,,,,,,,,,,,,,,,,,140,-25,,,,,-10,,,,,,,,-20,,,,,,,,,,,,,
building_mendelejew_synthetic_rubber_factory,pmg_mendelejew_isoprene,pm_no_synthetic_rubber,refining,construction_cost_very_high,,,,,,,,,,,,,,,,,,,,,,,,,,,,,,,,,,,,,,,,,,,,,,,,,,,,,,,,,,,,,,,,,,,,,,,,,,,,,,,,,,,,,,,,,,,,
building_mendelejew_synthetic_rubber_factory,pmg_mendelejew_isoprene,pm_mendelejew_isoprene,refining,construction_cost_very_high,,,,,,,,,,,,,,,,,,,,,,,,-7,,,,,55,,,,,-5,,,,,,,,,,,,,,,,,,,,,,,,,,,,,,,-10,-15,,,,,,,,,,,,,,,,,,,,,,,,,,
building_mendelejew_synthetic_rubber_factory,pmg_mendelejew_isoprene,pm_mendelejev_butadiene,refining,construction_cost_very_high,,,,,,,,,,,,,,,,,,,,,,,,-15,,,,,80,,,,,-15,,,,,,,,,,,,,,,,,,,,,,,,,,,-10,,,,-10,-15,,,,,,,,,,,,,,,,,,,,,,,,,,
building_mendelejew_synthetic_rubber_factory,pmg_automation_building_general,pm_automation_disabled,automation,construction_cost_very_high,,,,,,,,,,,,,,,,,,,,,,,,,,,,,,,,,,,,,,,,,,,,,,,,,,,,,,,,,,,,,,,,,,,,,,,,,,,,,,,,,,,,,,,,,,,,
building_mendelejew_synthetic_rubber_factory,pmg_automation_building_general,pm_watertube_boiler_building_general,automation,construction_cost_very_high,,,,,,,,,,,,,,,,,,,,,,,,,-5,,,,,,,,,,-5,,,,,,,,,,,,,,,,,,,,,,,,,,,,,,,,,,,,,,,,,,,,,,,,,,,,,,,,,
building_mendelejew_synthetic_rubber_factory,pmg_automation_building_general,pm_rotary_valve_engine_building_general,automation,construction_cost_very_high,,,,,,,,,,,,,,,,,,,,,,,,,-10,,,,,,,,,,-5,,,,,,,,,,,,,,,,,,,,,,,,,,,,,,,,,,,,,,,,,,,,,,,,,,,,,,,,,
building_mendelejew_synthetic_rubber_factory,pmg_automation_building_general,pm_basic_electric_control_building_general,automation,construction_cost_very_high,,,,,,,,,,,,,,,,,,-2,,,,,,,,,,,,,,,,,-5,,,,,,,,,,,,,,,,,,,,,,,,,,,,,,,,,,,,-3,,,,,,,,,,,,,,,,,,,,,
building_mendelejew_synthetic_rubber_factory,pmg_automation_building_general,pm_advanced_electric_control_building_general,automation,construction_cost_very_high,,,,,,,,,,,,,,,,,,-2,,,,,,,,,,,,,,,,,,,,,,,,,,,,,,,,,,,,,,,,,,,,,,,,,,,,,,-2,,,,-3,,,,,,,,,,,,,,,,
building_mendelejew_synthetic_rubber_factory,pmg_transport_automation_building_general,pm_road_carts,automation,construction_cost_very_high,,,,,,,,,,,,,,,,,,,,,,,,,,,,,,,,,,,,,,,,,,,,,,,,,,,,,,,,,,,,,,,,,,,,,,,,,,,,,,,,,,,,,,,,,,,,
building_mendelejew_synthetic_rubber_factory,pmg_transport_automation_building_general,pm_rail_transport_mine,automation,construction_cost_very_high,,,,,,,,,,,,,,,,,-4,,,,,,,,,,,,,,,,,,,,,,,,,,,,,,,,,,,,,,,,,,,,,,,,,,,,,,,,,,,,,,,,,,,,,,,,,,,
building_mendelejew_synthetic_rubber_factory,pmg_transport_automation_building_general,pm_multiway_transport_mine,automation,construction_cost_very_high,,,,,,,,,,,,,,,,,-2,,,,,,,,,,,,,,,,,,,,,,,,,,,,,,-2,,,,,,,,,,,,,,,,,,,,,,,,,,,,,,,,,,,,,,,,,,,,,
building_mendelejew_synthetic_rubber_factory,pmg_data_optimization_light_industry,pm_manual_data_reporting_light_industry,other,construction_cost_very_high,,,,,,,,,,,,,,,,,,,,,,,,,,,,,,,,,,,,,,,,,,,,,,,,,,,,,,,,,,,,,,,,,,,,,,,,,,,,,,,,,,,1,,,,,,,,,
building_mendelejew_synthetic_rubber_factory,pmg_data_optimization_light_industry,pm_manual_data_optimization_light_industry,other,construction_cost_very_high,,,,,,,,,,,,,,,-1,,,,,,,,,,,,,,,,,,,,,,,,,,,,,,,,,,,,,,,,,,,,,,,,,,,,,,,,,,,,,,,,,,,,1,-1,,,,,,,,
building_mendelejew_synthetic_rubber_factory,pmg_data_optimization_light_industry,pm_digital_data_optimization_light_industry,other,construction_cost_very_high,,,,,,,,,,,,,,,,,,,,,,,,,,,,,,,,,,,,,,,,,,,,,,,,,,,,,,,,,,,,,,,,,,,,,,,,,,,,,,,,,,,2,-3,,,,,,,,
building_mendelejew_synthetic_rubber_factory,pmg_data_optimization_light_industry,pm_digital_data_on_premises_light_industry,other,construction_cost_very_high,,,,,,,,,,,,,,,,,,,,,,,,,,,,,,,,,,,,,,,,,,,,,,,,,,,,,,,,,,,,,,,,,,,,,,,,,,,,,,,,,,8,,-3,,-1,,,,,,
building_mendelejew_synthetic_rubber_factory,pmg_data_optimization_light_industry,pm_internet_data_reporting_light_industry,other,construction_cost_very_high,,,,,,,,,,,,,,,,,,,,,,,,,,,,,,,,,,,,,,,,,,,,,,,,,,,,,,,,,,,,,,,,,,,,,,,,,,,,,,,,,,12,,-4,-2,-3,,,,,,
building_mendelejew_synthetic_rubber_factory,pmg_data_optimization_light_industry,pm_internet_data_optimization_light_industry,other,construction_cost_very_high,,,,,,,,,,,,,,,,,,,,,,,,,,,,,,,,,,,,,,,,,,,,,,,,,,,,,,,,,,,,,,,,,,,,,,,,,,,-1,,,,,,,12,,-6,-5,-4,,,,,,
building_millet_farm,pmg_base_building_millet_farm,pm_simple_farming,base,construction_cost_low,,,,,,,,20,,,,,,,,,,,,,,,,,,,,,,,,,,,,,,,,,,,,,,,,,,,,,,,,,,,,,,,,,,,,,,,,,,,,,,,,,,,,,,,,,,,,
building_millet_farm,pmg_base_building_millet_farm,pm_soil_enriching_farming,base,construction_cost_low,,,,,,,,30,,,,,,,,,,,,,,,,,,,,,,,,,,-5,,,,,,,,,,,,,,,,,,,,,,,,,,,,,,,,,,,,,,,,,,,,,,,,,,,,,,,,,,
building_millet_farm,pmg_base_building_millet_farm,pm_fertilization,base,construction_cost_low,,,,,,,,45,,,,,,,,,,,,,,,,,,,,,,,,,,-10,,,,,,,,,,,,,,,,,,,,,,,,,,,,,,,,,,,,,,,,,,,,,,,,,,,,,,,,,,
building_millet_farm,pmg_base_building_millet_farm,pm_chemical_fertilizer,base,construction_cost_low,,,,,,,,60,,,,,,,,,,,,,,,,,,,,,,,,,,-15,,,,,,,,,,,,,,,,,,,,,,,,,,,,,,,,,,,,,,,,,,,,,,,,,,,,,,,,,,
building_millet_farm,pmg_base_building_millet_farm,pm_synthetic_pesticides,base,construction_cost_low,,,,,,,,90,,,,,,,,,,,,,,,,,,,,,,-3,,,,-20,,,,,,,,,,,,,,,,,,,,,,,,,,,,,,,,,,,,,,,,,,,,-1,,,,,,,,,,,,,,
building_millet_farm,pmg_base_building_millet_farm,pm_ogm,base,construction_cost_low,,,,,,,,120,,,,,,,,,,,,,,,,,,,,,,-5,,,,-25,,,,,,,,,,,,,,,,,,,,,,,,,,,,,,,,,,,,,,,,,,,,-5,,,,,,,,,,,,,,
building_millet_farm,pmg_secondary_building_millet_farm,pm_no_secondary,refining,construction_cost_low,,,,,,,,,,,,,,,,,,,,,,,,,,,,,,,,,,,,,,,,,,,,,,,,,,,,,,,,,,,,,,,,,,,,,,,,,,,,,,,,,,,,,,,,,,,,
building_millet_farm,pmg_secondary_building_millet_farm,pm_fig_orchards,refining,construction_cost_low,,,,,,,,-8,,,,,,,,,,,,,,,,,,,,,,,,,,,,,,,7,,,,,1,,,,,,,,,,,,,,,,,,,,,,,,,,,,,,,,,,,,,,,,,,,,,,,,
building_millet_farm,pmg_harvesting_process_building_millet_farm,pm_tools_disabled,automation,construction_cost_low,,,,,,,,,,,,,,,,,,,,,,,,,,,,,,,,,,,,,,,,,,,,,,,,,,,,,,,,,,,,,,,,,,,,,,,,,,,,,,,,,,,,,,,,,,,,
building_millet_farm,pmg_harvesting_process_building_millet_farm,pm_tools,automation,construction_cost_low,,,,,,,,,,,,,,,,,,,,,,,,,,,,,,,,,,,-2,,,,,,,,,,,,,,,,,,,,,,,,,,,,,,,,,,,,,,,,,,,,,,,,,,,,,,,,,
building_millet_farm,pmg_harvesting_process_building_millet_farm,pm_steam_threshers,automation,construction_cost_low,,,,,,,,,,,,,,,,,,,,,,,,,-1,,,,,,,,,,-2,,,,,,,,,,,,,,,,,,,,,,,,,,,,,,,,,,,,,,,,,,,,,,,,,,,,,,,,,
building_millet_farm,pmg_harvesting_process_building_millet_farm,pm_tractors,automation,construction_cost_low,,,,,,,,,,,,,,,,,,,,,,,,,-2,,,,,,-1,,,,,,,,,,,,,,,,,,,,,,,,,,,,,,,,,,,,,,,,,,,,,,,,,,,,,,,,,,,,,
building_millet_farm,pmg_harvesting_process_building_millet_farm,pm_compression_ignition_tractors,automation,construction_cost_low,,,,,,,,,,,,,,,,,,,,,,,,,,,,,,,-1,,,,,,,,,,,,,,,,,,,,,,,,,,,,,,,,,,,-1,,,,,,,,,,,,,,,,,,,,,,,,,,
building_millet_farm,pmg_harvesting_process_building_millet_farm,pm_autonomous_agricultural_vehicles,automation,construction_cost_low,,,,,,,,,,,,,,,,,,,,,,,,,,,,,,,-1,,,,,,,,,,,,,,,,,,,,,,,,,,,,,,,,,,,-1,,,,,,,,,,,,,,,,,,,-3,,,,,,,
building_millet_farm,pmg_data_optimization_primary_sector,pm_manual_data_reporting_primary_sector,other,construction_cost_low,,,,,,,,,,,,,,,,,,,,,,,,,,,,,,,,,,,,,,,,,,,,,,,,,,,,,,,,,,,,,,,,,,,,,,,,,,,,,,,,,,,,,,,,,,,,
building_millet_farm,pmg_data_optimization_primary_sector,pm_manual_data_optimization_primary_sector,other,construction_cost_low,,,,,,,,,,,,,,,-1,,,,,,,,,,,,,,,,,,,,,,,,,,,,,,,,,,,,,,,,,,,,,,,,,,,,,,,,,,,,,,,,,,,,,-1,,,,,,,,
building_millet_farm,pmg_data_optimization_primary_sector,pm_digital_data_optimization_primary_sector,other,construction_cost_low,,,,,,,,,,,,,,,,,,,,,,,,,,,,,,,,,,,,,,,,,,,,,,,,,,,,,,,,,,,,,,,,,,,,,,,,,,,,,,,,,,,1,-3,,,,,,,,
building_millet_farm,pmg_data_optimization_primary_sector,pm_digital_data_on_premises_primary_sector,other,construction_cost_low,,,,,,,,,,,,,,,,,,,,,,,,,,,,,,,,,,,,,,,,,,,,,,,,,,,,,,,,,,,,,,,,,,,,,,,,,,,,,,,,,,6,,-3,,-1,,,,,,
building_millet_farm,pmg_data_optimization_primary_sector,pm_internet_data_reporting_primary_sector,other,construction_cost_low,,,,,,,,,,,,,,,,,,,,,,,,,,,,,,,,,,,,,,,,,,,,,,,,,,,,,,,,,,,,,,,,,,,,,,,,,,,,,,,,,,8,,-4,-1,-3,,,,,,
building_modern_state_baseline,pmg_modern_state_baseline,pm_prewar_base,base,,,,,,,,,,,,200,,,,,,,,,,,,,200,200,200,200,,,200,,,,,,,,,,,,,,,,,,,,,,,,,,,,200,,200,200,,,,,,,,,,,,,,,,200,,,,,,,,,,,,,,,
building_modern_state_baseline,pmg_modern_state_baseline,pm_postwar_base,base,,,,,,,,,,,,300,,,,300,,,,,,,,,300,300,300,300,,,300,,,,,300,,,,,,,,,,,,,,,,,,,,,,,300,,300,300,300,,,,300,,,,,,,,,,,300,,300,,,,,,,,,,,,,
building_modern_state_baseline,pmg_modern_state_baseline,pm_advanced_base,base,,,,,,,,,,,,400,,,,400,,,,,,,,,400,400,400,400,,,400,,,,,400,,,,,,,,,,,,,,,,,,,,,,,400,,400,400,400,400,,,400,,,,,,,,,,,400,,400,,,,,,,,,,,,,
building_mosque_of_djenne,pmg_base_building_mosque_of_djenne,pm_default_building_mosque_of_djenne,base,construction_cost_monument,,,,,,,,,,,,,,,,,,,,,,,,,,,,,,,,,,,,,,,,,,,,,,,,,,,,,,,,,,,,,,,,,,,,,,,,,,,,,,,,,,,,,,,,,,,,
building_mosque_of_djenne,pmg_base_building_mosque_of_djenne,pm_monument_prestige_only,base,construction_cost_monument,,,,,,,,,,,,,,,,,,,,,,,,,,,,,,,,,,,,,,,,,,,,,,,,,,,,,,,,,,,,,,,,,,,,,,,,,,,,,,,,,,,,,,,,,,,,
building_mosque_of_djenne,pmg_base_building_mosque_of_djenne,pm_monument_no_effects,base,construction_cost_monument,,,,,,,,,,,,,,,,,,,,,,,,,,,,,,,,,,,,,,,,,,,,,,,,,,,,,,,,,,,,,,,,,,,,,,,,,,,,,,,,,,,,,,,,,,,,
building_motor_industry,pmg_base_building_motor_industry,pm_steam_engines,base,construction_cost_very_high,,,,,,,,,,,,,,,,,,,,,,,,,,,,,,,40,-30,,,,,,,,,,,,,,,,,,,,,,,,,,,,,,,,,,,,,,,,,,,,,,,,,,,,,,,,,,,,
building_motor_industry,pmg_base_building_motor_industry,pm_electric_engines,base,construction_cost_very_high,,,,,,,,,,,,,,,,,,-20,,,,,,,,,,,,,85,-35,,,,,,,,,,,,,,,,,,,,,,,,,,,,,-5,,,,,,,,-5,-10,,,,,,,,,,,,,,,,,,,,,,
building_motor_industry,pmg_base_building_motor_industry,pm_diesel_engines,base,construction_cost_very_high,,,,,,,,,,,,,,,,,,,,,,,,,,,,,,,110,-35,,,,,,,,,,,,,,,,,,,,,,,,,,,,,-5,,,,,-15,,,-5,-10,,,,,,,,,,,,,,,,,,,,,,
building_motor_industry,pmg_base_building_motor_industry,pm_turbo_diesel_engines,base,construction_cost_very_high,,,,,,,,,,,,,,,,,,,,,,,,,,,,,,,140,-40,,,,,,,,,,,,,,,,,,,,,,,,,,,-5,,,,,,,-10,,,,-15,-5,,,,,,,,,,,,,,,,,,,,,
building_motor_industry,pmg_base_building_motor_industry,pm_ev_motors,base,construction_cost_very_high,,,,,,,,,,,,,,,,,,-20,,,,,,,,,,,,,155,-40,,,,,,,,,,,,,,,,,,,,,,,,,,,-5,,,,,,,,,,,-25,,-5,,,,,,,,,,,,,,,,,,,,
building_motor_industry,pmg_automation_building_motor_industry,pm_automation_disabled,automation,construction_cost_very_high,,,,,,,,,,,,,,,,,,,,,,,,,,,,,,,,,,,,,,,,,,,,,,,,,,,,,,,,,,,,,,,,,,,,,,,,,,,,,,,,,,,,,,,,,,,,
building_motor_industry,pmg_automation_building_motor_industry,pm_watertube_boiler_building_motor_industry,automation,construction_cost_very_high,,,,,,,,,,,,,,,,,,,,,,,,,-5,,,,,,,,,,-5,,,,,,,,,,,,,,,,,,,,,,,,,,,,,,,,,,,,,,,,,,,,,,,,,,,,,,,,,
building_motor_industry,pmg_automation_building_motor_industry,pm_rotary_valve_engine_building_motor_industry,automation,construction_cost_very_high,,,,,,,,,,,,,,,,,,,,,,,,,-10,,,,,,,,,,-5,,,,,,,,,,,,,,,,,,,,,,,,,,,,,,,,,,,,,,,,,,,,,,,,,,,,,,,,,
building_motor_industry,pmg_automation_building_motor_industry,pm_assembly_lines_building_motor_industry,automation,construction_cost_very_high,,,,,,,,,,,,,,,,,,-5,,,,,,,,,,,,,,,,,-5,,,,,,,,,,,,,,,,,,,,,,,,,,,,,,,,-3,,,,,,,,,,,,,,,,,,,,,,,,,
building_motor_industry,pmg_automation_building_motor_industry,pm_advanced_assembly_lines_building_motor_industry,automation,construction_cost_very_high,,,,,,,,,,,,,,,,,,-5,,,,,,,,,,,,,,,,,-3,,,,,,,,,,,,,,,,,,,,,,,,,,,,,,,,-3,,,,,,,,,-2,,,,,,,,,,,,,,,,
building_motor_industry,pmg_automation_building_motor_industry,pm_robotic_building_motor_industry,automation,construction_cost_very_high,,,,,,,,,,,,,,,,,,-5,,,,,,,,,,,,,,,,,,,,,,,,,,,,,,,,,,,,,,,,,,,,,,,,,-2,,,,,-1,,,,-3,,,,,,,,,,,,,,,,
building_motor_industry,pmg_automation_building_motor_industry,pm_iot_building_motor_industry,automation,construction_cost_very_high,,,,,,,,,,,,,,,,,,-5,,,,,,,,,,,,,,,,,,,,,,,,,,,,,,,,,,,,,,,,,,,,,,,,,-1,,,,,-1,,,,-3,,,,,,,,,-5,,,,,,,
building_motor_industry,pmg_data_optimization_heavy_industry,pm_manual_data_reporting_heavy_industry,other,construction_cost_very_high,,,,,,,,,,,,,,,,,,,,,,,,,,,,,,,,,,,,,,,,,,,,,,,,,,,,,,,,,,,,,,,,,,,,,,,,,,,,,,,,,,,1,,,,,,,,,
building_motor_industry,pmg_data_optimization_heavy_industry,pm_manual_data_optimization_heavy_industry,other,construction_cost_very_high,,,,,,,,,,,,,,,-1,,,,,,,,,,,,,,,,,,,,,,,,,,,,,,,,,,,,,,,,,,,,,,,,,,,,,,,,,,,,,,,,,,,,1,-1,,,,,,,,
building_motor_industry,pmg_data_optimization_heavy_industry,pm_digital_data_optimization_heavy_industry,other,construction_cost_very_high,,,,,,,,,,,,,,,,,,,,,,,,,,,,,,,,,,,,,,,,,,,,,,,,,,,,,,,,,,,,,,,,,,,,,,,,,,,,,,,,,,,3,-3,,,,,,,,
building_motor_industry,pmg_data_optimization_heavy_industry,pm_digital_data_on_premises_heavy_industry,other,construction_cost_very_high,,,,,,,,,,,,,,,,,,,,,,,,,,,,,,,,,,,,,,,,,,,,,,,,,,,,,,,,,,,,,,,,,,,,,,,,,,,,,,,,,,10,,-3,,-1,,,,,,
building_motor_industry,pmg_data_optimization_heavy_industry,pm_internet_data_reporting_heavy_industry,other,construction_cost_very_high,,,,,,,,,,,,,,,,,,,,,,,,,,,,,,,,,,,,,,,,,,,,,,,,,,,,,,,,,,,,,,,,,,,,,,,,,,,,,,,,,,16,,-4,-2,-3,,,,,,
building_motor_industry,pmg_data_optimization_heavy_industry,pm_internet_data_optimization_heavy_industry,other,construction_cost_very_high,,,,,,,,,,,,,,,,,,,,,,,,,,,,,,,,,,,,,,,,,,,,,,,,,,,,,,,,,,,,,,,,,,,,,,,,,,,-1,,,,,,,16,,-6,-5,-4,,,,,,
building_munition_plant,pmg_base_building_munition_plant,pm_percussion_caps,base,construction_cost_very_high,50,,,,,,,,,,,,,,,,,,,,,,,,,,-20,,,,,,,,,-20,,,,,,,,,,,,,,,,,,,,,,,,,,,,,,,,,,,,,,,,,,,,,,,,,,,,,,,,
building_munition_plant,pmg_base_building_munition_plant,pm_explosive_shells,base,construction_cost_very_high,90,,,,,,,,,,,,,,,,,,,,,,,,,,-30,,,,,,,,,-40,,,,,,,,,,,,,,,,,,,,,,,,,,,,,,,,,,,,,,,,,,,,,,,,,,,,,,,,
building_munition_plant,pmg_base_building_munition_plant,pm_precised_shells,base,construction_cost_very_high,110,,,,,,,,,,,,,,,,,,,,,,,,,,-30,,,,,-10,,,,-45,,,,,,,,,,,,,,,,,,,,,,,,,,,,,,,,,,,-2,,,,,,,,,,,,,,,,,,,,,
building_munition_plant,pmg_base_building_munition_plant,pm_launched_guided_projectiles,base,construction_cost_very_high,130,,,,,,,,,,,,,,,,,,,,,,,,,,-20,,,,,-30,,,,-45,,,,,,,,,,,,,,,,,,,,,,,,,,,,,,,,,,,-5,,,,,,,,,,,,,,,,,,,,,
building_munition_plant,pmg_automation_building_munition_plant,pm_automation_disabled,base,construction_cost_very_high,,,,,,,,,,,,,,,,,,,,,,,,,,,,,,,,,,,,,,,,,,,,,,,,,,,,,,,,,,,,,,,,,,,,,,,,,,,,,,,,,,,,,,,,,,,,
building_munition_plant,pmg_automation_building_munition_plant,pm_rotary_valve_engine_building_munition_plant,base,construction_cost_very_high,,,,,,,,,,,,,,,,,,,,,,,,,-15,,,,,,,,,,,,,,,,,,,,,,,,,,,,,,,,,,,,,,,,,,,,,,,,,,,,,,,,,,,,,,,,,,,
building_munition_plant,pmg_automation_building_munition_plant,pm_assembly_lines_building_munition_plant,base,construction_cost_very_high,,,,,,,,,,,,,,,,,,-5,,,,,,,,,,,,,,,,,,,,,,,,,,,,,,,,,,,,,,,,,,,,,,,,,-6,,,,,,,,,,,,,,,,,,,,,,,,,
building_munition_plant,pmg_automation_building_munition_plant,pm_advanced_assembly_lines_building_munition_plant,base,construction_cost_very_high,,,,,,,,,,,,,,,,,,-5,,,,,,,,,,,,,,,,,-3,,,,,,,,,,,,,,,,,,,,,,,,,,,,,,,,-3,,,,,,,,,-2,,,,,,,,,,,,,,,,
building_munition_plant,pmg_missiles_building_munition_plant,pm_no_missiles_building_munition_plant,refining,construction_cost_very_high,,,,,,,,,,,,,,,,,,,,,,,,,,,,,,,,,,,,,,,,,,,,,,,,,,,,,,,,,,,,,,,,,,,,,,,,,,,,,,,,,,,,,,,,,,,,
building_munition_plant,pmg_missiles_building_munition_plant,pm_rocket_building_munition_plant,refining,construction_cost_very_high,-10,,,,,,,,,,,,,,,,,,,,,,,,,,,,,,-5,-10,,,,,,,,,,,,,,,,,,,,,,,,,,,-10,,,,,,,-5,,,,,,,,,,,,,,,,,,,,,,,,,,
building_munition_plant,pmg_missiles_building_munition_plant,pm_guided_missiles_building_munition_plant,refining,construction_cost_very_high,-20,,,,,,,,,,,,,,,,,,,,,,,,,,,,,,-5,,,,,,,,,,,,,,,,,,,,,,,,,,,,-10,,,,,-10,,-5,,,,,-5,,,,,,,,,,,,,,,,,,,,,
building_munition_plant,pmg_data_optimization_heavy_industry,pm_manual_data_reporting_heavy_industry,other,construction_cost_very_high,,,,,,,,,,,,,,,,,,,,,,,,,,,,,,,,,,,,,,,,,,,,,,,,,,,,,,,,,,,,,,,,,,,,,,,,,,,,,,,,,,,1,,,,,,,,,
building_munition_plant,pmg_data_optimization_heavy_industry,pm_manual_data_optimization_heavy_industry,other,construction_cost_very_high,,,,,,,,,,,,,,,-1,,,,,,,,,,,,,,,,,,,,,,,,,,,,,,,,,,,,,,,,,,,,,,,,,,,,,,,,,,,,,,,,,,,,1,-1,,,,,,,,
building_munition_plant,pmg_data_optimization_heavy_industry,pm_digital_data_optimization_heavy_industry,other,construction_cost_very_high,,,,,,,,,,,,,,,,,,,,,,,,,,,,,,,,,,,,,,,,,,,,,,,,,,,,,,,,,,,,,,,,,,,,,,,,,,,,,,,,,,,3,-3,,,,,,,,
building_munition_plant,pmg_data_optimization_heavy_industry,pm_digital_data_on_premises_heavy_industry,other,construction_cost_very_high,,,,,,,,,,,,,,,,,,,,,,,,,,,,,,,,,,,,,,,,,,,,,,,,,,,,,,,,,,,,,,,,,,,,,,,,,,,,,,,,,,10,,-3,,-1,,,,,,
building_munition_plant,pmg_data_optimization_heavy_industry,pm_internet_data_reporting_heavy_industry,other,construction_cost_very_high,,,,,,,,,,,,,,,,,,,,,,,,,,,,,,,,,,,,,,,,,,,,,,,,,,,,,,,,,,,,,,,,,,,,,,,,,,,,,,,,,,16,,-4,-2,-3,,,,,,
building_munition_plant,pmg_data_optimization_heavy_industry,pm_internet_data_optimization_heavy_industry,other,construction_cost_very_high,,,,,,,,,,,,,,,,,,,,,,,,,,,,,,,,,,,,,,,,,,,,,,,,,,,,,,,,,,,,,,,,,,,,,,,,,,,-1,,,,,,,16,,-6,-5,-4,,,,,,
building_natural_gas_rig,pmg_base_building_natural_gas_rig,pm_gas_steam_derricks,base,construction_cost_high,,,,,,,,,,,,,,,,,,,,,,,,,-10,,,,,5,-5,,,,,,,,,,,,,,,,,,,,,,,,,,,,,,,,,,,,,,,,,,,,,,,,50,,,,,,,,,,,,,
building_natural_gas_rig,pmg_base_building_natural_gas_rig,pm_gas_combustion_derricks,base,construction_cost_high,,,,,,,,,,,,,,,,,,,,,,,,,,,,,,10,-15,,,,,,,,,,,,,,,,,,,,,,,,,,,,,,,,,,,-5,,,,,-5,,,,,,,,95,,,,,,,,,,,,,
building_natural_gas_rig,pmg_base_building_natural_gas_rig,pm_gas_horizontal_perforation,base,construction_cost_high,,,,,,,,,,,,,,,,,,-25,,,,,,,,,,,,30,-50,,,,,,,,,,,,,,,,,,,,,,,,,,,,,,,,,,,-5,,,,,-5,,,,,,,,170,,,,,,,,,,,,,
building_natural_gas_rig,pmg_base_building_natural_gas_rig,pm_gas_hydraulic_fracturing,base,construction_cost_high,,,,,,,,,,,,,,,,,,-30,,,,,,,,,,,,70,-90,,,,,,,,,,,,,,,,,,,,,,,,,,,,,,,,,,,-5,,,,,,,,,,-20,-20,,290,,,,,,,,,,,,,
building_natural_gas_rig,pmg_transportation_building_natural_gas_rig,pm_rail_transport_building_natural_gas_rig,automation,construction_cost_high,,,,,,,,,,,,,,,,,-5,,,,,,,,,,,,,,,,,,,,,,,,,,,,,,,,,,,,,,,,,,,,,,,,,,,,,,,,,,,,,,,,,,,,,,,,,,,
building_natural_gas_rig,pmg_transportation_building_natural_gas_rig,pm_liquefied_gas_tankers,automation,construction_cost_high,,,,,,,,,,,,,,,,,-10,,,,,,,,,,,,,,,,,,,,,,,,,,,,,,,,,,,,,,,,,,,,,,,,,,,,,,,,,,,,,,,,,,,,,,,,,,,
building_natural_gas_rig,pmg_data_optimization_primary_sector,pm_manual_data_reporting_primary_sector,other,construction_cost_high,,,,,,,,,,,,,,,,,,,,,,,,,,,,,,,,,,,,,,,,,,,,,,,,,,,,,,,,,,,,,,,,,,,,,,,,,,,,,,,,,,,,,,,,,,,,
building_natural_gas_rig,pmg_data_optimization_primary_sector,pm_manual_data_optimization_primary_sector,other,construction_cost_high,,,,,,,,,,,,,,,-1,,,,,,,,,,,,,,,,,,,,,,,,,,,,,,,,,,,,,,,,,,,,,,,,,,,,,,,,,,,,,,,,,,,,,-1,,,,,,,,
building_natural_gas_rig,pmg_data_optimization_primary_sector,pm_digital_data_optimization_primary_sector,other,construction_cost_high,,,,,,,,,,,,,,,,,,,,,,,,,,,,,,,,,,,,,,,,,,,,,,,,,,,,,,,,,,,,,,,,,,,,,,,,,,,,,,,,,,,1,-3,,,,,,,,
building_natural_gas_rig,pmg_data_optimization_primary_sector,pm_digital_data_on_premises_primary_sector,other,construction_cost_high,,,,,,,,,,,,,,,,,,,,,,,,,,,,,,,,,,,,,,,,,,,,,,,,,,,,,,,,,,,,,,,,,,,,,,,,,,,,,,,,,,6,,-3,,-1,,,,,,
building_natural_gas_rig,pmg_data_optimization_primary_sector,pm_internet_data_reporting_primary_sector,other,construction_cost_high,,,,,,,,,,,,,,,,,,,,,,,,,,,,,,,,,,,,,,,,,,,,,,,,,,,,,,,,,,,,,,,,,,,,,,,,,,,,,,,,,,8,,-4,-1,-3,,,,,,
building_nuclear_weapons_silo,pmg_nuclear_type_military,pm_atomic_bomb,military,construction_cost_modern,,,,,,,,,,,,,,,,,,,,,,,,,,,,,,,,-10,,,,-10,,,,,,,,,,,,,,,,,,,,,-20,,,,,,,,,,,,,,-5,,,,,,-10,,,,,,,,,,,,,,,
building_nuclear_weapons_silo,pmg_nuclear_type_military,pm_hydrogen_bomb,military,construction_cost_modern,,,,,,,,,,,,,,,,,,,,,,,,,,,,,,,,,,,,,,,,,,,,,,,,,,,,,,,,,,,-10,,,-10,,,,,,,,,,-5,,,,-5,-20,,,,,,,,,,,,,,,
building_nuclear_weapons_silo,pmg_nuclear_stockpile_military,pm_nuclear_stockpile_1,military,construction_cost_modern,,,,,,,,,,,,,,,,,,,,,,,,,,,,,,,,,,,,,,,,,,,,,,,,,,,,,,,,,-50,,,,,,,,,,,,,,,,,,,,,,,,,,,,,,,,,,,
building_nuclear_weapons_silo,pmg_nuclear_stockpile_military,pm_nuclear_stockpile_2,military,construction_cost_modern,,,,,,,,,,,,,,,,,,,,,,,,,,,,,,,,,,,,,,,,,,,,,,,,,,,,,,,,,-100,,,,,,,,,,,,,,,,,,,,,,,,,,,,,,,,,,,
building_nuclear_weapons_silo,pmg_nuclear_stockpile_military,pm_nuclear_stockpile_3,military,construction_cost_modern,,,,,,,,,,,,,,,,,,,,,,,,,,,,,,,,,,,,,,,,,,,,,,,,,,,,,,,,,-150,,,,,,,,,,,,,,,,,,,,,,,,,,,,,,,,,,,
building_nuclear_weapons_silo,pmg_nuclear_bomber_military,pm_nuclear_bomber,military,construction_cost_modern,-20,,,,-10,,,,,,,,,,,,,,,,,,,,,,,,,,,,,,,,,,,,,,,,,,,,,,,,,,,,,,,,,,,,,-50,,,,,,,,,,,,,,,,,,,,,,,,,,
building_nuclear_weapons_silo,pmg_nuclear_bomber_military,pm_icbms,military,construction_cost_modern,-50,,,,-10,,,,,,,,,,,,,,,,,,,,,,,,,,,,,,,,,,,,,,,,,,,,,,,,,,,,,,,,,,,,,-100,,,,,,,,,,,,,,,,,,,,,,,,,,
building_observatorygreenwich,pmg_dummy,pm_dummy,other,,,,,,,,,,,,,,,,,,,,,,,,,,,,,,,,,,,,,,,,,,,,,,,,,,,,,,,,,,,,,,,,,,,,,,,,,,,,,,,,,,,,,,,,,,,,,
building_office,pmg_data_section_building_office,pm_manual_market_studies,base,construction_cost_modern,,,,,,,,,,,,,,,-5,,,-2,,,,,,,,,,,,,,,,,,,,,,,,,,,,,,-5,,,,,,,,,,,,,,,,,,,,,,,,,,,,,,,,,,,-25,60,,,,,,,,
building_office,pmg_data_section_building_office,pm_basic_data_analysis,base,construction_cost_modern,,,,,,,,,,,,,,,-3,,,-4,,,,,,,,,,,,,,,,,,,,,,,,,,,,,,,,,,,,,,,,,,,,,,,,,,,,,,,,,-2,,,,,,,,-25,80,,-1,,,,,,
building_office,pmg_data_section_building_office,pm_cloud_databased_data_analysis,base,construction_cost_modern,,,,,,,,,,,,,,,,,,-5,,,,,,,,,,,,,,,,,,,,,,,,,,,,,,,,,,,,,,,,,,,,,,,,,,,,,,,,,-4,,,,,,,,-25,105,,-4,,,,,,
building_office,pmg_service_section_building_office,pm_consulting_firm_services,refining,construction_cost_modern,,,,,,,,,,,,,,,-5,,,,,,,,,,,,,,,,,,,,,,,,,,,,,,,,,-5,,,,,,,,,,,,,,,,,,,,,,,,,,,,,,,,,,,-25,50,,,,,,,,
building_office,pmg_service_section_building_office,pm_multinational_corporate_services,refining,construction_cost_modern,,,,,,,,,,,,,,,-5,,,,,,,,,,,,,,,,,,,,,,,,,,,,,,,,,-8,,,,,,,,,,,,,,,,,,,,,,,,,,,,,,,,,,,-25,65,,,,,,,,
building_office,pmg_service_section_building_office,pm_global_outsourcing_hub,refining,construction_cost_modern,,,,,,,,,,,,,,,,,,,,,,,,,,,,,,,,,,,,,,,,,,,,,,,,-8,,,,,,,,,,,,,,,,,,,,,,,,,,,-1,,,,,,,,-25,80,,-2,,,,,,
building_office,pmg_data_transportation_building_office,pm_typewriter_documentation_building_office,automation,construction_cost_modern,,,,,,,,,,,,,,,,,,,,,,,,,,,,,,,,,,,,,,,,,,,,,,,,,,,,,,,,,,,,,,,,,,,,,,,-1,,,,,,,,,,,,,,-1,,,,,,,
building_office,pmg_data_transportation_building_office,pm_teleprinter_network_building_office,automation,construction_cost_modern,,,,,,,,,,,,,,,,,,,,,,,,,,,,,,,,,,,,,,,,,,,,,,,,,,,,,,,,,,,,,,,,,,,,,,,-1,,,,,,,,,,,,,,-2,,,,,,,
building_office,pmg_data_transportation_building_office,pm_local_network_building_office,automation,construction_cost_modern,,,,,,,,,,,,,,,,,,,,,,,,,,,,,,,,,,,,,,,,,,,,,,,,,,,,,,,,,,,,,,,,,,,,,,,,,,,,,,,,,,,,,-3,,,,,,,
building_office,pmg_data_transportation_building_office,pm_internet_building_office,automation,construction_cost_modern,,,,,,,,,,,,,,,,,,,,,,,,,,,,,,,,,,,,,,,,,,,,,,,,,,,,,,,,,,,,,,,,,,,,,,,,,,,,,,,,,,,,,-5,,,,,,,
building_oil_rig,pmg_base_building_oil_rig,pm_steam_derricks,base,construction_cost_medium,,,,,,,,,,,,,,,,,,,,,,,,,-10,,,,,60,-5,,,,,,,,,,,,,,,,,,,,,,,,,,,,,,,,,,,,,,,,,,,,,,,,,,,,,,,,,,,,,
building_oil_rig,pmg_base_building_oil_rig,pm_combustion_derricks,base,construction_cost_medium,,,,,,,,,,,,,,,,,,,,,,,,,,,,,,100,-10,,,,,,,,,,,,,,,,,,,,,,,,,,,,,,,,,,,-10,,,,,-5,,,,,,,,,,,,,,,,,,,,,
building_oil_rig,pmg_base_building_oil_rig,pm_oil_horizontal_perforation,base,construction_cost_medium,,,,,,,,,,,,,,,,,,-20,,,,,,,,,,,,210,-70,,,,,,,,,,,,,,,,,,,,,,,,,,,,,,,,,,,-5,,,,,-10,,,,,,,,,,,,,,,,,,,,,
building_oil_rig,pmg_base_building_oil_rig,pm_oil_hydraulic_fracturing,base,construction_cost_medium,,,,,,,,,,,,,,,,,,-30,,,,,,,,,,,,350,-120,,,,,,,,,,,,,,,,,,,,,,,,,,,,,,,,,,,-5,,,,,,,,,,-25,-35,,,,,,,,,,,,,,,
building_oil_rig,pmg_transportation_building_oil_rig,pm_road_carts,automation,construction_cost_medium,,,,,,,,,,,,,,,,,,,,,,,,,,,,,,,,,,,,,,,,,,,,,,,,,,,,,,,,,,,,,,,,,,,,,,,,,,,,,,,,,,,,,,,,,,,,
building_oil_rig,pmg_transportation_building_oil_rig,pm_rail_transport_building_oil_rig,automation,construction_cost_medium,,,,,,,,,,,,,,,,,-5,,,,,,,,,,,,,,,,,,,,,,,,,,,,,,,,,,,,,,,,,,,,,,,,,,,,,,,,,,,,,,,,,,,,,,,,,,,
building_oil_rig,pmg_transportation_building_oil_rig,pm_tanker_cars,automation,construction_cost_medium,,,,,,,,,,,,,,,,,-10,,,,,,,,,,,,,,,,,,,,,,,,,,,,,,,,,,,,,,,,,,,,,,,,,,,,,,,,,,,,,,,,,,,,,,,,,,,
building_oil_rig,pmg_data_optimization_primary_sector,pm_manual_data_reporting_primary_sector,other,construction_cost_medium,,,,,,,,,,,,,,,,,,,,,,,,,,,,,,,,,,,,,,,,,,,,,,,,,,,,,,,,,,,,,,,,,,,,,,,,,,,,,,,,,,,,,,,,,,,,
building_oil_rig,pmg_data_optimization_primary_sector,pm_manual_data_optimization_primary_sector,other,construction_cost_medium,,,,,,,,,,,,,,,-1,,,,,,,,,,,,,,,,,,,,,,,,,,,,,,,,,,,,,,,,,,,,,,,,,,,,,,,,,,,,,,,,,,,,,-1,,,,,,,,
building_oil_rig,pmg_data_optimization_primary_sector,pm_digital_data_optimization_primary_sector,other,construction_cost_medium,,,,,,,,,,,,,,,,,,,,,,,,,,,,,,,,,,,,,,,,,,,,,,,,,,,,,,,,,,,,,,,,,,,,,,,,,,,,,,,,,,,1,-3,,,,,,,,
building_oil_rig,pmg_data_optimization_primary_sector,pm_digital_data_on_premises_primary_sector,other,construction_cost_medium,,,,,,,,,,,,,,,,,,,,,,,,,,,,,,,,,,,,,,,,,,,,,,,,,,,,,,,,,,,,,,,,,,,,,,,,,,,,,,,,,,6,,-3,,-1,,,,,,
building_oil_rig,pmg_data_optimization_primary_sector,pm_internet_data_reporting_primary_sector,other,construction_cost_medium,,,,,,,,,,,,,,,,,,,,,,,,,,,,,,,,,,,,,,,,,,,,,,,,,,,,,,,,,,,,,,,,,,,,,,,,,,,,,,,,,,8,,-4,-1,-3,,,,,,
building_opium_plantation,pmg_base_building_opium_plantation,default_building_opium_plantation,base,construction_cost_low,,,,,,,,,,,,,,,,,,,,,,,,,,,,,,,,,,,,,,,,,,,,,,20,,,,,,,,,,,,,,,,,,,,,,,,,,,,,,,,,,,,,,,,,,,,,,
building_opium_plantation,pmg_base_building_opium_plantation,automatic_irrigation_building_opium_plantation,base,construction_cost_low,,,,,,,,,,,,,,,,,,,,,,,,,,,,,,,-5,,,,,,,,,,,,,,,40,,,,,,,,,,,,,,,,,,,,,,,,,,,,,,,,,,,,,,,,,,,,,,
building_opium_plantation,pmg_base_building_opium_plantation,advanced_plantation_methods_building_opium_plantation,base,construction_cost_low,,,,,,,,,,,,,,,,,,,,,,,,,,,,,,,-20,-5,,-5,,,,,,,,,,,,75,,,,,,,,,,,,,,,,,,,,-2,,,,,,,,,,,,,,,,,,,,,,,,,,
building_opium_plantation,pmg_base_building_opium_plantation,drone_assisted_agriculture_building_opium_plantation,base,construction_cost_low,,,,,,,,,,,,,,,,,,-2,,,,,,,,,,,,,-20,,,-10,,,,,,,,,,,,90,,,,,,,,,,,,,,,,,,,,,,,,,,,,,,-3,,,,,,,,,-8,,,,,,,
building_opium_plantation,pmg_train_automation_building_opium_plantation,pm_road_carts,automation,construction_cost_low,,,,,,,,,,,,,,,,,,,,,,,,,,,,,,,,,,,,,,,,,,,,,,,,,,,,,,,,,,,,,,,,,,,,,,,,,,,,,,,,,,,,,,,,,,,,
building_opium_plantation,pmg_train_automation_building_opium_plantation,pm_steam_rail_transport,automation,construction_cost_low,,,,,,,,,,,,,,,,,-5,,,,,,,,,,,,,,,,,,,,,,,,,,,,,,,,,,,,,,,,,,,,,,,,,,,,,,,,,,,,,,,,,,,,,,,,,,,
building_opium_plantation,pmg_train_automation_building_opium_plantation,pm_multiway_transport_plantation,automation,construction_cost_low,,,,,,,,,,,,,,,,,-2,,,,,,,,,,,,,,,,,,,,,,,,,,,,,,-2,,,,,,,,,,,,,,,,,,,,,,,,,,,,,,,,,,,,,,,,,,,,,
building_opium_plantation,pmg_data_optimization_primary_sector,pm_manual_data_reporting_primary_sector,other,construction_cost_low,,,,,,,,,,,,,,,,,,,,,,,,,,,,,,,,,,,,,,,,,,,,,,,,,,,,,,,,,,,,,,,,,,,,,,,,,,,,,,,,,,,,,,,,,,,,
building_opium_plantation,pmg_data_optimization_primary_sector,pm_manual_data_optimization_primary_sector,other,construction_cost_low,,,,,,,,,,,,,,,-1,,,,,,,,,,,,,,,,,,,,,,,,,,,,,,,,,,,,,,,,,,,,,,,,,,,,,,,,,,,,,,,,,,,,,-1,,,,,,,,
building_opium_plantation,pmg_data_optimization_primary_sector,pm_digital_data_optimization_primary_sector,other,construction_cost_low,,,,,,,,,,,,,,,,,,,,,,,,,,,,,,,,,,,,,,,,,,,,,,,,,,,,,,,,,,,,,,,,,,,,,,,,,,,,,,,,,,,1,-3,,,,,,,,
building_opium_plantation,pmg_data_optimization_primary_sector,pm_digital_data_on_premises_primary_sector,other,construction_cost_low,,,,,,,,,,,,,,,,,,,,,,,,,,,,,,,,,,,,,,,,,,,,,,,,,,,,,,,,,,,,,,,,,,,,,,,,,,,,,,,,,,6,,-3,,-1,,,,,,
building_opium_plantation,pmg_data_optimization_primary_sector,pm_internet_data_reporting_primary_sector,other,construction_cost_low,,,,,,,,,,,,,,,,,,,,,,,,,,,,,,,,,,,,,,,,,,,,,,,,,,,,,,,,,,,,,,,,,,,,,,,,,,,,,,,,,,8,,-4,-1,-3,,,,,,
building_panama_canal,pmg_canal,pm_canal,base,construction_cost_canal,,,,,,,,,,,,,,,,,,,,,,,,,-15,,,,,,,,,,-10,,,,,,,,,,,,,,,,,,,,,,,,,,,,,,,,,,,,,,,,,,,,,,,,,,,,,,,,,
building_paper_mill,pmg_base_building_paper_mill,pm_pulp_pressing,base,construction_cost_high,,,,,,,,,,,-30,,,,40,,,,,,,,,,,,,,,,,,,,,,,,,,,,,,,,,,,,,,,,,,,,,,,,,,,,,,,,,,,,,,,,,,,,,,,,,,,,,
building_paper_mill,pmg_base_building_paper_mill,pm_sulfite_pulping,base,construction_cost_high,,,,,,,,,,,-30,,,,70,,,,,,,,,-10,,,,,,,,,,,,,,,,,,,,,,,,,,,,,,,,,,,,,,,,,,,,,,,,,,,,,,,,,,,,,,,,,,,,
building_paper_mill,pmg_base_building_paper_mill,pm_bleached_paper,base,construction_cost_high,,,,,,,,,,,-30,,,,100,,,,,,,,-10,-10,,,,,,,,,,,,,,,,,,,,,,,,,,,,,,,,,,,,,,,,,,,,,,,,,,,,,,,,,,,,,,,,,,,,
building_paper_mill,pmg_base_building_paper_mill,pm_chemical_pulp_recovery,base,construction_cost_high,,,,,,,,,,,-20,,,,130,,,,,,,,-10,-10,,,,,,,,,,,,,,,,,,,,,,,,,,,,,,,,,,,,,,,,,-15,,,,,,,,,,,,,,,,,,,,,,,,,,,
building_paper_mill,pmg_base_building_paper_mill,pm_advanced_composite_paper,base,construction_cost_high,,,,,,,,,,,,,,,155,,,,,,,,-5,-15,,,,,,,,,,,,,,,,,,,,,,,,,,,,,,,,,,,,,,-10,,,-15,,,,,,,,,,,,,,,,,,,,,,,,,,,
building_paper_mill,pmg_automation_building_paper_mill,pm_automation_disabled,automation,construction_cost_high,,,,,,,,,,,,,,,,,,,,,,,,,,,,,,,,,,,,,,,,,,,,,,,,,,,,,,,,,,,,,,,,,,,,,,,,,,,,,,,,,,,,,,,,,,,,
building_paper_mill,pmg_automation_building_paper_mill,pm_watertube_boiler_building_paper_mill,automation,construction_cost_high,,,,,,,,,,,,,,,,,,,,,,,,,-5,,,,,,,,,,-5,,,,,,,,,,,,,,,,,,,,,,,,,,,,,,,,,,,,,,,,,,,,,,,,,,,,,,,,,
building_paper_mill,pmg_automation_building_paper_mill,pm_rotary_valve_engine_building_paper_mill,automation,construction_cost_high,,,,,,,,,,,,,,,,,,,,,,,,,-10,,,,,,,,,,-5,,,,,,,,,,,,,,,,,,,,,,,,,,,,,,,,,,,,,,,,,,,,,,,,,,,,,,,,,
building_paper_mill,pmg_automation_building_paper_mill,pm_advanced_assembly_lines_building_paper_mill,automation,construction_cost_high,,,,,,,,,,,,,,,,,,-5,,,,,,,,,,,,,,,,,-3,,,,,,,,,,,,,,,,,,,,,,,,,,,,,,,,-3,,,,,,,,,-2,,,,,,,,,,,,,,,,
building_paper_mill,pmg_automation_building_paper_mill,pm_robotic_building_paper_mill,automation,construction_cost_high,,,,,,,,,,,,,,,,,,-5,,,,,,,,,,,,,,,,,,,,,,,,,,,,,,,,,,,,,,,,,,,,,,,,,-2,,,,,-1,,,,-3,,,,,,,,,,,,,,,,
building_paper_mill,pmg_data_optimization_light_industry_paper,pm_manual_data_reporting_light_industry_paper,other,construction_cost_high,,,,,,,,,,,,,,,,,,,,,,,,,,,,,,,,,,,,,,,,,,,,,,,,,,,,,,,,,,,,,,,,,,,,,,,,,,,,,,,,,,,1,,,,,,,,,
building_paper_mill,pmg_data_optimization_light_industry_paper,pm_manual_data_optimization_light_industry_paper,other,construction_cost_high,,,,,,,,,,,,,,,-1,,,,,,,,,,,,,,,,,,,,,,,,,,,,,,,,,,,,,,,,,,,,,,,,,,,,,,,,,,,,,,,,,,,,1,-1,,,,,,,,
building_paper_mill,pmg_data_optimization_light_industry_paper,pm_digital_data_optimization_light_industry,other,construction_cost_high,,,,,,,,,,,,,,,,,,,,,,,,,,,,,,,,,,,,,,,,,,,,,,,,,,,,,,,,,,,,,,,,,,,,,,,,,,,,,,,,,,,2,-3,,,,,,,,
building_paper_mill,pmg_data_optimization_light_industry_paper,pm_digital_data_on_premises_light_industry,other,construction_cost_high,,,,,,,,,,,,,,,,,,,,,,,,,,,,,,,,,,,,,,,,,,,,,,,,,,,,,,,,,,,,,,,,,,,,,,,,,,,,,,,,,,8,,-3,,-1,,,,,,
building_paper_mill,pmg_data_optimization_light_industry_paper,pm_internet_data_reporting_light_industry,other,construction_cost_high,,,,,,,,,,,,,,,,,,,,,,,,,,,,,,,,,,,,,,,,,,,,,,,,,,,,,,,,,,,,,,,,,,,,,,,,,,,,,,,,,,12,,-4,-2,-3,,,,,,
building_paper_mill,pmg_data_optimization_light_industry_paper,pm_internet_data_optimization_light_industry,other,construction_cost_high,,,,,,,,,,,,,,,,,,,,,,,,,,,,,,,,,,,,,,,,,,,,,,,,,,,,,,,,,,,,,,,,,,,,,,,,,,,-1,,,,,,,12,,-6,-5,-4,,,,,,
building_pena_convent,pmg_base_building_pena_convent,pm_default_building_pena_convent,base,,,,,,,,,,,,,,,,,,,,,,,,,,,,,,,,,,,,,,,,,,,,,,,,,,,,,,,,,,,,,,,,,,,,,,,,,,,,,,,,,,,,,,,,,,,,,
building_pena_convent,pmg_base_building_pena_convent,pm_monument_prestige_only,base,,,,,,,,,,,,,,,,,,,,,,,,,,,,,,,,,,,,,,,,,,,,,,,,,,,,,,,,,,,,,,,,,,,,,,,,,,,,,,,,,,,,,,,,,,,,,
building_pena_convent,pmg_base_building_pena_convent,pm_monument_no_effects,base,,,,,,,,,,,,,,,,,,,,,,,,,,,,,,,,,,,,,,,,,,,,,,,,,,,,,,,,,,,,,,,,,,,,,,,,,,,,,,,,,,,,,,,,,,,,,
building_pena_palace,pmg_base_building_pena_palace,pm_default_building_pena_palace,base,construction_cost_monument,,,,,,,,,,,,,,,,,,,,,,,,,,,,,,,,,,,,,,,,,,,,,,,,,,,,,,,,,,,,,,,,,,,,,,,,,,,,,,,,,,,,,,,,,,,,
building_pena_palace,pmg_base_building_pena_palace,pm_monument_prestige_only,base,construction_cost_monument,,,,,,,,,,,,,,,,,,,,,,,,,,,,,,,,,,,,,,,,,,,,,,,,,,,,,,,,,,,,,,,,,,,,,,,,,,,,,,,,,,,,,,,,,,,,
building_pena_palace,pmg_base_building_pena_palace,pm_monument_no_effects,base,construction_cost_monument,,,,,,,,,,,,,,,,,,,,,,,,,,,,,,,,,,,,,,,,,,,,,,,,,,,,,,,,,,,,,,,,,,,,,,,,,,,,,,,,,,,,,,,,,,,,
building_petra,pmg_dummy,pm_dummy,other,,,,,,,,,,,,,,,,,,,,,,,,,,,,,,,,,,,,,,,,,,,,,,,,,,,,,,,,,,,,,,,,,,,,,,,,,,,,,,,,,,,,,,,,,,,,,
building_pharmaceuticals_industry,pmg_base_building_pharmaceuticals,pm_handcraft_natural_medicinals,base,construction_cost_very_high,,,,,,,,,,,,,,,,,,,,,,,,,,,,,,,,,-10,,,,,,-10,-20,,,,,,,,,,,,,,,,,,,,,,,,,,,,,,,,,,,,,-5,50,,,,,,,,,,,,,,
building_pharmaceuticals_industry,pmg_base_building_pharmaceuticals,pm_rudimental_chemical_pharmaceuticals,base,construction_cost_very_high,,,,,,,,,,,,,,,,,,,,,,,,,-10,,,,,,,,-15,,,,,,,-20,,,,,,,,,,,,,,,,,,,,,,,,,,,,,,,,,,,,,-5,65,,,,,,,,,,,,,,
building_pharmaceuticals_industry,pmg_base_building_pharmaceuticals,pm_antibiotics_pharmaceuticals,base,construction_cost_very_high,,,,,,,,,,,,,,,,,,-5,,,,,,,,,,,,-20,,,-20,-25,,,,,,,,,,,,,,,,,,,,,,,,,,,,,,,,,,,,,,,,,,,-5,100,,,,,,,,,,,,,,
building_pharmaceuticals_industry,pmg_base_building_pharmaceuticals,pm_synthetic_pharmaceuticals,base,construction_cost_very_high,,,,,,,,,,,,,,,,,,-10,,,,,,,,,,,,,,,-25,-40,,,,,,,,,,,,,,,,,,,,,,,,,,,,,,,-20,,,,,,,,,,,,-10,140,,,,,,,,,,,,,,
building_pharmaceuticals_industry,pmg_automation_building_general,pm_automation_disabled,automation,construction_cost_very_high,,,,,,,,,,,,,,,,,,,,,,,,,,,,,,,,,,,,,,,,,,,,,,,,,,,,,,,,,,,,,,,,,,,,,,,,,,,,,,,,,,,,,,,,,,,,
building_pharmaceuticals_industry,pmg_automation_building_general,pm_watertube_boiler_building_general,automation,construction_cost_very_high,,,,,,,,,,,,,,,,,,,,,,,,,-5,,,,,,,,,,-5,,,,,,,,,,,,,,,,,,,,,,,,,,,,,,,,,,,,,,,,,,,,,,,,,,,,,,,,,
building_pharmaceuticals_industry,pmg_automation_building_general,pm_rotary_valve_engine_building_general,automation,construction_cost_very_high,,,,,,,,,,,,,,,,,,,,,,,,,-10,,,,,,,,,,-5,,,,,,,,,,,,,,,,,,,,,,,,,,,,,,,,,,,,,,,,,,,,,,,,,,,,,,,,,
building_pharmaceuticals_industry,pmg_automation_building_general,pm_basic_electric_control_building_general,automation,construction_cost_very_high,,,,,,,,,,,,,,,,,,-2,,,,,,,,,,,,,,,,,-5,,,,,,,,,,,,,,,,,,,,,,,,,,,,,,,,,,,,-3,,,,,,,,,,,,,,,,,,,,,
building_pharmaceuticals_industry,pmg_automation_building_general,pm_advanced_electric_control_building_general,automation,construction_cost_very_high,,,,,,,,,,,,,,,,,,-2,,,,,,,,,,,,,,,,,,,,,,,,,,,,,,,,,,,,,,,,,,,,,,,,,,,,,,-2,,,,-3,,,,,,,,,,,,,,,,
building_pharmaceuticals_industry,pmg_transport_automation_building_general,pm_road_carts,automation,construction_cost_very_high,,,,,,,,,,,,,,,,,,,,,,,,,,,,,,,,,,,,,,,,,,,,,,,,,,,,,,,,,,,,,,,,,,,,,,,,,,,,,,,,,,,,,,,,,,,,
building_pharmaceuticals_industry,pmg_transport_automation_building_general,pm_rail_transport_mine,automation,construction_cost_very_high,,,,,,,,,,,,,,,,,-4,,,,,,,,,,,,,,,,,,,,,,,,,,,,,,,,,,,,,,,,,,,,,,,,,,,,,,,,,,,,,,,,,,,,,,,,,,,
building_pharmaceuticals_industry,pmg_transport_automation_building_general,pm_multiway_transport_mine,automation,construction_cost_very_high,,,,,,,,,,,,,,,,,-2,,,,,,,,,,,,,,,,,,,,,,,,,,,,,,-2,,,,,,,,,,,,,,,,,,,,,,,,,,,,,,,,,,,,,,,,,,,,,
building_pharmaceuticals_industry,pmg_data_optimization_heavy_industry,pm_manual_data_reporting_heavy_industry,other,construction_cost_very_high,,,,,,,,,,,,,,,,,,,,,,,,,,,,,,,,,,,,,,,,,,,,,,,,,,,,,,,,,,,,,,,,,,,,,,,,,,,,,,,,,,,1,,,,,,,,,
building_pharmaceuticals_industry,pmg_data_optimization_heavy_industry,pm_manual_data_optimization_heavy_industry,other,construction_cost_very_high,,,,,,,,,,,,,,,-1,,,,,,,,,,,,,,,,,,,,,,,,,,,,,,,,,,,,,,,,,,,,,,,,,,,,,,,,,,,,,,,,,,,,1,-1,,,,,,,,
building_pharmaceuticals_industry,pmg_data_optimization_heavy_industry,pm_digital_data_optimization_heavy_industry,other,construction_cost_very_high,,,,,,,,,,,,,,,,,,,,,,,,,,,,,,,,,,,,,,,,,,,,,,,,,,,,,,,,,,,,,,,,,,,,,,,,,,,,,,,,,,,3,-3,,,,,,,,
building_pharmaceuticals_industry,pmg_data_optimization_heavy_industry,pm_digital_data_on_premises_heavy_industry,other,construction_cost_very_high,,,,,,,,,,,,,,,,,,,,,,,,,,,,,,,,,,,,,,,,,,,,,,,,,,,,,,,,,,,,,,,,,,,,,,,,,,,,,,,,,,10,,-3,,-1,,,,,,
building_pharmaceuticals_industry,pmg_data_optimization_heavy_industry,pm_internet_data_reporting_heavy_industry,other,construction_cost_very_high,,,,,,,,,,,,,,,,,,,,,,,,,,,,,,,,,,,,,,,,,,,,,,,,,,,,,,,,,,,,,,,,,,,,,,,,,,,,,,,,,,16,,-4,-2,-3,,,,,,
building_pharmaceuticals_industry,pmg_data_optimization_heavy_industry,pm_internet_data_optimization_heavy_industry,other,construction_cost_very_high,,,,,,,,,,,,,,,,,,,,,,,,,,,,,,,,,,,,,,,,,,,,,,,,,,,,,,,,,,,,,,,,,,,,,,,,,,,-1,,,,,,,16,,-6,-5,-4,,,,,,
building_port,pmg_base_building_port,pm_anchorage,base,construction_cost_medium,,,,,,,,,,,,,,,,,,,,,,,,,,,,,,,,,,,,,,,,,,,,,,,,,,,,,,,,,,,,,,,,,,,,,,,,,,,,,,,,,,,,,,,,,,,,
building_port,pmg_base_building_port,pm_basic_port,base,construction_cost_medium,,,,,,,,,,,,,,,,,,,10,-5,,,,,,,,,,,,,,,,,,,,,,,,,,,,,,,,,,,,,,,,,,,,,,,,,,,,,,,,,,,,,,,,,,,,,,,,
building_port,pmg_base_building_port,pm_industrial_port,base,construction_cost_medium,,,,,,,,,,,,,,,,,,,20,,-5,,,,-5,,,,,,,,,,,,,,,,,,,,,,,,,,,,,,,,,,,,,,,,,,,,,,,,,,,,,,,,,,1,,,,,,,,,
building_port,pmg_base_building_port,pm_modern_port,base,construction_cost_medium,,,,,,,,,,,,,,,,,,,30,,-5,,,,,,,,-10,,,-15,,,125,,,,,,,,,,,,,,,,,,,,,,,,-5,,,,,,-10,,,-5,-3,,,,,,,,,,,,,,2,,,,,,,,,
building_port,pmg_base_building_port,pm_advanced_port,base,construction_cost_medium,,,,,,,,,,,,,,,,,,,45,,-5,,,,,,,,,,,,,,,,,,,,,,,,,,,,,,,,,,,,,,,,,,,,,,,-4,,,,,,,,-1,,,,,,,5,,,,,,,,,
building_port,pmg_base_building_water_desalination,pm_no_desalinated_water,base,construction_cost_medium,,,,,,,,,,,,,,,,,,,,,,,,,,,,,,,,,,,,,,,,,,,,,,,,,,,,,,,,,,,,,,,,,,,,,,,,,,,,,,,,,,,,,,,,,,,,
building_port,pmg_base_building_water_desalination,pm_electric_pumped_desalinated_water,base,construction_cost_medium,,,,,,,,,,,,,,,,,,-4,,,,,,,,,,,,,-4,,,,-6,,,,,,,,,,,,,,,,,,,,,,,,,,,,,,-2,,,,,,,,,,,,20,,,,,,,,,,,,,,,
building_port,pmg_base_building_water_desalination,pm_advanced_desalinated_water_filtration,base,construction_cost_medium,,,,,,,,,,,,,,,,,,-8,,,,,,,,,,,,,-6,,,,-4,,,,,,,,,,,,,,,,,,,,,,,,,,,,,,-2,,,,,,-2,,,,,,26,,,,,,,,,,,,,,,
building_power_bloc_statue,pmg_base_building_power_bloc_statue,pm_power_bloc_statue_sovereign_empire,base,construction_cost_monument,,,,,,,,,,,,,,,,,,,,,,,,,,,,,,,,,,,,,,,,,,,,,,,,,,,,,,,,,,,,,,,,,,,,,,,,,,,,,,,,,,,,,,,,,,,,
building_power_bloc_statue,pmg_base_building_power_bloc_statue,pm_power_bloc_statue_military_treaty,base,construction_cost_monument,,,,,,,,,,,,,,,,,,,,,,,,,,,,,,,,,,,,,,,,,,,,,,,,,,,,,,,,,,,,,,,,,,,,,,,,,,,,,,,,,,,,,,,,,,,,
building_power_bloc_statue,pmg_base_building_power_bloc_statue,pm_power_bloc_statue_ideological_union,base,construction_cost_monument,,,,,,,,,,,,,,,,,,,,,,,,,,,,,,,,,,,,,,,,,,,,,,,,,,,,,,,,,,,,,,,,,,,,,,,,,,,,,,,,,,,,,,,,,,,,
building_power_bloc_statue,pmg_base_building_power_bloc_statue,pm_power_bloc_statue_trade_league,base,construction_cost_monument,,,,,,,,,,,,,,,,,,,,,,,,,,,,,,,,,,,,,,,,,,,,,,,,,,,,,,,,,,,,,,,,,,,,,,,,,,,,,,,,,,,,,,,,,,,,
building_power_bloc_statue,pmg_base_building_power_bloc_statue,pm_power_bloc_statue_religious,base,construction_cost_monument,,,,,,,,,,,,,,,,,,,,,,,,,,,,,,,,,,,,,,,,,,,,,,,,,,,,,,,,,,,,,,,,,,,,,,,,,,,,,,,,,,,,,,,,,,,,
building_power_bloc_statue,pmg_base_building_power_bloc_statue,pm_power_bloc_prestige_only,base,construction_cost_monument,,,,,,,,,,,,,,,,,,,,,,,,,,,,,,,,,,,,,,,,,,,,,,,,,,,,,,,,,,,,,,,,,,,,,,,,,,,,,,,,,,,,,,,,,,,,
building_power_bloc_statue,pmg_base_building_power_bloc_statue,pm_monument_no_effects,base,construction_cost_monument,,,,,,,,,,,,,,,,,,,,,,,,,,,,,,,,,,,,,,,,,,,,,,,,,,,,,,,,,,,,,,,,,,,,,,,,,,,,,,,,,,,,,,,,,,,,
building_power_plant,pmg_base_building_power_plant,pm_early_power_plant,base,construction_cost_medium,,,,,,,,,,,-4,,,,,,,30,,,,,,,-4,,,,,,-2,,,,,,,,,,,,,,,,,,,,,,,,,,,,,,,,,,,,,,-1,-1,,,,,,,,,,,,,,,,,,,,,,
building_power_plant,pmg_base_building_power_plant,pm_coal-fired_plant,base,construction_cost_medium,,,,,,,,,,,,,,,,,,55,,,,,,,-20,,,,,,-3,,,,,,,,,,,,,,,,,,,,,,,,,,,,,,,,,,,,,,-2,-1,,,,,,,-2,,,,,,,,,,,,,,,6
building_power_plant,pmg_base_building_power_plant,pm_oil-fired_plant,base,construction_cost_medium,,,,,,,,,,,,,,,,,,85,,,,,,,,,,,,-25,-6,,,,,,,,,,,,,,,,,,,,,,,,,,,,,,,,,,,,,,-2,-2,,,,,,,-3,,,,,,,,,,,,,,,9
building_power_plant,pmg_base_building_power_plant,pm_gas,base,construction_cost_medium,,,,,,,,,,,,,,,,,,,,,,,,,,,,,,,,,,,,,,,,,,,,,,,,,,,,,,,,,,,,,,,,,,,,,,,,,,,,,,,,,,,,,,,,,,,,
building_power_plant,pmg_base_building_power_plant,pm_nuclear-fission_plant,base,construction_cost_medium,,,,,,,,,,,,,,,,,,110,,,,,,,,,,,,,-6,,,,,,,,,,,,,,,,,,,,,,,,,,-20,,,,,,,,,,,,-2,-2,-3,,,,,,-10,,,,,,,,,,,,,,,12
building_power_plant,pmg_automation_building_power_plant,pm_automation_disabled_power_plant,automation,construction_cost_medium,,,,,,,,,,,,,,,,,,,,,,,,,,,,,,,,,,,,,,,,,,,,,,,,,,,,,,,,,,,,,,,,,,,,,,,,,,,,,,,,,,,,,,,,,,,,
building_power_plant,pmg_automation_building_power_plant,pm_pressurized_systems_power_plant,automation,construction_cost_medium,,,,,,,,,,,,,,,,,,5,,,,,,,,,,,,,,,,,,,,,,,,,,,,,,,,,,,,,,,,,,,,,,,-1,,,,,,,,,,,-1,,,,,,,,,,,,,,,,
building_power_plant,pmg_automation_building_power_plant,pm_smart_grid_energy_management_power_plant,automation,construction_cost_medium,,,,,,,,,,,,,,,,,,10,,,,,,,,,,,,,,,,,,,,,,,,,,,,,,,,,,,,,,,,,,,,,,,-1,,,,,,,,,,,-1,,,,,,,,,-5,,,,,,,
building_power_plant,pmg_refining_building_power_plant,no_refining_power_plant,refining,construction_cost_medium,,,,,,,,,,,,,,,,,,,,,,,,,,,,,,,,,,,,,,,,,,,,,,,,,,,,,,,,,,,,,,,,,,,,,,,,,,,,,,,,,,,,,,,,,,,,
building_power_plant,pmg_refining_building_power_plant,pm_automation_HFO_fuel,refining,construction_cost_medium,,,,,,,,,,,,,,,,,,20,,,,,,,,,,,,25,,,,,,,,,,,,,,,,,,,,,,,,,,,,,,,,,,,,,,-15,,,,,,,,,,,,,,,,,,,,,,,,
building_power_plant,pmg_refining_building_power_plant,pm_nuclear_second_generation,refining,construction_cost_medium,,,,,,,,,,,,,,,,,,20,,,,,,,,,,,,,,,,,,,,,,,,,,,,,,,,,,,,,,,,,,,,,,,,,,,,,,-2,,,,-2,,,,,,,,,,,,,,,,
building_power_plant,pmg_refining_building_power_plant,pm_nuclear_third_generation,refining,construction_cost_medium,,,,,,,,,,,,,,,,,,35,,,,,,,,,,,,,,,,,,,,,,,,,,,,,,,,,,,,,,,,,,,,,,,,,,,,,,,,,-3,-3,,,,,,,,,,-1,,,,,,
building_power_plant,pmg_data_optimization_light_industry,pm_manual_data_reporting_light_industry,other,construction_cost_medium,,,,,,,,,,,,,,,,,,,,,,,,,,,,,,,,,,,,,,,,,,,,,,,,,,,,,,,,,,,,,,,,,,,,,,,,,,,,,,,,,,,1,,,,,,,,,
building_power_plant,pmg_data_optimization_light_industry,pm_manual_data_optimization_light_industry,other,construction_cost_medium,,,,,,,,,,,,,,,-1,,,,,,,,,,,,,,,,,,,,,,,,,,,,,,,,,,,,,,,,,,,,,,,,,,,,,,,,,,,,,,,,,,,,1,-1,,,,,,,,
building_power_plant,pmg_data_optimization_light_industry,pm_digital_data_optimization_light_industry,other,construction_cost_medium,,,,,,,,,,,,,,,,,,,,,,,,,,,,,,,,,,,,,,,,,,,,,,,,,,,,,,,,,,,,,,,,,,,,,,,,,,,,,,,,,,,2,-3,,,,,,,,
building_power_plant,pmg_data_optimization_light_industry,pm_digital_data_on_premises_light_industry,other,construction_cost_medium,,,,,,,,,,,,,,,,,,,,,,,,,,,,,,,,,,,,,,,,,,,,,,,,,,,,,,,,,,,,,,,,,,,,,,,,,,,,,,,,,,8,,-3,,-1,,,,,,
building_power_plant,pmg_data_optimization_light_industry,pm_internet_data_reporting_light_industry,other,construction_cost_medium,,,,,,,,,,,,,,,,,,,,,,,,,,,,,,,,,,,,,,,,,,,,,,,,,,,,,,,,,,,,,,,,,,,,,,,,,,,,,,,,,,12,,-4,-2,-3,,,,,,
building_power_plant,pmg_data_optimization_light_industry,pm_internet_data_optimization_light_industry,other,construction_cost_medium,,,,,,,,,,,,,,,,,,,,,,,,,,,,,,,,,,,,,,,,,,,,,,,,,,,,,,,,,,,,,,,,,,,,,,,,,,,-1,,,,,,,12,,-6,-5,-4,,,,,,
building_processors_foundry,pmg_base_building_processors,pm_integrated_circuit,base,construction_cost_modern,,,,,,,,,,,,,,,,,,-10,,,,,,,,,,,,,,,,,,,,,,,,,,,,,,,,,,,,,,,,,-5,,,-10,,,,,,,,,-15,35,,,,,,,,,,,,,,,,,,,,
building_processors_foundry,pmg_base_building_processors,pm_microprocessor,base,construction_cost_modern,,,,,,,,,,,,,,,,,,-10,,,,,,,,,,,,,,,,,,,,,,,,,,,,,,,,,,,,,,,,,,,,-25,-5,,,,,,,,-20,55,,,,,,,,,,,,,,,,,,,,
building_processors_foundry,pmg_base_building_processors,pm_multi_core_processor,base,construction_cost_modern,,,,,,,,,,,,,,,,,,-15,,,,,,,,,,,,,,,,,,,,,,,,,,,,,,,,,,,,,,,,,,,,-30,-15,,,,,,,,-25,75,,,,,,,,,,,,,,,,,,,,
building_processors_foundry,pmg_base_building_computers,pm_no_computer_production,base,construction_cost_modern,,,,,,,,,,,,,,,,,,,,,,,,,,,,,,,,,,,,,,,,,,,,,,,,,,,,,,,,,,,,,,,,,,,,,,,,,,,,,,,,,,,,,,,,,,,,
building_processors_foundry,pmg_base_building_computers,pm_computer_teleprinters,base,construction_cost_modern,,,,,,,,,,,,,,,,,,,,,,,,,,,,,,,,,,,,,,,,,,,,,,,,,,,,,,,,,,,-10,,,,,,-5,,,,-5,-5,-10,-15,,,35,,,,,,,,,,,,,,,,,
building_processors_foundry,pmg_base_building_computers,pm_personal_computers,base,construction_cost_modern,,,,,,,,,,,,,,,,,,,,,,,,,,,,,,,,,,,,,,,,,,,,,,,,,,,,,,,,,,,,,,,,,-10,,,,-5,-5,,-20,,-10,50,,,,,,,,,,,-10,,,,,,
building_processors_foundry,pmg_base_building_computers,pm_laptops,base,construction_cost_modern,,,,,,,,,,,,,,,,,,,,,,,,,,,,,,,,,,,,,,,,,,,,,,,,,,,,,,,,,,,,,,,,,-5,,,,,-20,,-25,,-5,60,,,,,,,,,,,-20,,,,,,
building_processors_foundry,pmg_base_building_computers,pm_advanced_personal_computers,base,construction_cost_modern,,,,,,,,,,,,,,,,,,,,,,,,,,,,,,,,,,,,,,,,,,,,,,,,,,,,,,,,,,,,,,,,,-10,,,,,-5,,-40,,-10,75,,,,,,,,,,,-20,,,,,,
building_processors_foundry,pmg_automation_building_chip_foundry,pm_photomask_projection,automation,construction_cost_modern,,,,,,,,,,,,,,,,,,-5,,,,,,,,,,,,,,,,,-5,,,,,,,,,,,,,,,,,,,,,,,,,,,,,,,,,,,,-5,,,,,,,,,,,,,,,,,,,,,
building_processors_foundry,pmg_automation_building_chip_foundry,pm_deep_uv_photolithography,automation,construction_cost_modern,,,,,,,,,,,,,,,,,,-10,,,,,,,,,,,,,,,,,,,,,,,,,,,,,,,,,,,,,,,,,,,,,,,,,,,,,,,,,,-5,-2,,,,,,,,,,,,,,,
building_processors_foundry,pmg_data_optimization_heavy_industry_processors,pm_manual_data_reporting_heavy_industry,other,construction_cost_modern,,,,,,,,,,,,,,,,,,,,,,,,,,,,,,,,,,,,,,,,,,,,,,,,,,,,,,,,,,,,,,,,,,,,,,,,,,,,,,,,,,,1,,,,,,,,,
building_processors_foundry,pmg_data_optimization_heavy_industry_processors,pm_manual_data_optimization_heavy_industry,other,construction_cost_modern,,,,,,,,,,,,,,,-1,,,,,,,,,,,,,,,,,,,,,,,,,,,,,,,,,,,,,,,,,,,,,,,,,,,,,,,,,,,,,,,,,,,,1,-1,,,,,,,,
building_processors_foundry,pmg_data_optimization_heavy_industry_processors,pm_digital_data_optimization_heavy_industry_processors,other,construction_cost_modern,,,,,,,,,,,,,,,,,,,,,,,,,,,,,,,,,,,,,,,,,,,,,,,,,,,,,,,,,,,,,,,,,,,,,,,,,,,,,,,,,,,3,-3,,-1,,,,,,
building_processors_foundry,pmg_data_optimization_heavy_industry_processors,pm_digital_data_on_premises_heavy_industry_processors,other,construction_cost_modern,,,,,,,,,,,,,,,,,,,,,,,,,,,,,,,,,,,,,,,,,,,,,,,,,,,,,,,,,,,,,,,,,,,,,,,,,,,,,,,,,,10,,-3,,-1,,,,,,
building_processors_foundry,pmg_data_optimization_heavy_industry_processors,pm_internet_data_reporting_heavy_industry,other,construction_cost_modern,,,,,,,,,,,,,,,,,,,,,,,,,,,,,,,,,,,,,,,,,,,,,,,,,,,,,,,,,,,,,,,,,,,,,,,,,,,,,,,,,,16,,-4,-2,-3,,,,,,
building_processors_foundry,pmg_data_optimization_heavy_industry_processors,pm_internet_data_optimization_heavy_industry,other,construction_cost_modern,,,,,,,,,,,,,,,,,,,,,,,,,,,,,,,,,,,,,,,,,,,,,,,,,,,,,,,,,,,,,,,,,,,,,,,,,,,-1,,,,,,,16,,-6,-5,-4,,,,,,
building_railway,pmg_base_building_railway,pm_early_trains,base,construction_cost_very_high,,,,,,,,,,,,,,,,,20,,,,,,,,-2,,,,,,-5,,,,,,,,,,,,,,,,,,,,,,,,,,,,,,,,,,,,,,,,,,,,,,,,,,,,,,,,,,,,,
building_railway,pmg_base_building_railway,pm_steam_trains,base,construction_cost_very_high,,,,,,,,,,,,,,,,,30,,,,,,,,-5,,,,,,-5,-1,,,,,,,,,,,,,,,,,,,,,,,,,,,,,,,,,,,,,,,,,,,,,,,,,,,,,,,,,,,,
building_railway,pmg_base_building_railway,pm_steam_trains_principle_transport_3,base,construction_cost_very_high,,,,,,,,,,,,,,,,,35,,,,,,,,-6,,,,,,-6,-1,,,,,,,,,,,,,,,,,,,,,,,,,,,,,,,,,,,,,,,,,,,,,,,,,,,,,,,,,,,,
building_railway,pmg_base_building_railway,pm_electric_trains,base,construction_cost_very_high,,,,,,,,,,,,,,,,,40,-8,,,,,,,,,,,,,-5,-2,,,,,,,,,,,,,,,,,,,,,,,,,,,,,,,,,,,,,,,,,,,,,,,,,,,,,,,,,,,,
building_railway,pmg_base_building_railway,pm_electric_trains_principle_transport_3,base,construction_cost_very_high,,,,,,,,,,,,,,,,,50,-10,,,,,,,,,,,,,-6,-2,,,,,,,,,,,,,,,,,,,,,,,,,,,,,,,,,,,,,,,,,,,,,,,,,,,,,,,,,,,,
building_railway,pmg_base_building_railway,pm_diesel_trains,base,construction_cost_very_high,,,,,,,,,,,,,,,,,50,,,,,,,,,,,,,,-5,-3,,,,,,,,,,,,,,,,,,,,,,,,,,,,,,,,,,-3,,,,,,,,,,,,,,,,,,,,,,,,,,
building_railway,pmg_base_building_railway,pm_diesel_trains_principle_transport_3,base,construction_cost_very_high,,,,,,,,,,,,,,,,,60,,,,,,,,,,,,,,-6,-3,,,,,,,,,,,,,,,,,,,,,,,,,,,,,,,,,,-4,,,,,,,,,,,,,,,,,,,,,,,,,,
building_railway,pmg_base_building_railway,pm_advanced_express_trains,base,construction_cost_very_high,,,,,,,,,,,,,,,,,60,,,,,,,,,,,,,,-5,-2,,,,,,,,,,,,,,,,,,,,,,,,,,,,,,,,-2,,-3,,,,,,,,,,,,,,,,,,,,,,,,,,
building_railway,pmg_base_building_railway,pm_advanced_express_trains_principle_transport_3,base,construction_cost_very_high,,,,,,,,,,,,,,,,,70,,,,,,,,,,,,,,-6,-2,,,,,,,,,,,,,,,,,,,,,,,,,,,,,,,,-2,,-4,,,,,,,,,,,,,,,,,,,,,,,,,,
building_railway,pmg_base_building_railway,pm_high_speed_trains,base,construction_cost_very_high,,,,,,,,,,,,,,,,,70,-6,,,,,,,,,,,,,-5,-2,,,,,,,,,,,,,,,,,,,,,,,,,,,,,,,,-2,,,,,,,-1,,,,,,,,,,,,,,,,,,,,,
building_railway,pmg_base_building_railway,pm_high_speed_trains_principle_transport_3,base,construction_cost_very_high,,,,,,,,,,,,,,,,,80,-9,,,,,,,,,,,,,-6,-2,,,,,,,,,,,,,,,,,,,,,,,,,,,,,,,,-2,,,,,,,-1,,,,,,,,,,,,,,,,,,,,,
building_railway,pmg_passenger_trains,pm_no_passenger_trains,refining,construction_cost_very_high,,,,,,,,,,,,,,,,,,,,,,,,,,,,,,,,,,,,,,,,,,,,,,,,,,,,,,,,,,,,,,,,,,,,,,,,,,,,,,,,,,,,,,,,,,,,
building_railway,pmg_passenger_trains,pm_wooden_passenger_carriages,refining,construction_cost_very_high,,,,,,,,,,,-8,,,,,,10,,,,,,,,,,,,,,,,,,,,,,,,,,,,,,,,,,,,,,,,,,,,,,,,,,,,,,,,,,,,,,,,,,,,,,,,,,,
building_railway,pmg_passenger_trains,pm_steel_passenger_carriages,refining,construction_cost_very_high,,,,,,,,,,,,,,,,,15,,,,,,,,,,,,,,,-5,,,,,,,,,,,,,,,,,,,,,,,,,,,,,,,,,,,,,,,,,,,,,,,,,,,,,,,,,,,,
building_railway,pmg_passenger_trains,pm_aluminium_passenger_carriages,refining,construction_cost_very_high,,,,,,,,,,,,,,,,,20,,,,,,,,,,,,,,,,,,,,,,,,,,,,,,,,,,,,,,,,,,,,,,,-5,,,,,,,,,,,,,,,,,,,,,,,,,,,,
building_railway,pmg_transport_infrastructure_building_railway,pm_basic_roads_building_railway,base,construction_cost_very_high,,,,,,,,,,,,,,,,,,,,,,,,,,,,,,,,,,,,,,,,,,,,,,,,,,,,,,,,,,,,,,,,,,,,,,,,,,,,,,,,,,,,,,,,,,,,
building_railway,pmg_transport_infrastructure_building_railway,pm_highways_building_railway,base,construction_cost_very_high,,,,,,,,,,,,,,,,,15,-2,,,,,,,,,,,,-1,,-5,,,,,,,,,,,,,,,,,,,,,,,,,,,,,,,,,,,,,,,,,,,,,,,,,,,,,,,,,,,,
building_railway,pmg_transport_infrastructure_building_railway,pm_expressways_building_railway,base,construction_cost_very_high,,,,,,,,,,,,,,,,,20,-3,,,,,,,,,,,,-2,,-6,,,,,,,,,,,,,,,,,,,,,,,,,,,,,,,,,,,,,,,,,,,,,,,,,,,,,,,,,,,,
building_railway,pmg_transport_infrastructure_building_railway,pm_logistics_hubs_building_railway,base,construction_cost_very_high,,,,,,,,,,,,,,,,,25,-4,,,,,,,,,,,,-2,,-6,,,,,,,,,,,,,,,,,,,,,,,,,,,,,,,,,,,,,,,,,,,,-1,,,,,,,,,,,,,,,,
building_railway,pmg_data_optimization_light_industry,pm_manual_data_reporting_light_industry,other,construction_cost_very_high,,,,,,,,,,,,,,,,,,,,,,,,,,,,,,,,,,,,,,,,,,,,,,,,,,,,,,,,,,,,,,,,,,,,,,,,,,,,,,,,,,,1,,,,,,,,,
building_railway,pmg_data_optimization_light_industry,pm_manual_data_optimization_light_industry,other,construction_cost_very_high,,,,,,,,,,,,,,,-1,,,,,,,,,,,,,,,,,,,,,,,,,,,,,,,,,,,,,,,,,,,,,,,,,,,,,,,,,,,,,,,,,,,,1,-1,,,,,,,,
building_railway,pmg_data_optimization_light_industry,pm_digital_data_optimization_light_industry,other,construction_cost_very_high,,,,,,,,,,,,,,,,,,,,,,,,,,,,,,,,,,,,,,,,,,,,,,,,,,,,,,,,,,,,,,,,,,,,,,,,,,,,,,,,,,,2,-3,,,,,,,,
building_railway,pmg_data_optimization_light_industry,pm_digital_data_on_premises_light_industry,other,construction_cost_very_high,,,,,,,,,,,,,,,,,,,,,,,,,,,,,,,,,,,,,,,,,,,,,,,,,,,,,,,,,,,,,,,,,,,,,,,,,,,,,,,,,,8,,-3,,-1,,,,,,
building_railway,pmg_data_optimization_light_industry,pm_internet_data_reporting_light_industry,other,construction_cost_very_high,,,,,,,,,,,,,,,,,,,,,,,,,,,,,,,,,,,,,,,,,,,,,,,,,,,,,,,,,,,,,,,,,,,,,,,,,,,,,,,,,,12,,-4,-2,-3,,,,,,
building_railway,pmg_data_optimization_light_industry,pm_internet_data_optimization_light_industry,other,construction_cost_very_high,,,,,,,,,,,,,,,,,,,,,,,,,,,,,,,,,,,,,,,,,,,,,,,,,,,,,,,,,,,,,,,,,,,,,,,,,,,-1,,,,,,,12,,-6,-5,-4,,,,,,
building_rare_earths_mine,pmg_mining_equipment_building_rare_earths_mine,pm_picks_and_shovels_building_rare_earths_mine,base,construction_cost_very_high,,,,,,,,,,,,,,,,,,,,,,,,,,,,,,,,,,,-15,,,,,,,,,,,,,,,,,,,,,,,,,,,,20,,,,,,,,,,,,,,,,,,,,,,,,,,,,,
building_rare_earths_mine,pmg_mining_equipment_building_rare_earths_mine,pm_diesel_pump_building_rare_earths_mine,base,construction_cost_very_high,,,,,,,,,,,,,,,,,,,,,,,,,,,,,,,,,,,-20,,,,,,,,,,,,,,,,,,,,,,,,,,,,40,,,-3,,,,,,,,,,,,,,,,,,,,,,,,,,
building_rare_earths_mine,pmg_mining_equipment_building_rare_earths_mine,pm_electric_fueled_pump_building_rare_earths_mine,base,construction_cost_very_high,,,,,,,,,,,,,,,,,,-5,,,,,,,,,,,,,,,,,-20,,,,,,,,,,,,,,,,,,,,,,,,,,,,55,,,-5,,,,,-2,,,,,,,,,,,,,,,,,,,,,
building_rare_earths_mine,pmg_mining_equipment_building_rare_earths_mine,pm_heavy_machineries_building_rare_earths_mine,base,construction_cost_very_high,,,,,,,,,,,,,,,,,,-10,,,,,,,,,,,,,-5,,,,,,,,,,,,,,,,,,,,,,,,,,,,,,,,85,,,-5,,,,,-3,,,,,-7,,,,,,,,,,,,,,,,
building_rare_earths_mine,pmg_mining_equipment_building_rare_earths_mine,pm_autonomous_and_remote_ops_building_rare_earths_mine,base,construction_cost_very_high,,,,,,,,,,,,,,,,,,-10,,,,,,,,,,,,,-5,,,,,,,,,,,,,,,,,,,,,,,,,,,,,,,,115,,,-5,,,,,,-2,,,,-12,,,,,,,,,-10,,,,,,,
building_rare_earths_mine,pmg_steam_automation_building_rare_earths_mine,pm_no_steam_automation,automation,construction_cost_very_high,,,,,,,,,,,,,,,,,,,,,,,,,,,,,,,,,,,,,,,,,,,,,,,,,,,,,,,,,,,,,,,,,,,,,,,,,,,,,,,,,,,,,,,,,,,,
building_rare_earths_mine,pmg_steam_automation_building_rare_earths_mine,pm_advanced_purification_mine,automation,construction_cost_very_high,,,,,,,,,,,,,,,,,,,,,,,,,,,,,,,-2,,,-10,,,,,,,,,,,,,,,,,,,,,,,,,,,,,10,,,,-2,,,,,,,,,,,,,,,,,,,,,,,,,
building_rare_earths_mine,pmg_train_automation_building_rare_earths_mine,pm_road_carts,automation,construction_cost_very_high,,,,,,,,,,,,,,,,,,,,,,,,,,,,,,,,,,,,,,,,,,,,,,,,,,,,,,,,,,,,,,,,,,,,,,,,,,,,,,,,,,,,,,,,,,,,
building_rare_earths_mine,pmg_train_automation_building_rare_earths_mine,pm_rail_transport_mine,automation,construction_cost_very_high,,,,,,,,,,,,,,,,,-4,,,,,,,,,,,,,,,,,,,,,,,,,,,,,,,,,,,,,,,,,,,,,,,,,,,,,,,,,,,,,,,,,,,,,,,,,,,
building_rare_earths_mine,pmg_train_automation_building_rare_earths_mine,pm_multiway_transport_mine,automation,construction_cost_very_high,,,,,,,,,,,,,,,,,-2,,,,,,,,,,,,,,,,,,,,,,,,,,,,,,-2,,,,,,,,,,,,,,,,,,,,,,,,,,,,,,,,,,,,,,,,,,,,,
building_rare_earths_mine,pmg_data_optimization_primary_sector,pm_manual_data_reporting_primary_sector,other,construction_cost_very_high,,,,,,,,,,,,,,,,,,,,,,,,,,,,,,,,,,,,,,,,,,,,,,,,,,,,,,,,,,,,,,,,,,,,,,,,,,,,,,,,,,,,,,,,,,,,
building_rare_earths_mine,pmg_data_optimization_primary_sector,pm_manual_data_optimization_primary_sector,other,construction_cost_very_high,,,,,,,,,,,,,,,-1,,,,,,,,,,,,,,,,,,,,,,,,,,,,,,,,,,,,,,,,,,,,,,,,,,,,,,,,,,,,,,,,,,,,,-1,,,,,,,,
building_rare_earths_mine,pmg_data_optimization_primary_sector,pm_digital_data_optimization_primary_sector,other,construction_cost_very_high,,,,,,,,,,,,,,,,,,,,,,,,,,,,,,,,,,,,,,,,,,,,,,,,,,,,,,,,,,,,,,,,,,,,,,,,,,,,,,,,,,,1,-3,,,,,,,,
building_rare_earths_mine,pmg_data_optimization_primary_sector,pm_digital_data_on_premises_primary_sector,other,construction_cost_very_high,,,,,,,,,,,,,,,,,,,,,,,,,,,,,,,,,,,,,,,,,,,,,,,,,,,,,,,,,,,,,,,,,,,,,,,,,,,,,,,,,,6,,-3,,-1,,,,,,
building_rare_earths_mine,pmg_data_optimization_primary_sector,pm_internet_data_reporting_primary_sector,other,construction_cost_very_high,,,,,,,,,,,,,,,,,,,,,,,,,,,,,,,,,,,,,,,,,,,,,,,,,,,,,,,,,,,,,,,,,,,,,,,,,,,,,,,,,,8,,-4,-1,-3,,,,,,
building_renewable_energy_power_plant,pmg_base_building_renewable_energy_power_plant,pm_rudimental_photovoltaic_cells,base,construction_cost_monument,,,,,,,,,,,,,,,,,,50,,,,,,,,,,,,,,,,,,,,,,,,,,,,,,,,,,,,,,,,,,,,,,,-10,,,,,-6,,,,,,,,,,,,,,,,,,,,,,
building_renewable_energy_power_plant,pmg_base_building_renewable_energy_power_plant,pm_wind_turbines,base,construction_cost_monument,,,,,,,,,,,,,,,,,,95,,,,,,,,,,,,,-3,,,,,,,,,,,,,,,,,,,,,,,,,,,,-10,,,,-3,,,,,,,-15,,,,,,,,,,,,,,,,,,,,,,
building_renewable_energy_power_plant,pmg_base_building_renewable_energy_power_plant,pm_solar_panels,base,construction_cost_monument,,,,,,,,,,,,,,,,,,100,,,,,,,,,,,,,,,,,,,,,,,,,,,,,,,,,,,,,,,,,,,,,-5,,-10,,,,,-20,,,,,,,,,,,,,,,,,,,,,,
building_renewable_energy_power_plant,pmg_automation_building_renewable_energy_power_plant,pm_basic_electric_control_building_renewable_energy_power_plant,automation,construction_cost_monument,,,,,,,,,,,,,,,,,,,,,,,,,,,,,,,,,,,-2,,,,,,,,,,,,,,,,,,,,,,,,,,,,,,,,,,-1,,-2,,,,,,,,,,,,,,,,,,,,,
building_renewable_energy_power_plant,pmg_automation_building_renewable_energy_power_plant,pm_advanced_electric_control_building_renewable_energy_power_plant,automation,construction_cost_monument,,,,,,,,,,,,,,,,,,,,,,,,,,,,,,,,,,,,,,,,,,,,,,,,,,,,,,,,,,,,,,,,,,,,,-2,,,-2,,,,,,,,,,,,,,,,,,,,
building_renewable_energy_power_plant,pmg_automation_building_renewable_energy_power_plant,pm_smart_grid_energy_management,automation,construction_cost_monument,,,,,,,,,,,,,,,,,,,,,,,,,,,,,,,,,,,,,,,,,,,,,,,,,,,,,,,,,,,,,,,,,,,,,-2,,,-3,,,,,,,,,,,,,,,,,,,,
building_renewable_energy_power_plant,pmg_data_optimization_heavy_industry,pm_manual_data_reporting_heavy_industry,other,construction_cost_monument,,,,,,,,,,,,,,,,,,,,,,,,,,,,,,,,,,,,,,,,,,,,,,,,,,,,,,,,,,,,,,,,,,,,,,,,,,,,,,,,,,,1,,,,,,,,,
building_renewable_energy_power_plant,pmg_data_optimization_heavy_industry,pm_manual_data_optimization_heavy_industry,other,construction_cost_monument,,,,,,,,,,,,,,,-1,,,,,,,,,,,,,,,,,,,,,,,,,,,,,,,,,,,,,,,,,,,,,,,,,,,,,,,,,,,,,,,,,,,,1,-1,,,,,,,,
building_renewable_energy_power_plant,pmg_data_optimization_heavy_industry,pm_digital_data_optimization_heavy_industry,other,construction_cost_monument,,,,,,,,,,,,,,,,,,,,,,,,,,,,,,,,,,,,,,,,,,,,,,,,,,,,,,,,,,,,,,,,,,,,,,,,,,,,,,,,,,,3,-3,,,,,,,,
building_renewable_energy_power_plant,pmg_data_optimization_heavy_industry,pm_digital_data_on_premises_heavy_industry,other,construction_cost_monument,,,,,,,,,,,,,,,,,,,,,,,,,,,,,,,,,,,,,,,,,,,,,,,,,,,,,,,,,,,,,,,,,,,,,,,,,,,,,,,,,,10,,-3,,-1,,,,,,
building_renewable_energy_power_plant,pmg_data_optimization_heavy_industry,pm_internet_data_reporting_heavy_industry,other,construction_cost_monument,,,,,,,,,,,,,,,,,,,,,,,,,,,,,,,,,,,,,,,,,,,,,,,,,,,,,,,,,,,,,,,,,,,,,,,,,,,,,,,,,,16,,-4,-2,-3,,,,,,
building_renewable_energy_power_plant,pmg_data_optimization_heavy_industry,pm_internet_data_optimization_heavy_industry,other,construction_cost_monument,,,,,,,,,,,,,,,,,,,,,,,,,,,,,,,,,,,,,,,,,,,,,,,,,,,,,,,,,,,,,,,,,,,,,,,,,,,-1,,,,,,,16,,-6,-5,-4,,,,,,
building_research_center,pmg_base_building_research_center,pm_research_center_basic,other,construction_cost_monument,,,,,,,,,,,,,,,-50,,,,,,,,,,,,,,,,,,,,,,,,,,,,,,,,,,,,,,,,-25,,,,,,,,,,,,,,,,-25,,,,,,,,,,,,-100,,,,,,,,,
building_research_center,pmg_base_building_research_center,pm_research_center_medium,other,construction_cost_monument,,,,,,,,,,,,,,,-50,,,,,,,,,,,,,,,,,,,,,,,,,,,,,,,,,,,,,,,,-25,,,,,,,,,,,,,,,,-50,,,,,-20,,,,,,,-300,,,,,,,,,
building_research_center,pmg_base_building_research_center,pm_research_center_advanced,other,construction_cost_monument,,,,,,,,,,,,,,,-20,,,,,,,,,,,,,,,,,,,,,,,,,,,,,,,,,,,,,,,,-10,,,,,,,,,,,,,,,,,-40,,,-40,-30,,,,,,-800,,,,,,,,,,
building_research_center,pmg_specialization_research_center,pm_research_center_tech_spread,refining,construction_cost_monument,,,,,,,,,,,,,,,,,,,,,,,,,,,,,,,,,,,,,,,,,,,,,,,,,,,,,,,,,,,,,,,,,,,,,,,,,,,,,,,,,,,,,,,,,,,,
building_research_center,pmg_specialization_research_center,pm_research_military_modernization,refining,construction_cost_monument,,,,,,,,,,,,,,,,,,,,,,,,,,,,,,,,,,,,,,,,,,,,,,,,,,,,,,,,,,,,,,,,,,,,,,,,,,,,,,,,,,,,,,,,,,,,
building_research_center,pmg_specialization_research_center,pm_research_center_education,refining,construction_cost_monument,,,,,,,,,,,,,,,,,,,,,,,,,,,,,,,,,,,,,,,,,,,,,,,,,,,,,,,,,,,,,,,,,,,,,,,,,,,,,,,,,,,,,,,,,,,,
building_research_center,pmg_specialization_research_center,pm_research_center_future_studies,refining,construction_cost_monument,,,,,,,,,,,,,,,,,,,,,,,,,,,,,,,,,,,,,,,,,,,,,,,,,,,,,,,,,,,,,,,,,,,,,,,,,,,,,,,,,,,,,,,,,,,,
building_rice_farm,pmg_base_building_rice_farm,pm_simple_farming_building_rice_farm,base,construction_cost_low,,,,,,,,35,,,,,,,,,,,,,,,,,,,,,,,,,,,,,,,,,,,,,,,,,,,,,,,,,,,,,,,,,,,,,,,,,,,,,,,,,,,,,,,,,,,,
building_rice_farm,pmg_base_building_rice_farm,pm_soil_enriching_farming_building_rice_farm,base,construction_cost_low,,,,,,,,50,,,,,,,,,,,,,,,,,,,,,,,,,,-10,,,,,,,,,,,,,,,,,,,,,,,,,,,,,,,,,,,,,,,,,,,,,,,,,,,,,,,,,,
building_rice_farm,pmg_base_building_rice_farm,pm_fertilization_building_rice_farm,base,construction_cost_low,,,,,,,,75,,,,,,,,,,,,,,,,,,,,,,,,,,-20,,,,,,,,,,,,,,,,,,,,,,,,,,,,,,,,,,,,,,,,,,,,,,,,,,,,,,,,,,
building_rice_farm,pmg_base_building_rice_farm,pm_chemical_fertilizer_building_rice_farm,base,construction_cost_low,,,,,,,,100,,,,,,,,,,,,,,,,,,,,,,,,,,-30,,,,,,,,,,,,,,,,,,,,,,,,,,,,,,,,,,,,,,,,,,,,,,,,,,,,,,,,,,
building_rice_farm,pmg_base_building_rice_farm,pm_synthetic_pesticides_building_rice_farm,base,construction_cost_low,,,,,,,,170,,,,,,,,,,,,,,,,,,,,,,-5,,,,-25,,,,,,,,,,,,,,,,,,,,,,,,,,,,,,,,,,,,,,,,,,,,,,,,,,,,,,,,,,
building_rice_farm,pmg_base_building_rice_farm,pm_ogm_building_rice_farm,base,construction_cost_low,,,,,,,,210,,,,,,,,,,,,,,,,,,,,,,-5,,,,-40,,,,,,,,,,,,,,,,,,,,,,,,,,,,,,,,,,,,,,,,,,,,-5,,,,,,,,,,,,,,
building_rice_farm,pmg_secondary_building_rice_farm,pm_no_secondary,refining,construction_cost_low,,,,,,,,,,,,,,,,,,,,,,,,,,,,,,,,,,,,,,,,,,,,,,,,,,,,,,,,,,,,,,,,,,,,,,,,,,,,,,,,,,,,,,,,,,,,
building_rice_farm,pmg_secondary_building_rice_farm,pm_fig_orchards_building_rice_farm,refining,construction_cost_low,,,,,,,,-20,,,,,,,,,,,,,,,,,,,,,,,,,,,,,,,15,,,,,2,,,,,,,,,,,,,,,,,,,,,,,,,,,,,,,,,,,,,,,,,,,,,,,,
building_rice_farm,pmg_harvesting_process_building_rice_farm,pm_tools_disabled,automation,construction_cost_low,,,,,,,,,,,,,,,,,,,,,,,,,,,,,,,,,,,,,,,,,,,,,,,,,,,,,,,,,,,,,,,,,,,,,,,,,,,,,,,,,,,,,,,,,,,,
building_rice_farm,pmg_harvesting_process_building_rice_farm,pm_tools_building_rice_farm,automation,construction_cost_low,,,,,,,,,,,,,,,,,,,,,,,,,,,,,,,,,,,-4,,,,,,,,,,,,,,,,,,,,,,,,,,,,,,,,,,,,,,,,,,,,,,,,,,,,,,,,,
building_rice_farm,pmg_harvesting_process_building_rice_farm,pm_steam_threshers_building_rice_farm,automation,construction_cost_low,,,,,,,,,,,,,,,,,,,,,,,,,-2,,,,,,,,,,-4,,,,,,,,,,,,,,,,,,,,,,,,,,,,,,,,,,,,,,,,,,,,,,,,,,,,,,,,,
building_rice_farm,pmg_harvesting_process_building_rice_farm,pm_hydraulic_transmission_tractors_building_rice_farm,automation,construction_cost_low,,,,,,,,,,,,,,,,,,,,,,,,,,,,,,,-2,,,,,,,,,,,,,,,,,,,,,,,,,,,,,,,,,,,-1,,,,,,,,,,,-1,,,,,,,,,,,,,,,
building_rice_farm,pmg_harvesting_process_building_rice_farm,pm_autonomous_agricultural_vehicles_building_rice_farm,automation,construction_cost_low,,,,,,,,,,,,,,,,,,,,,,,,,,,,,,,-2,,,,,,,,,,,,,,,,,,,,,,,,,,,,,,,,,,,-1,,,,,,,,,,,-1,,,,,,,,-5,,,,,,,
building_rice_farm,pmg_data_optimization_primary_sector,pm_manual_data_reporting_primary_sector,other,construction_cost_low,,,,,,,,,,,,,,,,,,,,,,,,,,,,,,,,,,,,,,,,,,,,,,,,,,,,,,,,,,,,,,,,,,,,,,,,,,,,,,,,,,,,,,,,,,,,
building_rice_farm,pmg_data_optimization_primary_sector,pm_manual_data_optimization_primary_sector,other,construction_cost_low,,,,,,,,,,,,,,,-1,,,,,,,,,,,,,,,,,,,,,,,,,,,,,,,,,,,,,,,,,,,,,,,,,,,,,,,,,,,,,,,,,,,,,-1,,,,,,,,
building_rice_farm,pmg_data_optimization_primary_sector,pm_digital_data_optimization_primary_sector,other,construction_cost_low,,,,,,,,,,,,,,,,,,,,,,,,,,,,,,,,,,,,,,,,,,,,,,,,,,,,,,,,,,,,,,,,,,,,,,,,,,,,,,,,,,,1,-3,,,,,,,,
building_rice_farm,pmg_data_optimization_primary_sector,pm_digital_data_on_premises_primary_sector,other,construction_cost_low,,,,,,,,,,,,,,,,,,,,,,,,,,,,,,,,,,,,,,,,,,,,,,,,,,,,,,,,,,,,,,,,,,,,,,,,,,,,,,,,,,6,,-3,,-1,,,,,,
building_rice_farm,pmg_data_optimization_primary_sector,pm_internet_data_reporting_primary_sector,other,construction_cost_low,,,,,,,,,,,,,,,,,,,,,,,,,,,,,,,,,,,,,,,,,,,,,,,,,,,,,,,,,,,,,,,,,,,,,,,,,,,,,,,,,,8,,-4,-1,-3,,,,,,
building_robotics_industry,pmg_base_building_robotics,pm_mechanical_arm,base,construction_cost_modern,,,,,,,,,,,,,,,,,,,,,,,,,,,,,-5,,-10,,,,-35,,,,,,,,,,,,,,,,,,,,,,,,,,,,,,,,,,,,-10,,,,,60,,,,,,,,,,,,,,,,
building_robotics_industry,pmg_base_building_robotics,pm_cnc_machines,base,construction_cost_modern,,,,,,,,,,,,,,,,,,,,,,,,,,,,,-5,,-10,,,,-45,,,,,,,,,,,,,,,,,,,,,,,,,,,,,,,,,,,,-10,,,,-8,90,,,,,,,,,,-5,,,,,,
building_robotics_industry,pmg_base_building_robotics,pm_cobots,base,construction_cost_modern,,,,,,,,,,,,,,,,,,,,,,,,,,,,,-10,,-10,,,,-55,,,,,,,,,,,,,,,,,,,,,,,,,,,,,,,,,,,,,-10,,,-10,120,,,,,,,,,-5,-10,,,,,,
building_robotics_industry,pmg_automation_building_robotics_industry,pm_advanced_assembly_lines_building_robotics_industry,automation,construction_cost_modern,,,,,,,,,,,,,,,,,,-5,,,,,,,,,,,,,,,,,-5,,,,,,,,,,,,,,,,,,,,,,,,,,,,,,,,-2,,,,,,,,,,,,,,,,,,,,,,,,,
building_robotics_industry,pmg_automation_building_robotics_industry,pm_robotic_building_robotics_industry,automation,construction_cost_modern,,,,,,,,,,,,,,,,,,-5,,,,,,,,,,,,,,,,,,,,,,,,,,,,,,,,,,,,,,,,,,,,,,,,,-2,,,,,-2,,,,,,,,,,,,,,,,,,,,
building_robotics_industry,pmg_automation_building_robotics_industry,pm_iot_building_robotics_industry,automation,construction_cost_modern,,,,,,,,,,,,,,,,,,-5,,,,,,,,,,,,,,,,,,,,,,,,,,,,,,,,,,,,,,,,,,,,,,,,,-1,,,,,-2,,,,,,,,,,,,,-5,,,,,,,
building_robotics_industry,pmg_transport_automation_building_robotics_industry,pm_rail_transport_building_robotics_industry,automation,construction_cost_modern,,,,,,,,,,,,,,,,,-4,,,,,,,,,,,,,,,,,,,,,,,,,,,,,,,,,,,,,,,,,,,,,,,,,,,,,,,,,,,,,,,,,,,,,,,,,,,
building_robotics_industry,pmg_transport_automation_building_robotics_industry,pm_multiway_transport_building_robotics_industry,automation,construction_cost_modern,,,,,,,,,,,,,,,,,-2,,,,,,,,,,,,,,,,,,,,,,,,,,,,,,-2,,,,,,,,,,,,,,,,,,,,,,,,,,,,,,,,,,,,,,,,,,,,,
building_robotics_industry,pmg_data_optimization_heavy_industry,pm_manual_data_reporting_heavy_industry,other,construction_cost_modern,,,,,,,,,,,,,,,,,,,,,,,,,,,,,,,,,,,,,,,,,,,,,,,,,,,,,,,,,,,,,,,,,,,,,,,,,,,,,,,,,,,1,,,,,,,,,
building_robotics_industry,pmg_data_optimization_heavy_industry,pm_manual_data_optimization_heavy_industry,other,construction_cost_modern,,,,,,,,,,,,,,,-1,,,,,,,,,,,,,,,,,,,,,,,,,,,,,,,,,,,,,,,,,,,,,,,,,,,,,,,,,,,,,,,,,,,,1,-1,,,,,,,,
building_robotics_industry,pmg_data_optimization_heavy_industry,pm_digital_data_optimization_heavy_industry,other,construction_cost_modern,,,,,,,,,,,,,,,,,,,,,,,,,,,,,,,,,,,,,,,,,,,,,,,,,,,,,,,,,,,,,,,,,,,,,,,,,,,,,,,,,,,3,-3,,,,,,,,
building_robotics_industry,pmg_data_optimization_heavy_industry,pm_digital_data_on_premises_heavy_industry,other,construction_cost_modern,,,,,,,,,,,,,,,,,,,,,,,,,,,,,,,,,,,,,,,,,,,,,,,,,,,,,,,,,,,,,,,,,,,,,,,,,,,,,,,,,,10,,-3,,-1,,,,,,
building_robotics_industry,pmg_data_optimization_heavy_industry,pm_internet_data_reporting_heavy_industry,other,construction_cost_modern,,,,,,,,,,,,,,,,,,,,,,,,,,,,,,,,,,,,,,,,,,,,,,,,,,,,,,,,,,,,,,,,,,,,,,,,,,,,,,,,,,16,,-4,-2,-3,,,,,,
building_robotics_industry,pmg_data_optimization_heavy_industry,pm_internet_data_optimization_heavy_industry,other,construction_cost_modern,,,,,,,,,,,,,,,,,,,,,,,,,,,,,,,,,,,,,,,,,,,,,,,,,,,,,,,,,,,,,,,,,,,,,,,,,,,-1,,,,,,,16,,-6,-5,-4,,,,,,
building_rubber_plantation,pmg_base_building_rubber_plantation,default_building_rubber_plantation,base,construction_cost_low,,,,,,,,,,,,,,,,,,,,,,,,,,,,,20,,,,,,,,,,,,,,,,,,,,,,,,,,,,,,,,,,,,,,,,,,,,,,,,,,,,,,,,,,,,,,,
building_rubber_plantation,pmg_base_building_rubber_plantation,automatic_irrigation_building_rubber_plantation,base,construction_cost_low,,,,,,,,,,,,,,,,,,,,,,,,,,,,,40,,-5,,,,,,,,,,,,,,,,,,,,,,,,,,,,,,,,,,,,,,,,,,,,,,,,,,,,,,,,,,,,,
building_rubber_plantation,pmg_rubber_exploitation,default_labour,base,construction_cost_low,,,,,,,,,,,,,,,,,,,,,,,,,,,,,,,,,,,,,,,,,,,,,,,,,,,,,,,,,,,,,,,,,,,,,,,,,,,,,,,,,,,,,,,,,,,,
building_rubber_plantation,pmg_rubber_exploitation,slave_exploitation_rubber,base,construction_cost_low,,,,,,,,,,,,,,,,,,,,,,,,,,,,,25,,,,,,,,,,,,,,,,,,,,,,,,,,,,,,,,,,,,,,,,,,,,,,,,,,,,,,,,,,,,,,,
building_rubber_plantation,pmg_rubber_exploitation,worker_exploitation_rubber,base,construction_cost_low,,,,,,,,,,,,,,,,,,,,,,,,,,,,,10,,,,,,,,,,,,,,,,,,,,,,,,,,,,,,,,,,,,,,,,,,,,,,,,,,,,,,,,,,,,,,,
building_rubber_plantation,pmg_train_automation_building_rubber_plantation,pm_road_carts,automation,construction_cost_low,,,,,,,,,,,,,,,,,,,,,,,,,,,,,,,,,,,,,,,,,,,,,,,,,,,,,,,,,,,,,,,,,,,,,,,,,,,,,,,,,,,,,,,,,,,,
building_rubber_plantation,pmg_train_automation_building_rubber_plantation,pm_steam_rail_transport,automation,construction_cost_low,,,,,,,,,,,,,,,,,-5,,,,,,,,,,,,,,,,,,,,,,,,,,,,,,,,,,,,,,,,,,,,,,,,,,,,,,,,,,,,,,,,,,,,,,,,,,,
building_rubber_plantation,pmg_train_automation_building_rubber_plantation,pm_multiway_transport_plantation_rubber,automation,construction_cost_low,,,,,,,,,,,,,,,,,-2,,,,,,,,,,,,,,,,,,,,,,,,,,,,,,-2,,,,,,,,,,,,,,,,,,,,,,,,,,,,,,,,,,,,,,,,,,,,,
building_rubber_plantation,pmg_data_optimization_primary_sector,pm_manual_data_reporting_primary_sector,other,construction_cost_low,,,,,,,,,,,,,,,,,,,,,,,,,,,,,,,,,,,,,,,,,,,,,,,,,,,,,,,,,,,,,,,,,,,,,,,,,,,,,,,,,,,,,,,,,,,,
building_rubber_plantation,pmg_data_optimization_primary_sector,pm_manual_data_optimization_primary_sector,other,construction_cost_low,,,,,,,,,,,,,,,-1,,,,,,,,,,,,,,,,,,,,,,,,,,,,,,,,,,,,,,,,,,,,,,,,,,,,,,,,,,,,,,,,,,,,,-1,,,,,,,,
building_rubber_plantation,pmg_data_optimization_primary_sector,pm_digital_data_optimization_primary_sector,other,construction_cost_low,,,,,,,,,,,,,,,,,,,,,,,,,,,,,,,,,,,,,,,,,,,,,,,,,,,,,,,,,,,,,,,,,,,,,,,,,,,,,,,,,,,1,-3,,,,,,,,
building_rubber_plantation,pmg_data_optimization_primary_sector,pm_digital_data_on_premises_primary_sector,other,construction_cost_low,,,,,,,,,,,,,,,,,,,,,,,,,,,,,,,,,,,,,,,,,,,,,,,,,,,,,,,,,,,,,,,,,,,,,,,,,,,,,,,,,,6,,-3,,-1,,,,,,
building_rubber_plantation,pmg_data_optimization_primary_sector,pm_internet_data_reporting_primary_sector,other,construction_cost_low,,,,,,,,,,,,,,,,,,,,,,,,,,,,,,,,,,,,,,,,,,,,,,,,,,,,,,,,,,,,,,,,,,,,,,,,,,,,,,,,,,8,,-4,-1,-3,,,,,,
building_rye_farm,pmg_base_building_rye_farm,pm_simple_farming,base,construction_cost_low,,,,,,,,20,,,,,,,,,,,,,,,,,,,,,,,,,,,,,,,,,,,,,,,,,,,,,,,,,,,,,,,,,,,,,,,,,,,,,,,,,,,,,,,,,,,,
building_rye_farm,pmg_base_building_rye_farm,pm_soil_enriching_farming,base,construction_cost_low,,,,,,,,30,,,,,,,,,,,,,,,,,,,,,,,,,,-5,,,,,,,,,,,,,,,,,,,,,,,,,,,,,,,,,,,,,,,,,,,,,,,,,,,,,,,,,,
building_rye_farm,pmg_base_building_rye_farm,pm_fertilization,base,construction_cost_low,,,,,,,,45,,,,,,,,,,,,,,,,,,,,,,,,,,-10,,,,,,,,,,,,,,,,,,,,,,,,,,,,,,,,,,,,,,,,,,,,,,,,,,,,,,,,,,
building_rye_farm,pmg_base_building_rye_farm,pm_chemical_fertilizer,base,construction_cost_low,,,,,,,,60,,,,,,,,,,,,,,,,,,,,,,,,,,-15,,,,,,,,,,,,,,,,,,,,,,,,,,,,,,,,,,,,,,,,,,,,,,,,,,,,,,,,,,
building_rye_farm,pmg_base_building_rye_farm,pm_synthetic_pesticides,base,construction_cost_low,,,,,,,,90,,,,,,,,,,,,,,,,,,,,,,-3,,,,-20,,,,,,,,,,,,,,,,,,,,,,,,,,,,,,,,,,,,,,,,,,,,-1,,,,,,,,,,,,,,
building_rye_farm,pmg_base_building_rye_farm,pm_ogm,base,construction_cost_low,,,,,,,,120,,,,,,,,,,,,,,,,,,,,,,-5,,,,-25,,,,,,,,,,,,,,,,,,,,,,,,,,,,,,,,,,,,,,,,,,,,-5,,,,,,,,,,,,,,
building_rye_farm,pmg_secondary_building_rye_farm,pm_no_secondary,refining,construction_cost_low,,,,,,,,,,,,,,,,,,,,,,,,,,,,,,,,,,,,,,,,,,,,,,,,,,,,,,,,,,,,,,,,,,,,,,,,,,,,,,,,,,,,,,,,,,,,
building_rye_farm,pmg_secondary_building_rye_farm,pm_potatoes,refining,construction_cost_low,,,,,,,,-10,,,,,,,,,,,,,,,,,,,,,,,,,,,,,,,,10,,,,,,,,,,,,,,,,,,,,,,,,,,,,,,,,,,,,,,,,,,,,,,,,,,,,
building_rye_farm,pmg_secondary_building_rye_farm,pm_apple_orchards,refining,construction_cost_low,,,,,,,,-8,,,,,,,,,,,,,,,,,,,,,,,,,,,,,,,7,,,,,1,,,,,,,,,,,,,,,,,,,,,,,,,,,,,,,,,,,,,,,,,,,,,,,,
building_rye_farm,pmg_secondary_building_rye_farm,pm_sugar_beets,refining,construction_cost_low,,,,,,,,-5,,,,,,,,,,,,,,,,,,,,,,,,,,,,,,,,,,,,4,,,,,,,,,,,,,,,,,,,,,,,,,,,,,,,,,,,,,,,,,,,,,,,,
building_rye_farm,pmg_secondary_building_rye_farm,pm_continuous_diffusion_sugar_beet_refining,refining,construction_cost_low,,,,,,,,-10,,,,,,,,,,-4,,,,,,,,,,,,,-1,,,,,,,,,,,,,20,,,,,,,,,,,,,,,,,,,,,,,,,,,,,,,,,-1,,,,,,,,,,,,,,,
building_rye_farm,pmg_harvesting_process_building_rye_farm,pm_tools_disabled,automation,construction_cost_low,,,,,,,,,,,,,,,,,,,,,,,,,,,,,,,,,,,,,,,,,,,,,,,,,,,,,,,,,,,,,,,,,,,,,,,,,,,,,,,,,,,,,,,,,,,,
building_rye_farm,pmg_harvesting_process_building_rye_farm,pm_tools,automation,construction_cost_low,,,,,,,,,,,,,,,,,,,,,,,,,,,,,,,,,,,-2,,,,,,,,,,,,,,,,,,,,,,,,,,,,,,,,,,,,,,,,,,,,,,,,,,,,,,,,,
building_rye_farm,pmg_harvesting_process_building_rye_farm,pm_steam_threshers,automation,construction_cost_low,,,,,,,,,,,,,,,,,,,,,,,,,-1,,,,,,,,,,-2,,,,,,,,,,,,,,,,,,,,,,,,,,,,,,,,,,,,,,,,,,,,,,,,,,,,,,,,,
building_rye_farm,pmg_harvesting_process_building_rye_farm,pm_tractors,automation,construction_cost_low,,,,,,,,,,,,,,,,,,,,,,,,,-2,,,,,,-1,,,,,,,,,,,,,,,,,,,,,,,,,,,,,,,,,,,,,,,,,,,,,,,,,,,,,,,,,,,,,
building_rye_farm,pmg_harvesting_process_building_rye_farm,pm_compression_ignition_tractors,automation,construction_cost_low,,,,,,,,,,,,,,,,,,,,,,,,,,,,,,,-1,,,,,,,,,,,,,,,,,,,,,,,,,,,,,,,,,,,-1,,,,,,,,,,,,,,,,,,,,,,,,,,
building_rye_farm,pmg_harvesting_process_building_rye_farm,pm_autonomous_agricultural_vehicles,automation,construction_cost_low,,,,,,,,,,,,,,,,,,,,,,,,,,,,,,,-1,,,,,,,,,,,,,,,,,,,,,,,,,,,,,,,,,,,-1,,,,,,,,,,,,,,,,,,,-3,,,,,,,
building_rye_farm,pmg_data_optimization_primary_sector,pm_manual_data_reporting_primary_sector,other,construction_cost_low,,,,,,,,,,,,,,,,,,,,,,,,,,,,,,,,,,,,,,,,,,,,,,,,,,,,,,,,,,,,,,,,,,,,,,,,,,,,,,,,,,,,,,,,,,,,
building_rye_farm,pmg_data_optimization_primary_sector,pm_manual_data_optimization_primary_sector,other,construction_cost_low,,,,,,,,,,,,,,,-1,,,,,,,,,,,,,,,,,,,,,,,,,,,,,,,,,,,,,,,,,,,,,,,,,,,,,,,,,,,,,,,,,,,,,-1,,,,,,,,
building_rye_farm,pmg_data_optimization_primary_sector,pm_digital_data_optimization_primary_sector,other,construction_cost_low,,,,,,,,,,,,,,,,,,,,,,,,,,,,,,,,,,,,,,,,,,,,,,,,,,,,,,,,,,,,,,,,,,,,,,,,,,,,,,,,,,,1,-3,,,,,,,,
building_rye_farm,pmg_data_optimization_primary_sector,pm_digital_data_on_premises_primary_sector,other,construction_cost_low,,,,,,,,,,,,,,,,,,,,,,,,,,,,,,,,,,,,,,,,,,,,,,,,,,,,,,,,,,,,,,,,,,,,,,,,,,,,,,,,,,6,,-3,,-1,,,,,,
building_rye_farm,pmg_data_optimization_primary_sector,pm_internet_data_reporting_primary_sector,other,construction_cost_low,,,,,,,,,,,,,,,,,,,,,,,,,,,,,,,,,,,,,,,,,,,,,,,,,,,,,,,,,,,,,,,,,,,,,,,,,,,,,,,,,,8,,-4,-1,-3,,,,,,
building_sagrada_familia_cathedral_1,pmg_base_building_sagrada_familia_cathedral_1,pm_default_building_sagrada_familia_cathedral_1,base,construction_cost_sagrada_familia,,,,,,,,,,,,,,,,,,,,,,,,,,,,,,,,,,,,,,,,,,,,,,,,,,,,,,,,,,,,,,,,,,,,,,,,,,,,,,,,,,,,,,,,,,,,
building_sagrada_familia_cathedral_1,pmg_base_building_sagrada_familia_cathedral_1,pm_monument_prestige_only,base,construction_cost_sagrada_familia,,,,,,,,,,,,,,,,,,,,,,,,,,,,,,,,,,,,,,,,,,,,,,,,,,,,,,,,,,,,,,,,,,,,,,,,,,,,,,,,,,,,,,,,,,,,
building_sagrada_familia_cathedral_1,pmg_base_building_sagrada_familia_cathedral_1,pm_monument_no_effects,base,construction_cost_sagrada_familia,,,,,,,,,,,,,,,,,,,,,,,,,,,,,,,,,,,,,,,,,,,,,,,,,,,,,,,,,,,,,,,,,,,,,,,,,,,,,,,,,,,,,,,,,,,,
building_sagrada_familia_cathedral_2,pmg_base_building_sagrada_familia_cathedral_2,pm_default_building_sagrada_familia_cathedral_2,base,construction_cost_sagrada_familia,,,,,,,,,,,,,,,,,,,,,,,,,,,,,,,,,,,,,,,,,,,,,,,,,,,,,,,,,,,,,,,,,,,,,,,,,,,,,,,,,,,,,,,,,,,,
building_sagrada_familia_cathedral_2,pmg_base_building_sagrada_familia_cathedral_2,pm_monument_prestige_only,base,construction_cost_sagrada_familia,,,,,,,,,,,,,,,,,,,,,,,,,,,,,,,,,,,,,,,,,,,,,,,,,,,,,,,,,,,,,,,,,,,,,,,,,,,,,,,,,,,,,,,,,,,,
building_sagrada_familia_cathedral_2,pmg_base_building_sagrada_familia_cathedral_2,pm_monument_no_effects,base,construction_cost_sagrada_familia,,,,,,,,,,,,,,,,,,,,,,,,,,,,,,,,,,,,,,,,,,,,,,,,,,,,,,,,,,,,,,,,,,,,,,,,,,,,,,,,,,,,,,,,,,,,
building_sagrada_familia_cathedral_3,pmg_base_building_sagrada_familia_cathedral_3,pm_default_building_sagrada_familia_cathedral_3,base,construction_cost_sagrada_familia,,,,,,,,,,,,,,,,,,,,,,,,,,,,,,,,,,,,,,,,,,,,,,,,,,,,,,,,,,,,,,,,,,,,,,,,,,,,,,,,,,,,,,,,,,,,
building_sagrada_familia_cathedral_3,pmg_base_building_sagrada_familia_cathedral_3,pm_monument_prestige_only,base,construction_cost_sagrada_familia,,,,,,,,,,,,,,,,,,,,,,,,,,,,,,,,,,,,,,,,,,,,,,,,,,,,,,,,,,,,,,,,,,,,,,,,,,,,,,,,,,,,,,,,,,,,
building_sagrada_familia_cathedral_3,pmg_base_building_sagrada_familia_cathedral_3,pm_monument_no_effects,base,construction_cost_sagrada_familia,,,,,,,,,,,,,,,,,,,,,,,,,,,,,,,,,,,,,,,,,,,,,,,,,,,,,,,,,,,,,,,,,,,,,,,,,,,,,,,,,,,,,,,,,,,,
building_saint_basils_cathedral,pmg_base_building_saint_basils_cathedral,pm_default_building_saint_basils_cathedral,base,construction_cost_monument,,,,,,,,,,,,,,,,,,,,,,,,,,,,,,,,,,,,,,,,,,,,,,,,,,,,,,,,,,,,,,,,,,,,,,,,,,,,,,,,,,,,,,,,,,,,
building_saint_basils_cathedral,pmg_base_building_saint_basils_cathedral,pm_monument_prestige_only,base,construction_cost_monument,,,,,,,,,,,,,,,,,,,,,,,,,,,,,,,,,,,,,,,,,,,,,,,,,,,,,,,,,,,,,,,,,,,,,,,,,,,,,,,,,,,,,,,,,,,,
building_saint_basils_cathedral,pmg_base_building_saint_basils_cathedral,pm_monument_no_effects,base,construction_cost_monument,,,,,,,,,,,,,,,,,,,,,,,,,,,,,,,,,,,,,,,,,,,,,,,,,,,,,,,,,,,,,,,,,,,,,,,,,,,,,,,,,,,,,,,,,,,,
building_shipyard,pmg_base_building_shipyard,pm_basic_shipbuilding,base,construction_cost_high,,,,,,,,,,-20,-40,,,,,,,,,35,,,,,,,,,,,,,,,,,,,,,,,,,,,,,,,,,,,,,,,,,,,,,,,,,,,,,,,,,,,,,,,,,,,,,,,,
building_shipyard,pmg_base_building_shipyard,pm_complex_shipbuilding,base,construction_cost_high,,,,,,,,,,-20,-20,,,,,,,,,75,,,,,,,,-20,,,-5,,,,,,,,,,,,,,,,,,,,,,,,,,,,,,-10,,,,,,,,,,,,,,,,,,,,,,,,,,,,,,,
building_shipyard,pmg_base_building_shipyard,pm_metal_shipbuilding,base,construction_cost_high,,,,,,,,,,,,,,,,,,,,,65,,,,-10,,,,,,-10,-20,,,,,,,,,,,,,,,,,,,,,,,,,,,-10,,,,,,,,,,,,,,,,,,,,,,,,,,,,,,,,,
building_shipyard,pmg_base_building_shipyard,pm_arc_welding_shipbuilding,base,construction_cost_high,,,,,,,,,,,,,,,,,,-30,,,85,,,,,,,,,,-10,-15,,,,,,,,,,,,,,,,,,,,,,,,,,,-10,,,,,,,,,,,,-5,,,,,,,,,,,,,,,,,,,,,
building_shipyard,pmg_base_building_shipyard,pm_modular_shipbuilding,base,construction_cost_high,,,,,,,,,,,,,,,,,,-20,,,105,,,,,,,,,,-10,-15,,,,,,,,,,,,,,,,,,,,,,,,,,,,,,,,-15,,,,,,,,-5,,,,-10,,,,,,,,,,,,,,,,
building_shipyard,pmg_data_optimization_heavy_industry,pm_manual_data_reporting_heavy_industry,other,construction_cost_high,,,,,,,,,,,,,,,,,,,,,,,,,,,,,,,,,,,,,,,,,,,,,,,,,,,,,,,,,,,,,,,,,,,,,,,,,,,,,,,,,,,1,,,,,,,,,
building_shipyard,pmg_data_optimization_heavy_industry,pm_manual_data_optimization_heavy_industry,other,construction_cost_high,,,,,,,,,,,,,,,-1,,,,,,,,,,,,,,,,,,,,,,,,,,,,,,,,,,,,,,,,,,,,,,,,,,,,,,,,,,,,,,,,,,,,1,-1,,,,,,,,
building_shipyard,pmg_data_optimization_heavy_industry,pm_digital_data_optimization_heavy_industry,other,construction_cost_high,,,,,,,,,,,,,,,,,,,,,,,,,,,,,,,,,,,,,,,,,,,,,,,,,,,,,,,,,,,,,,,,,,,,,,,,,,,,,,,,,,,3,-3,,,,,,,,
building_shipyard,pmg_data_optimization_heavy_industry,pm_digital_data_on_premises_heavy_industry,other,construction_cost_high,,,,,,,,,,,,,,,,,,,,,,,,,,,,,,,,,,,,,,,,,,,,,,,,,,,,,,,,,,,,,,,,,,,,,,,,,,,,,,,,,,10,,-3,,-1,,,,,,
building_shipyard,pmg_data_optimization_heavy_industry,pm_internet_data_reporting_heavy_industry,other,construction_cost_high,,,,,,,,,,,,,,,,,,,,,,,,,,,,,,,,,,,,,,,,,,,,,,,,,,,,,,,,,,,,,,,,,,,,,,,,,,,,,,,,,,16,,-4,-2,-3,,,,,,
building_shipyard,pmg_data_optimization_heavy_industry,pm_internet_data_optimization_heavy_industry,other,construction_cost_high,,,,,,,,,,,,,,,,,,,,,,,,,,,,,,,,,,,,,,,,,,,,,,,,,,,,,,,,,,,,,,,,,,,,,,,,,,,-1,,,,,,,16,,-6,-5,-4,,,,,,
building_silk_plantation,pmg_base_building_silk_plantation,default_building_silk_plantation,base,construction_cost_low,,,,,,,,,,,,,,,,,,,,,,15,,,,,,,,,,,,,,,,,,,,,,,,,,,,,,,,,,,,,,,,,,,,,,,,,,,,,,,,,,,,,,,,,,,,,,
building_silk_plantation,pmg_base_building_silk_plantation,automatic_irrigation_building_silk_plantation,base,construction_cost_low,,,,,,,,,,,,,,,,,,,,,,40,,,,,,,,,-5,,,,,,,,,,,,,,,,,,,,,,,,,,,,,,,,,,,,,,,,,,,,,,,,,,,,,,,,,,,,,
building_silk_plantation,pmg_base_building_silk_plantation,advanced_plantation_methods_building_silk_plantation,base,construction_cost_low,,,,,,,,,,,,,,,,,,,,,,90,,,,,,,,,-20,-5,,-5,,,,,,,,,,,,,,,,,,,,,,,,,,,,,,,,-2,,,,,,,,,,,,,,,,,,,,,,,,,,
building_silk_plantation,pmg_base_building_silk_plantation,drone_assisted_agriculture_building_silk_plantation,base,construction_cost_low,,,,,,,,,,,,,,,,,,-2,,,,105,,,,,,,,,-20,,,-10,,,,,,,,,,,,,,,,,,,,,,,,,,,,,,,,,,,,,,,,,,-3,,,,,,,,,-8,,,,,,,
building_silk_plantation,pmg_train_automation_building_silk_plantation,pm_road_carts,automation,construction_cost_low,,,,,,,,,,,,,,,,,,,,,,,,,,,,,,,,,,,,,,,,,,,,,,,,,,,,,,,,,,,,,,,,,,,,,,,,,,,,,,,,,,,,,,,,,,,,
building_silk_plantation,pmg_train_automation_building_silk_plantation,pm_steam_rail_transport,automation,construction_cost_low,,,,,,,,,,,,,,,,,-5,,,,,,,,,,,,,,,,,,,,,,,,,,,,,,,,,,,,,,,,,,,,,,,,,,,,,,,,,,,,,,,,,,,,,,,,,,,
building_silk_plantation,pmg_train_automation_building_silk_plantation,pm_multiway_transport_plantation,automation,construction_cost_low,,,,,,,,,,,,,,,,,-2,,,,,,,,,,,,,,,,,,,,,,,,,,,,,,-2,,,,,,,,,,,,,,,,,,,,,,,,,,,,,,,,,,,,,,,,,,,,,
building_silk_plantation,pmg_data_optimization_primary_sector,pm_manual_data_reporting_primary_sector,other,construction_cost_low,,,,,,,,,,,,,,,,,,,,,,,,,,,,,,,,,,,,,,,,,,,,,,,,,,,,,,,,,,,,,,,,,,,,,,,,,,,,,,,,,,,,,,,,,,,,
building_silk_plantation,pmg_data_optimization_primary_sector,pm_manual_data_optimization_primary_sector,other,construction_cost_low,,,,,,,,,,,,,,,-1,,,,,,,,,,,,,,,,,,,,,,,,,,,,,,,,,,,,,,,,,,,,,,,,,,,,,,,,,,,,,,,,,,,,,-1,,,,,,,,
building_silk_plantation,pmg_data_optimization_primary_sector,pm_digital_data_optimization_primary_sector,other,construction_cost_low,,,,,,,,,,,,,,,,,,,,,,,,,,,,,,,,,,,,,,,,,,,,,,,,,,,,,,,,,,,,,,,,,,,,,,,,,,,,,,,,,,,1,-3,,,,,,,,
building_silk_plantation,pmg_data_optimization_primary_sector,pm_digital_data_on_premises_primary_sector,other,construction_cost_low,,,,,,,,,,,,,,,,,,,,,,,,,,,,,,,,,,,,,,,,,,,,,,,,,,,,,,,,,,,,,,,,,,,,,,,,,,,,,,,,,,6,,-3,,-1,,,,,,
building_silk_plantation,pmg_data_optimization_primary_sector,pm_internet_data_reporting_primary_sector,other,construction_cost_low,,,,,,,,,,,,,,,,,,,,,,,,,,,,,,,,,,,,,,,,,,,,,,,,,,,,,,,,,,,,,,,,,,,,,,,,,,,,,,,,,,8,,-4,-1,-3,,,,,,
building_skyscraper,pmg_base_building_skyscraper,pm_skyscraper_bureaucratic_nexus,base,construction_cost_monument,,,,,,,,,,,,,,,-25,,,,,,,,,,,,,,,,,,,,,,,,,,,,,,,,,,,,,,,,,,,,,,,,,,,,,,,,,,,,,,,,,,,,,,,,,,,,,
building_skyscraper,pmg_base_building_skyscraper,pm_skyscraper_trade_nexus,base,construction_cost_monument,,,,,,,,,,,,,,,-25,,,,,,,,,,,,,,,,,,,,,,,,,,,,,,,,,,,,,,,,,,,,,,,,,,,,,,,,,,,,,,,,,,,,,,,,,,,,,
building_skyscraper,pmg_airship_mooring_post,pm_no_airships,refining,construction_cost_monument,,,,,,,,,,,,,,,,,,,,,,,,,,,,,,,,,,,,,,,,,,,,,,,,,,,,,,,,,,,,,,,,,,,,,,,,,,,,,,,,,,,,,,,,,,,,
building_skyscraper,pmg_airship_mooring_post,pm_airship_mooring_post,refining,construction_cost_monument,,,,,,,,,,,,,,,,,,,,,,,,,,,,,,,,,,,,,,,,,,,,,,,,,,,,,,,,,,,,,,,,,,,,,,,,,,,,,,,,,,,,,,,,,,,,
building_software_industry,pmg_software_building_software_industry,pm_coding_by_hand_building_software_industry,base,construction_cost_modern,,,,,,,,,,,,,,,-5,,,-3,,,,,,,,,,,,,,,,,,,,,,,,,,,,,,-3,,,,,,,,,,,,,,,,,,,,,,,,,,,-5,,,,,,,,,,-2,50,,,,,,
building_software_industry,pmg_software_building_software_industry,pm_integrated_development_environment_building_software_industry,base,construction_cost_modern,,,,,,,,,,,,,,,-2,,,-5,,,,,,,,,,,,,,,,,,,,,,,,,,,,,,-3,,,,,,,,,,,,,,,,,,,,,,,,,,,-10,,,,,,,,,,-5,75,,,,,,
building_software_industry,pmg_software_building_software_industry,pm_version_control_collaboration_building_software_industry,base,construction_cost_modern,,,,,,,,,,,,,,,,,,-5,,,,,,,,,,,,,,,,,,,,,,,,,,,,,,-3,,,,,,,,,,,,,,,,,,,,,,,,,,,-15,,,,,,,,,,-7,100,,,,,,
building_software_industry,pmg_software_building_software_industry,pm_cloud_based_devops_building_software_industry,base,construction_cost_modern,,,,,,,,,,,,,,,,,,-7,,,,,,,,,,,,,,,,,,,,,,,,,,,,,,-3,,,,,,,,,,,,,,,,,,,,,,,,,,,-20,,,,,,,,,,-10,125,,,,,,
building_software_industry,pmg_software_type_building_software_industry,pm_traditional_software_building_software_industry,refining,construction_cost_modern,,,,,,,,,,,,,,,,,,,,,,,,,,,,,,,,,,,,,,,,,,,,,,,,,,,,,,,,,,,,,,,,,,,,,,,,,,,,,,,,,,,,,,,,,,,,
building_software_industry,pmg_software_type_building_software_industry,pm_web_based_building_software_industry,refining,construction_cost_modern,,,,,,,,,,,,,,,,90,,,,,,,,,,,,,,,,,,,,,,,,,,,,,,,,,,,,,,,,,,,,,,,,,,,,,,,,,,,5,,,,,,,,,,-10,-40,,,,,,
building_software_industry,pmg_software_type_building_software_industry,pm_mobile_based_building_software_industry,refining,construction_cost_modern,,,,,,,,,,,,,,,,,,,,,,,,,,,,,,,,,,,,,,,,,,,,,,,,-10,,,,,,,,,,,,,,,,,,,,,,,,,,,10,,,,,,,,,,,-40,30,,,,,
building_software_industry,pmg_data_transportation_building_office,pm_typewriter_documentation_building_office,automation,construction_cost_modern,,,,,,,,,,,,,,,,,,,,,,,,,,,,,,,,,,,,,,,,,,,,,,,,,,,,,,,,,,,,,,,,,,,,,,,-1,,,,,,,,,,,,,,-1,,,,,,,
building_software_industry,pmg_data_transportation_building_office,pm_teleprinter_network_building_office,automation,construction_cost_modern,,,,,,,,,,,,,,,,,,,,,,,,,,,,,,,,,,,,,,,,,,,,,,,,,,,,,,,,,,,,,,,,,,,,,,,-1,,,,,,,,,,,,,,-2,,,,,,,
building_software_industry,pmg_data_transportation_building_office,pm_local_network_building_office,automation,construction_cost_modern,,,,,,,,,,,,,,,,,,,,,,,,,,,,,,,,,,,,,,,,,,,,,,,,,,,,,,,,,,,,,,,,,,,,,,,,,,,,,,,,,,,,,-3,,,,,,,
building_software_industry,pmg_data_transportation_building_office,pm_internet_building_office,automation,construction_cost_modern,,,,,,,,,,,,,,,,,,,,,,,,,,,,,,,,,,,,,,,,,,,,,,,,,,,,,,,,,,,,,,,,,,,,,,,,,,,,,,,,,,,,,-5,,,,,,,
building_software_industry,pmg_data_optimization_heavy_industry_software,pm_manual_data_reporting_heavy_industry,other,construction_cost_modern,,,,,,,,,,,,,,,,,,,,,,,,,,,,,,,,,,,,,,,,,,,,,,,,,,,,,,,,,,,,,,,,,,,,,,,,,,,,,,,,,,,1,,,,,,,,,
building_software_industry,pmg_data_optimization_heavy_industry_software,pm_manual_data_optimization_heavy_industry,other,construction_cost_modern,,,,,,,,,,,,,,,-1,,,,,,,,,,,,,,,,,,,,,,,,,,,,,,,,,,,,,,,,,,,,,,,,,,,,,,,,,,,,,,,,,,,,1,-1,,,,,,,,
building_software_industry,pmg_data_optimization_heavy_industry_software,pm_digital_data_optimization_heavy_industry_software,other,construction_cost_modern,,,,,,,,,,,,,,,,,,,,,,,,,,,,,,,,,,,,,,,,,,,,,,,,,,,,,,,,,,,,,,,,,,,,,,,,,,,,,,,,,,,3,-3,,,,,,,,
building_software_industry,pmg_data_optimization_heavy_industry_software,pm_digital_data_on_premises_heavy_industry_software,other,construction_cost_modern,,,,,,,,,,,,,,,,,,,,,,,,,,,,,,,,,,,,,,,,,,,,,,,,,,,,,,,,,,,,,,,,,,,,,,,,,,,,,,,,,,10,,-3,,-1,,,,,,
building_software_industry,pmg_data_optimization_heavy_industry_software,pm_internet_data_reporting_heavy_industry_software,other,construction_cost_modern,,,,,,,,,,,,,,,,,,,,,,,,,,,,,,,,,,,,,,,,,,,,,,,,,,,,,,,,,,,,,,,,,,,,,,,,,,,,,,,,,,16,,-4,-2,-3,,,,,,
building_software_industry,pmg_data_optimization_heavy_industry_software,pm_internet_data_optimization_heavy_industry_software,other,construction_cost_modern,,,,,,,,,,,,,,,,,,,,,,,,,,,,,,,,,,,,,,,,,,,,,,,,,,,,,,,,,,,,,,,,,,,,,,,,,,,-1,,,,,,,16,,-6,-5,-4,,,,,,
building_statue_of_liberty,pmg_base_building_statue_of_liberty,pm_default_building_statue_of_liberty,base,construction_cost_monument,,,,,,,,,,,,,,,,,,,,,,,,,,,,,,,,,,,,,,,,,,,,,,,,,,,,,,,,,,,,,,,,,,,,,,,,,,,,,,,,,,,,,,,,,,,,
building_statue_of_liberty,pmg_base_building_statue_of_liberty,pm_monument_prestige_only,base,construction_cost_monument,,,,,,,,,,,,,,,,,,,,,,,,,,,,,,,,,,,,,,,,,,,,,,,,,,,,,,,,,,,,,,,,,,,,,,,,,,,,,,,,,,,,,,,,,,,,
building_statue_of_liberty,pmg_base_building_statue_of_liberty,pm_monument_no_effects,base,construction_cost_monument,,,,,,,,,,,,,,,,,,,,,,,,,,,,,,,,,,,,,,,,,,,,,,,,,,,,,,,,,,,,,,,,,,,,,,,,,,,,,,,,,,,,,,,,,,,,
building_steel_mill,pmg_steelmaking_process,pm_blister_steel_process,base,construction_cost_very_high,,,,,,,,,,,,,,,,,,,,,,,,,-30,-40,,,,,,65,,,,,,,,,,,,,,,,,,,,,,,,,,,,,,,,,,,,,,,,,,,,,,,,,,,,,,,,,,,,
building_steel_mill,pmg_steelmaking_process,pm_bessemer_process,base,construction_cost_very_high,,,,,,,,,,,,,,,,,,,,,,,,,-30,-60,,,,,,90,,,,,,,,,,,,,,,,,,,,,,,,,,,,,,,,,,,,,,,,,,,,,,,,,,,,,,,,,,,,
building_steel_mill,pmg_steelmaking_process,pm_open_hearth_process,base,construction_cost_very_high,,,,,,,,,,,,,,,,,,,,,,,,,-30,-90,,,,,,120,,,,,,,,,,,,,,,,,,,,,,,,,,,,,,,,,,,,,,,,,,,,,,,,,,,,,,,,,,,,
building_steel_mill,pmg_steelmaking_process,pm_electric_arc_process,base,construction_cost_very_high,,,,,,,,,,,,,,,,,,-30,,,,,,,-20,-100,,,,,,150,,,,,,,,,,,,,,,,,,,,,,,,,,,,,,,,,,,,,-5,,,,,,,,,,,,,,,,,,,,,,,
building_steel_mill,pmg_steelmaking_process,pm_oxygen_steel_process,base,construction_cost_very_high,,,,,,,,,,,,,,,,,,-30,,,,,,,-20,-100,,,,,,170,,,,,,,,,,,,,,,,,,,,,,,,,,,,,,,,,,,,,,,-10,,,,,,,,,,,,,,,,,,,,,
building_steel_mill,pmg_automation_building_steel_mill,pm_automation_disabled,automation,construction_cost_very_high,,,,,,,,,,,,,,,,,,,,,,,,,,,,,,,,,,,,,,,,,,,,,,,,,,,,,,,,,,,,,,,,,,,,,,,,,,,,,,,,,,,,,,,,,,,,
building_steel_mill,pmg_automation_building_steel_mill,pm_watertube_boiler_building_steel_mill,automation,construction_cost_very_high,,,,,,,,,,,,,,,,,,,,,,,,,-5,,,,,,,,,,-5,,,,,,,,,,,,,,,,,,,,,,,,,,,,,,,,,,,,,,,,,,,,,,,,,,,,,,,,,
building_steel_mill,pmg_automation_building_steel_mill,pm_rotary_valve_engine_building_steel_mill,automation,construction_cost_very_high,,,,,,,,,,,,,,,,,,,,,,,,,-10,,,,,,,,,,-5,,,,,,,,,,,,,,,,,,,,,,,,,,,,,,,,,,,,,,,,,,,,,,,,,,,,,,,,,
building_steel_mill,pmg_automation_building_steel_mill,pm_advanced_assembly_lines_building_steel_mill,automation,construction_cost_very_high,,,,,,,,,,,,,,,,,,-5,,,,,,,,,,,,,,,,,-3,,,,,,,,,,,,,,,,,,,,,,,,,,,,,,,,-3,,,,,,,,,-2,,,,,,,,,,,,,,,,
building_steel_mill,pmg_automation_building_steel_mill,pm_robotic_building_steel_mill,automation,construction_cost_very_high,,,,,,,,,,,,,,,,,,-5,,,,,,,,,,,,,,,,,,,,,,,,,,,,,,,,,,,,,,,,,,,,,,,,,-2,,,,,-1,,,,-3,,,,,,,,,,,,,,,,
building_steel_mill,pmg_automation_building_steel_mill,pm_iot_building_steel_mill,automation,construction_cost_very_high,,,,,,,,,,,,,,,,,,-5,,,,,,,,,,,,,,,,,,,,,,,,,,,,,,,,,,,,,,,,,,,,,,,,,-1,,,,,-1,,,,-3,,,,,,,,,-5,,,,,,,
building_steel_mill,pmg_direct_reduced_iron_steelmaking,pm_disabled_direct_reduced_iron,refining,construction_cost_very_high,,,,,,,,,,,,,,,,,,,,,,,,,,,,,,,,,,,,,,,,,,,,,,,,,,,,,,,,,,,,,,,,,,,,,,,,,,,,,,,,,,,,,,,,,,,,
building_steel_mill,pmg_direct_reduced_iron_steelmaking,pm_direct_reduced_iron_hyl_process,refining,construction_cost_very_high,,,,,,,,,,,,,,,,,,10,,,,,,,5,,,,,,,,,,,,,,,,,,,,,,,,,,,,,,,,,,,,,,,,,,,,,,,,,,,,,,-10,,,,,,,,,,,,,
building_steel_mill,pmg_direct_reduced_iron_steelmaking,pm_direct_reduced_iron_midrex_process,refining,construction_cost_very_high,,,,,,,,,,,,,,,,,,15,,,,,,,10,,,,,,,,,,,,,,,,,,,,,,,,,,,,,,,,,,,,,,,,,,,,,,,,,,,,,,-15,,,,,,,,,,,,,
building_steel_mill,pmg_data_optimization_heavy_industry,pm_manual_data_reporting_heavy_industry,other,construction_cost_very_high,,,,,,,,,,,,,,,,,,,,,,,,,,,,,,,,,,,,,,,,,,,,,,,,,,,,,,,,,,,,,,,,,,,,,,,,,,,,,,,,,,,1,,,,,,,,,
building_steel_mill,pmg_data_optimization_heavy_industry,pm_manual_data_optimization_heavy_industry,other,construction_cost_very_high,,,,,,,,,,,,,,,-1,,,,,,,,,,,,,,,,,,,,,,,,,,,,,,,,,,,,,,,,,,,,,,,,,,,,,,,,,,,,,,,,,,,,1,-1,,,,,,,,
building_steel_mill,pmg_data_optimization_heavy_industry,pm_digital_data_optimization_heavy_industry,other,construction_cost_very_high,,,,,,,,,,,,,,,,,,,,,,,,,,,,,,,,,,,,,,,,,,,,,,,,,,,,,,,,,,,,,,,,,,,,,,,,,,,,,,,,,,,3,-3,,,,,,,,
building_steel_mill,pmg_data_optimization_heavy_industry,pm_digital_data_on_premises_heavy_industry,other,construction_cost_very_high,,,,,,,,,,,,,,,,,,,,,,,,,,,,,,,,,,,,,,,,,,,,,,,,,,,,,,,,,,,,,,,,,,,,,,,,,,,,,,,,,,10,,-3,,-1,,,,,,
building_steel_mill,pmg_data_optimization_heavy_industry,pm_internet_data_reporting_heavy_industry,other,construction_cost_very_high,,,,,,,,,,,,,,,,,,,,,,,,,,,,,,,,,,,,,,,,,,,,,,,,,,,,,,,,,,,,,,,,,,,,,,,,,,,,,,,,,,16,,-4,-2,-3,,,,,,
building_steel_mill,pmg_data_optimization_heavy_industry,pm_internet_data_optimization_heavy_industry,other,construction_cost_very_high,,,,,,,,,,,,,,,,,,,,,,,,,,,,,,,,,,,,,,,,,,,,,,,,,,,,,,,,,,,,,,,,,,,,,,,,,,,-1,,,,,,,16,,-6,-5,-4,,,,,,
building_subsistence_farm,pmg_base_building_subsistence_farm,default_building_subsistence_farm,base,,,,,,,,,1,,,,,,,,,,,,,,,,,,,,,,,,,,,,,,,,,,,,,,,,,,,,,,,,,,,,,,,,,,,,,,,,,,,,,,,,,,,,,,,,,,,,
building_subsistence_farm,pmg_home_workshops_building_subsistence_farm,pm_home_workshops_no_building_subsistence_farm,refining,,,,,,,,,,,,,,,,,,,,,,,,,,,,,,,,,,,,,,,,,,,,,,,,,,,,,,,,,,,,,,,,,,,,,,,,,,,,,,,,,,,,,,,,,,,,,
building_subsistence_farm,pmg_home_workshops_building_subsistence_farm,pm_home_workshops_building_subsistence_farm,refining,,,,,,,,,,,,,,,,,,,,,,,,,,,,,,,,,,,,,,,,,,,,,,,,,,,,,,,,,,,,,,,,,,,,,,,,,,,,,,,,,,,,,,,,,,,,,
building_subsistence_farm,pmg_serfdom_building_subsistence_farm,pm_serfdom_no,base,,,,,,,,,,,,,,,,,,,,,,,,,,,,,,,,,,,,,,,,,,,,,,,,,,,,,,,,,,,,,,,,,,,,,,,,,,,,,,,,,,,,,,,,,,,,,
building_subsistence_farm,pmg_serfdom_building_subsistence_farm,pm_serfdom,base,,,,,,,,,,,,,,,,,,,,,,,,,,,,,,,,,,,,,,,,,,,,,,,,,,,,,,,,,,,,,,,,,,,,,,,,,,,,,,,,,,,,,,,,,,,,,
building_subsistence_farm,pmg_serfdom_building_subsistence_farm,pm_corvee_labor,base,,,,,,,,,,,,,,,,,,,,,,,,,,,,,,,,,,,,,,,,,,,,,,,,,,,,,,,,,,,,,,,,,,,,,,,,,,,,,,,,,,,,,,,,,,,,,
building_subsistence_farm,pmg_serfdom_building_subsistence_farm,pm_homesteading_building_subsistence,base,,,,,,,,,,,,,,,,,,,,,,,,,,,,,,,,,,,,,,,,,,,,,,,,,,,,,,,,,,,,,,,,,,,,,,,,,,,,,,,,,,,,,,,,,,,,,
building_subsistence_fishing_village,pmg_base_building_subsistence_fishing_village,default_building_subsistence_fishing_village,base,,,,,,,,,,1,,,,,,,,,,,,,,,,,,,,,,,,,,,,,,,,,,,,,,,,,,,,,,,,,,,,,,,,,,,,,,,,,,,,,,,,,,,,,,,,,,,
building_subsistence_fishing_village,pmg_home_workshops_building_subsistence_fishing_village,pm_home_workshops_no_building_subsistence_fishing_village,refining,,,,,,,,,,,,,,,,,,,,,,,,,,,,,,,,,,,,,,,,,,,,,,,,,,,,,,,,,,,,,,,,,,,,,,,,,,,,,,,,,,,,,,,,,,,,,
building_subsistence_fishing_village,pmg_home_workshops_building_subsistence_fishing_village,pm_home_workshops_building_subsistence_fishing_village,refining,,,,,,,,,,,,,,,,,,,,,,,,,,,,,,,,,,,,,,,,,,,,,,,,,,,,,,,,,,,,,,,,,,,,,,,,,,,,,,,,,,,,,,,,,,,,,
building_subsistence_fishing_village,pmg_serfdom_building_subsistence_fishing_village,pm_serfdom_no,base,,,,,,,,,,,,,,,,,,,,,,,,,,,,,,,,,,,,,,,,,,,,,,,,,,,,,,,,,,,,,,,,,,,,,,,,,,,,,,,,,,,,,,,,,,,,,
building_subsistence_fishing_village,pmg_serfdom_building_subsistence_fishing_village,pm_corvee_labor,base,,,,,,,,,,,,,,,,,,,,,,,,,,,,,,,,,,,,,,,,,,,,,,,,,,,,,,,,,,,,,,,,,,,,,,,,,,,,,,,,,,,,,,,,,,,,,
building_subsistence_fishing_village,pmg_serfdom_building_subsistence_fishing_village,pm_serfdom_building_subsistence_fishing_village,base,,,,,,,,,,,,,,,,,,,,,,,,,,,,,,,,,,,,,,,,,,,,,,,,,,,,,,,,,,,,,,,,,,,,,,,,,,,,,,,,,,,,,,,,,,,,,
building_subsistence_fishing_village,pmg_serfdom_building_subsistence_fishing_village,pm_homesteading_building_subsistence,base,,,,,,,,,,,,,,,,,,,,,,,,,,,,,,,,,,,,,,,,,,,,,,,,,,,,,,,,,,,,,,,,,,,,,,,,,,,,,,,,,,,,,,,,,,,,,
building_subsistence_orchard,pmg_base_building_subsistence_orchard,default_building_subsistence_orchard,base,,,,,,,,,,,,,,,,,,,,,,,,,,,,,,,,,,,,,,,,,,,,,,,,,,,,,,,,,,,,,,,,,,,,,,,,,,,,,,,,,,,,,,,,,,,,,
building_subsistence_orchard,pmg_home_workshops_building_subsistence_orchard,pm_home_workshops_no_building_subsistence_orchard,refining,,,,,,,,,,,,,,,,,,,,,,,,,,,,,,,,,,,,,,,,,,,,,,,,,,,,,,,,,,,,,,,,,,,,,,,,,,,,,,,,,,,,,,,,,,,,,
building_subsistence_orchard,pmg_home_workshops_building_subsistence_orchard,pm_home_workshops_building_subsistence_orchard,refining,,,,,,,,,,,,,,,,,,,,,,,,,,,,,,,,,,,,,,,,,,,,,,,,,,,,,,,,,,,,,,,,,,,,,,,,,,,,,,,,,,,,,,,,,,,,,
building_subsistence_orchard,pmg_serfdom_building_subsistence_orchard,pm_serfdom_no,base,,,,,,,,,,,,,,,,,,,,,,,,,,,,,,,,,,,,,,,,,,,,,,,,,,,,,,,,,,,,,,,,,,,,,,,,,,,,,,,,,,,,,,,,,,,,,
building_subsistence_orchard,pmg_serfdom_building_subsistence_orchard,pm_corvee_labor,base,,,,,,,,,,,,,,,,,,,,,,,,,,,,,,,,,,,,,,,,,,,,,,,,,,,,,,,,,,,,,,,,,,,,,,,,,,,,,,,,,,,,,,,,,,,,,
building_subsistence_orchard,pmg_serfdom_building_subsistence_orchard,pm_serfdom_building_subsistence_orchard,base,,,,,,,,,,,,,,,,,,,,,,,,,,,,,,,,,,,,,,,,,,,,,,,,,,,,,,,,,,,,,,,,,,,,,,,,,,,,,,,,,,,,,,,,,,,,,
building_subsistence_orchard,pmg_serfdom_building_subsistence_orchard,pm_homesteading_building_subsistence,base,,,,,,,,,,,,,,,,,,,,,,,,,,,,,,,,,,,,,,,,,,,,,,,,,,,,,,,,,,,,,,,,,,,,,,,,,,,,,,,,,,,,,,,,,,,,,
building_subsistence_pasture,pmg_base_building_subsistence_pasture,default_building_subsistence_pasture,base,,,,,,,,,,,,,,,,,,,,,,,,,,,,,,,,,,,,,,,,,,,,,,,,,,,,,,,,,,,,,,,,,,,,,,,,,,,,,,,,,,,,,,,,,,,,,
building_subsistence_pasture,pmg_home_workshops_building_subsistence_pasture,pm_home_workshops_no_building_subsistence_pasture,refining,,,,,,,,,,,,,,,,,,,,,,,,,,,,,,,,,,,,,,,,,,,,,,,,,,,,,,,,,,,,,,,,,,,,,,,,,,,,,,,,,,,,,,,,,,,,,
building_subsistence_pasture,pmg_home_workshops_building_subsistence_pasture,pm_home_workshops_building_subsistence_pasture,refining,,,,,,,,,,,,,,,,,,,,,,,,,,,,,,,,,,,,,,,,,,,,,,,,,,,,,,,,,,,,,,,,,,,,,,,,,,,,,,,,,,,,,,,,,,,,,
building_subsistence_pasture,pmg_serfdom_building_subsistence_pasture,pm_serfdom_no,base,,,,,,,,,,,,,,,,,,,,,,,,,,,,,,,,,,,,,,,,,,,,,,,,,,,,,,,,,,,,,,,,,,,,,,,,,,,,,,,,,,,,,,,,,,,,,
building_subsistence_pasture,pmg_serfdom_building_subsistence_pasture,pm_corvee_labor,base,,,,,,,,,,,,,,,,,,,,,,,,,,,,,,,,,,,,,,,,,,,,,,,,,,,,,,,,,,,,,,,,,,,,,,,,,,,,,,,,,,,,,,,,,,,,,
building_subsistence_pasture,pmg_serfdom_building_subsistence_pasture,pm_serfdom_building_subsistence_pasture,base,,,,,,,,,,,,,,,,,,,,,,,,,,,,,,,,,,,,,,,,,,,,,,,,,,,,,,,,,,,,,,,,,,,,,,,,,,,,,,,,,,,,,,,,,,,,,
building_subsistence_pasture,pmg_serfdom_building_subsistence_pasture,pm_homesteading_building_subsistence,base,,,,,,,,,,,,,,,,,,,,,,,,,,,,,,,,,,,,,,,,,,,,,,,,,,,,,,,,,,,,,,,,,,,,,,,,,,,,,,,,,,,,,,,,,,,,,
building_subsistence_rice_farm,pmg_base_building_subsistence_rice_farm,default_building_subsistence_rice_farm,base,,,,,,,,,2,,,,,,,,1,,,,,,,,,,,,,,,,,,,,,,,,,,,,,,,,,,,,,,,,,,,,,,,,,,,,,,,,,,,,,,,,,,,,,,,,,,,,
building_subsistence_rice_farm,pmg_home_workshops_building_subsistence_rice_farm,pm_home_workshops_no_building_subsistence_rice_farm,refining,,,,,,,,,1,,,,,,,,,,,,,,,,,,,,,,,,,,,,,,,,,,,,,,,,,,,,,,,,,,,,,,,,,,,,,,,,,,,,,,,,,,,,,,,,,,,,
building_subsistence_rice_farm,pmg_home_workshops_building_subsistence_rice_farm,pm_home_workshops_building_subsistence_rice_farm,refining,,,,,,,,,,,,,,,,,,,,,,,,,,,,,,,,,,,,,,,,,,,,,,,,,,,,,,,,,,,,,,,,,,,,,,,,,,,,,,,,,,,,,,,,,,,,,
building_subsistence_rice_farm,pmg_serfdom_building_subsistence_rice_farm,pm_serfdom_no,base,,,,,,,,,,,,,,,,,,,,,,,,,,,,,,,,,,,,,,,,,,,,,,,,,,,,,,,,,,,,,,,,,,,,,,,,,,,,,,,,,,,,,,,,,,,,,
building_subsistence_rice_farm,pmg_serfdom_building_subsistence_rice_farm,pm_corvee_labor,base,,,,,,,,,,,,,,,,,,,,,,,,,,,,,,,,,,,,,,,,,,,,,,,,,,,,,,,,,,,,,,,,,,,,,,,,,,,,,,,,,,,,,,,,,,,,,
building_subsistence_rice_farm,pmg_serfdom_building_subsistence_rice_farm,pm_serfdom_building_subsistence_rice_farm,base,,,,,,,,,1,,,,,,,,,,,,,,,,,,,,,,,,,,,,,,,,,,,,,,,,,,,,,,,,,,,,,,,,,,,,,,,,,,,,,,,,,,,,,,,,,,,,
building_subsistence_rice_farm,pmg_serfdom_building_subsistence_rice_farm,pm_homesteading_building_subsistence,base,,,,,,,,,,,,,,,,,,,,,,,,,,,,,,,,,,,,,,,,,,,,,,,,,,,,,,,,,,,,,,,,,,,,,,,,,,,,,,,,,,,,,,,,,,,,,
building_suez_canal,pmg_canal,pm_canal,base,construction_cost_canal,,,,,,,,,,,,,,,,,,,,,,,,,-15,,,,,,,,,,-10,,,,,,,,,,,,,,,,,,,,,,,,,,,,,,,,,,,,,,,,,,,,,,,,,,,,,,,,,
building_sugar_plantation,pmg_base_building_sugar_plantation,default_building_sugar_plantation,base,construction_cost_low,,,,,,,,,,,,,,,,,,,,,,,,,,,,,,,,,,,,,,,,,,,,25,,,,,,,,,,,,,,,,,,,,,,,,,,,,,,,,,,,,,,,,,,,,,,,,
building_sugar_plantation,pmg_base_building_sugar_plantation,automatic_irrigation_building_sugar_plantation,base,construction_cost_low,,,,,,,,,,,,,,,,,,,,,,,,,,,,,,,-5,,,,,,,,,,,,,50,,,,,,,,,,,,,,,,,,,,,,,,,,,,,,,,,,,,,,,,,,,,,,,,
building_sugar_plantation,pmg_base_building_sugar_plantation,advanced_plantation_methods_building_sugar_plantation,base,construction_cost_low,,,,,,,,,,,,,,,,,,,,,,,,,,,,,,,-20,-5,,-5,,,,,,,,,,100,,,,,,,,,,,,,,,,,,,,,,-2,,,,,,,,,,,,,,,,,,,,,,,,,,
building_sugar_plantation,pmg_base_building_sugar_plantation,drone_assisted_agriculture_building_sugar_plantation,base,construction_cost_low,,,,,,,,,,,,,,,,,,-2,,,,,,,,,,,,,-20,,,-10,,,,,,,,,,120,,,,,,,,,,,,,,,,,,,,,,,,,,,,,,,,-3,,,,,,,,,-8,,,,,,,
building_sugar_plantation,pmg_refinement_building_sugar_plantation,ox_driven_rollers_sugar,base,construction_cost_low,,,,,,,,,,,,,,,,,,,,,,,,,,,,,,,,,,,,,,,,,,,,,,,,,,,,,,,,,,,,,,,,,,,,,,,,,,,,,,,,,,,,,,,,,,,,
building_sugar_plantation,pmg_refinement_building_sugar_plantation,vacuum_pan_sugar,base,construction_cost_low,,,,,,,,,,,,,,,,,,,,,,,,,-1,,,,,,,,,,,,,,,,,,,5,,,,,,,,,,,,,,,,,,,,,,,,,,,,,,,,,,,,,,,,,,,,,,,,
building_sugar_plantation,pmg_refinement_building_sugar_plantation,steam_powered_evaporation_sugar,base,construction_cost_low,,,,,,,,,,,,,,,,,,,,,,,,,-2,,,,,,-1,,,,,,,,,,,,,15,,,,,,,,,,,,,,,,,,,,,,,,,,,,,,,,,,,,,,,,,,,,,,,,
building_sugar_plantation,pmg_refinement_building_sugar_plantation,centrifugal_machine_sugar,base,construction_cost_low,,,,,,,,,,,,,,,,,,,,,,,,,-4,,,,,,-1,,,,,,,,,,,,,30,,,,,,,,,,,,,,,,,,,,,,,,,,,,,,,,,,,,,,,,,,,,,,,,
building_sugar_plantation,pmg_refinement_building_sugar_plantation,pm_continuous_diffusion_sugar_cane_refining,base,construction_cost_low,,,,,,,,,,,,,,,,,,-8,,,,,,,,,,,,,-2,,,,,,,,,,,,,75,,,,,,,,,,,,,,,,,,,,,,,,,,,,,,,,,-3,,,,,,,,,,,,,,,
building_sugar_plantation,pmg_exploitation_sugar,slave_exploitation_sugar,base,construction_cost_low,,,,,,,,,,,,,,,,,,,,,,,,,,,,,,,,,,,,,,,,,,,,40,,,,,,,,,,,,,,,,,,,,,,,,,,,,,,,,,,,,,,,,,,,,,,,,
building_sugar_plantation,pmg_exploitation_sugar,worker_exploitation_sugar,base,construction_cost_low,,,,,,,,,,,,,,,,,,,,,,,,,,,,,,,,,,,,,,,,,,,,20,,,,,,,,,,,,,,,,,,,,,,,,,,,,,,,,,,,,,,,,,,,,,,,,
building_sugar_plantation,pmg_exploitation_sugar,default_labour,base,construction_cost_low,,,,,,,,,,,,,,,,,,,,,,,,,,,,,,,,,,,,,,,,,,,,,,,,,,,,,,,,,,,,,,,,,,,,,,,,,,,,,,,,,,,,,,,,,,,,
building_sugar_plantation,pmg_train_automation_building_sugar_plantation,pm_road_carts,automation,construction_cost_low,,,,,,,,,,,,,,,,,,,,,,,,,,,,,,,,,,,,,,,,,,,,,,,,,,,,,,,,,,,,,,,,,,,,,,,,,,,,,,,,,,,,,,,,,,,,
building_sugar_plantation,pmg_train_automation_building_sugar_plantation,pm_steam_rail_transport,automation,construction_cost_low,,,,,,,,,,,,,,,,,-5,,,,,,,,,,,,,,,,,,,,,,,,,,,,,,,,,,,,,,,,,,,,,,,,,,,,,,,,,,,,,,,,,,,,,,,,,,,
building_sugar_plantation,pmg_train_automation_building_sugar_plantation,pm_multiway_transport_plantation,automation,construction_cost_low,,,,,,,,,,,,,,,,,-2,,,,,,,,,,,,,,,,,,,,,,,,,,,,,,-2,,,,,,,,,,,,,,,,,,,,,,,,,,,,,,,,,,,,,,,,,,,,,
building_sugar_plantation,pmg_data_optimization_primary_sector,pm_manual_data_reporting_primary_sector,other,construction_cost_low,,,,,,,,,,,,,,,,,,,,,,,,,,,,,,,,,,,,,,,,,,,,,,,,,,,,,,,,,,,,,,,,,,,,,,,,,,,,,,,,,,,,,,,,,,,,
building_sugar_plantation,pmg_data_optimization_primary_sector,pm_manual_data_optimization_primary_sector,other,construction_cost_low,,,,,,,,,,,,,,,-1,,,,,,,,,,,,,,,,,,,,,,,,,,,,,,,,,,,,,,,,,,,,,,,,,,,,,,,,,,,,,,,,,,,,,-1,,,,,,,,
building_sugar_plantation,pmg_data_optimization_primary_sector,pm_digital_data_optimization_primary_sector,other,construction_cost_low,,,,,,,,,,,,,,,,,,,,,,,,,,,,,,,,,,,,,,,,,,,,,,,,,,,,,,,,,,,,,,,,,,,,,,,,,,,,,,,,,,,1,-3,,,,,,,,
building_sugar_plantation,pmg_data_optimization_primary_sector,pm_digital_data_on_premises_primary_sector,other,construction_cost_low,,,,,,,,,,,,,,,,,,,,,,,,,,,,,,,,,,,,,,,,,,,,,,,,,,,,,,,,,,,,,,,,,,,,,,,,,,,,,,,,,,6,,-3,,-1,,,,,,
building_sugar_plantation,pmg_data_optimization_primary_sector,pm_internet_data_reporting_primary_sector,other,construction_cost_low,,,,,,,,,,,,,,,,,,,,,,,,,,,,,,,,,,,,,,,,,,,,,,,,,,,,,,,,,,,,,,,,,,,,,,,,,,,,,,,,,,8,,-4,-1,-3,,,,,,
building_sulfur_mine,pmg_mining_equipment_building_sulfur_mine,pm_picks_and_shovels_building_sulfur_mine,base,construction_cost_medium,,,,,,,,,,,,,,,,,,,,,,,,20,,,,,,,,,,,-5,,,,,,,,,,,,,,,,,,,,,,,,,,,,,,,,,,,,,,,,,,,,,,,,,,,,,,,,,
building_sulfur_mine,pmg_mining_equipment_building_sulfur_mine,pm_atmospheric_engine_pump_building_sulfur_mine,base,construction_cost_medium,,,,,,,,,,,,,,,,,,,,,,,,40,-10,,,,,,,,,,-10,,,,,,,,,,,,,,,,,,,,,,,,,,,,,,,,,,,,,,,,,,,,,,,,,,,,,,,,,
building_sulfur_mine,pmg_mining_equipment_building_sulfur_mine,pm_condensing_engine_pump_building_sulfur_mine,base,construction_cost_medium,,,,,,,,,,,,,,,,,,,,,,,,60,-15,,,,,,,,,,-15,,,,,,,,,,,,,,,,,,,,,,,,,,,,,,,,,,,,,,,,,,,,,,,,,,,,,,,,,
building_sulfur_mine,pmg_mining_equipment_building_sulfur_mine,pm_diesel_pump_building_sulfur_mine,base,construction_cost_medium,,,,,,,,,,,,,,,,,,,,,,,,75,,,,,,,,,,,-20,,,,,,,,,,,,,,,,,,,,,,,,,,,,,,,-3,,,,,,,,,,,,,,,,,,,,,,,,,,
building_sulfur_mine,pmg_mining_equipment_building_sulfur_mine,pm_electric_fueled_pump_building_sulfur_mine,base,construction_cost_medium,,,,,,,,,,,,,,,,,,-5,,,,,,85,,,,,,,,,,,-20,,,,,,,,,,,,,,,,,,,,,,,,,,,,,,,-5,,,,,-2,,,,,,,,,,,,,,,,,,,,,
building_sulfur_mine,pmg_mining_equipment_building_sulfur_mine,pm_heavy_machineries_building_sulfur_mine,base,construction_cost_medium,,,,,,,,,,,,,,,,,,-10,,,,,,100,,,,,,,-5,,,,,,,,,,,,,,,,,,,,,,,,,,,,,,,,,,,-5,,,,,-3,,,,,-7,,,,,,,,,,,,,,,,
building_sulfur_mine,pmg_mining_equipment_building_sulfur_mine,pm_autonomous_and_remote_ops_building_sulfur_mine,base,construction_cost_medium,,,,,,,,,,,,,,,,,,-10,,,,,,115,,,,,,,-5,,,,,,,,,,,,,,,,,,,,,,,,,,,,,,,,,,,-5,,,,,,-2,,,,-12,,,,,,,,,-10,,,,,,,
building_sulfur_mine,pmg_explosives_building_sulfur_mine,pm_no_explosives,base,construction_cost_medium,,,,,,,,,,,,,,,,,,,,,,,,,,,,,,,,,,,,,,,,,,,,,,,,,,,,,,,,,,,,,,,,,,,,,,,,,,,,,,,,,,,,,,,,,,,,
building_sulfur_mine,pmg_explosives_building_sulfur_mine,pm_nitroglycerin_building_sulfur_mine,base,construction_cost_medium,,,,,,,,,,,,,,,,,,,,,,,,10,,,,,,,,,,,,-5,,,,,,,,,,,,,,,,,,,,,,,,,,,,,,,,,,,,,,,,,,,,,,,,,,,,,,,,
building_sulfur_mine,pmg_explosives_building_sulfur_mine,pm_dynamite_building_sulfur_mine,base,construction_cost_medium,,,,,,,,,,,,,,,,,,,,,,,,20,,,,,,,,,,,,-10,,,,,,,,,,,,,,,,,,,,,,,,,,,,,,,,,,,,,,,,,,,,,,,,,,,,,,,,
building_sulfur_mine,pmg_explosives_building_sulfur_mine,pm_high_precision_blasting_building_sulfur_mine,base,construction_cost_medium,,,,,,,,,,,,,,,,,,,,,,,,40,,,,,,,,,,,,-15,,,,,,,,,,,,,,,,,,,,,,,,,,,,,,,,,-2,,,,,,,,,,,,,,,,-5,,,,,,,
building_sulfur_mine,pmg_steam_automation_building_sulfur_mine,pm_no_steam_automation,automation,construction_cost_medium,,,,,,,,,,,,,,,,,,,,,,,,,,,,,,,,,,,,,,,,,,,,,,,,,,,,,,,,,,,,,,,,,,,,,,,,,,,,,,,,,,,,,,,,,,,,
building_sulfur_mine,pmg_steam_automation_building_sulfur_mine,pm_steam_donkey_mine,automation,construction_cost_medium,,,,,,,,,,,,,,,,,,,,,,,,,-4,,,,,,-1,,,,,,,,,,,,,,,,,,,,,,,,,,,,,,,,,,,,,,,,,,,,,,,,,,,,,,,,,,,,,
building_sulfur_mine,pmg_steam_automation_building_sulfur_mine,pm_purification_mine,automation,construction_cost_medium,,,,,,,,,,,,,,,,,,,,,,,,,,,,,,,,,,,,,,,,,,,,,,,,,,,,,,,,,,,,,,,,,,,,,,,,,,,,,,,,,,,,,,,,,,,,
building_sulfur_mine,pmg_train_automation_building_sulfur_mine,pm_road_carts,automation,construction_cost_medium,,,,,,,,,,,,,,,,,,,,,,,,,,,,,,,,,,,,,,,,,,,,,,,,,,,,,,,,,,,,,,,,,,,,,,,,,,,,,,,,,,,,,,,,,,,,
building_sulfur_mine,pmg_train_automation_building_sulfur_mine,pm_rail_transport_mine,automation,construction_cost_medium,,,,,,,,,,,,,,,,,-4,,,,,,,,,,,,,,,,,,,,,,,,,,,,,,,,,,,,,,,,,,,,,,,,,,,,,,,,,,,,,,,,,,,,,,,,,,,
building_sulfur_mine,pmg_train_automation_building_sulfur_mine,pm_multiway_transport_mine,automation,construction_cost_medium,,,,,,,,,,,,,,,,,-2,,,,,,,,,,,,,,,,,,,,,,,,,,,,,,-2,,,,,,,,,,,,,,,,,,,,,,,,,,,,,,,,,,,,,,,,,,,,,
building_sulfur_mine,pmg_selective_mineral_extraction_sulfur_mine,pm_no_selective_mineral_extraction,base,construction_cost_medium,,,,,,,,,,,,,,,,,,,,,,,,,,,,,,,,,,,,,,,,,,,,,,,,,,,,,,,,,,,,,,,,,,,,,,,,,,,,,,,,,,,,,,,,,,,,
building_sulfur_mine,pmg_selective_mineral_extraction_sulfur_mine,selective_mineral_extraction_sulfur_mine,base,construction_cost_medium,,,,,,,,,,,,,,,,,,,,,,,,-15,,,8,,,,,,,,,,,,,,,,,,,,,,,,,,,,,,,,,,,,,,,,,,,,,,,,,,,,,,,,,,,,,,,,,
building_sulfur_mine,pmg_data_optimization_primary_sector,pm_manual_data_reporting_primary_sector,other,construction_cost_medium,,,,,,,,,,,,,,,,,,,,,,,,,,,,,,,,,,,,,,,,,,,,,,,,,,,,,,,,,,,,,,,,,,,,,,,,,,,,,,,,,,,,,,,,,,,,
building_sulfur_mine,pmg_data_optimization_primary_sector,pm_manual_data_optimization_primary_sector,other,construction_cost_medium,,,,,,,,,,,,,,,-1,,,,,,,,,,,,,,,,,,,,,,,,,,,,,,,,,,,,,,,,,,,,,,,,,,,,,,,,,,,,,,,,,,,,,-1,,,,,,,,
building_sulfur_mine,pmg_data_optimization_primary_sector,pm_digital_data_optimization_primary_sector,other,construction_cost_medium,,,,,,,,,,,,,,,,,,,,,,,,,,,,,,,,,,,,,,,,,,,,,,,,,,,,,,,,,,,,,,,,,,,,,,,,,,,,,,,,,,,1,-3,,,,,,,,
building_sulfur_mine,pmg_data_optimization_primary_sector,pm_digital_data_on_premises_primary_sector,other,construction_cost_medium,,,,,,,,,,,,,,,,,,,,,,,,,,,,,,,,,,,,,,,,,,,,,,,,,,,,,,,,,,,,,,,,,,,,,,,,,,,,,,,,,,6,,-3,,-1,,,,,,
building_sulfur_mine,pmg_data_optimization_primary_sector,pm_internet_data_reporting_primary_sector,other,construction_cost_medium,,,,,,,,,,,,,,,,,,,,,,,,,,,,,,,,,,,,,,,,,,,,,,,,,,,,,,,,,,,,,,,,,,,,,,,,,,,,,,,,,,8,,-4,-1,-3,,,,,,
building_taj_mahal,pmg_base_building_taj_mahal,pm_default_building_taj_mahal,base,construction_cost_monument,,,,,,,,,,,,,,,,,,,,,,,,,,,,,,,,,,,,,,,,,,,,,,,,,,,,,,,,,,,,,,,,,,,,,,,,,,,,,,,,,,,,,,,,,,,,
building_taj_mahal,pmg_base_building_taj_mahal,pm_monument_prestige_only,base,construction_cost_monument,,,,,,,,,,,,,,,,,,,,,,,,,,,,,,,,,,,,,,,,,,,,,,,,,,,,,,,,,,,,,,,,,,,,,,,,,,,,,,,,,,,,,,,,,,,,
building_taj_mahal,pmg_base_building_taj_mahal,pm_monument_no_effects,base,construction_cost_monument,,,,,,,,,,,,,,,,,,,,,,,,,,,,,,,,,,,,,,,,,,,,,,,,,,,,,,,,,,,,,,,,,,,,,,,,,,,,,,,,,,,,,,,,,,,,
building_tea_plantation,pmg_base_building_tea_plantation,default_building_tea_plantation,base,construction_cost_low,,,,,,,,,,,,,,,,,,,,,,,,,,,,,,,,,,,,,,,,,,20,,,,,,,,,,,,,,,,,,,,,,,,,,,,,,,,,,,,,,,,,,,,,,,,,,
building_tea_plantation,pmg_base_building_tea_plantation,automatic_irrigation_building_tea_plantation,base,construction_cost_low,,,,,,,,,,,,,,,,,,,,,,,,,,,,,,,-4,,,,,,,,,,,35,,,,,,,,,,,,,,,,,,,,,,,,,,,,,,,,,,,,,,,,,,,,,,,,,,
building_tea_plantation,pmg_base_building_tea_plantation,advanced_plantation_methods_building_tea_plantation,base,construction_cost_low,,,,,,,,,,,,,,,,,,,,,,,,,,,,,,,-20,-5,,-5,,,,,,,,75,,,,,,,,,,,,,,,,,,,,,,,,-2,,,,,,,,,,,,,,,,,,,,,,,,,,
building_tea_plantation,pmg_base_building_tea_plantation,drone_assisted_agriculture_building_tea_plantation,base,construction_cost_low,,,,,,,,,,,,,,,,,,-2,,,,,,,,,,,,,-20,,,-10,,,,,,,,90,,,,,,,,,,,,,,,,,,,,,,,,,,,,,,,,,,-3,,,,,,,,,-8,,,,,,,
building_tea_plantation,pmg_tea_exploitation,default_labour,base,construction_cost_low,,,,,,,,,,,,,,,,,,,,,,,,,,,,,,,,,,,,,,,,,,,,,,,,,,,,,,,,,,,,,,,,,,,,,,,,,,,,,,,,,,,,,,,,,,,,
building_tea_plantation,pmg_tea_exploitation,slave_exploitation_tea,base,construction_cost_low,,,,,,,,,,,,,,,,,,,,,,,,,,,,,,,,,,,,,,,,,,20,,,,,,,,,,,,,,,,,,,,,,,,,,,,,,,,,,,,,,,,,,,,,,,,,,
building_tea_plantation,pmg_tea_exploitation,worker_exploitation_tea,base,construction_cost_low,,,,,,,,,,,,,,,,,,,,,,,,,,,,,,,,,,,,,,,,,,15,,,,,,,,,,,,,,,,,,,,,,,,,,,,,,,,,,,,,,,,,,,,,,,,,,
building_tea_plantation,pmg_tea_exploitation,dense_farms_exploitation_tea,base,construction_cost_low,,,,,,,,,,,,,,,,,,,,,,,,,,,,,,,,,,,,,,,,,,,,,,,,,,,,,,,,,,,,,,,,,,,,,,,,,,,,,,,,,,,,,,,,,,,,
building_tea_plantation,pmg_train_automation_building_tea_plantation,pm_road_carts,automation,construction_cost_low,,,,,,,,,,,,,,,,,,,,,,,,,,,,,,,,,,,,,,,,,,,,,,,,,,,,,,,,,,,,,,,,,,,,,,,,,,,,,,,,,,,,,,,,,,,,
building_tea_plantation,pmg_train_automation_building_tea_plantation,pm_steam_rail_transport,automation,construction_cost_low,,,,,,,,,,,,,,,,,-5,,,,,,,,,,,,,,,,,,,,,,,,,,,,,,,,,,,,,,,,,,,,,,,,,,,,,,,,,,,,,,,,,,,,,,,,,,,
building_tea_plantation,pmg_train_automation_building_tea_plantation,pm_multiway_transport_plantation,automation,construction_cost_low,,,,,,,,,,,,,,,,,-2,,,,,,,,,,,,,,,,,,,,,,,,,,,,,,-2,,,,,,,,,,,,,,,,,,,,,,,,,,,,,,,,,,,,,,,,,,,,,
building_tea_plantation,pmg_data_optimization_primary_sector,pm_manual_data_reporting_primary_sector,other,construction_cost_low,,,,,,,,,,,,,,,,,,,,,,,,,,,,,,,,,,,,,,,,,,,,,,,,,,,,,,,,,,,,,,,,,,,,,,,,,,,,,,,,,,,,,,,,,,,,
building_tea_plantation,pmg_data_optimization_primary_sector,pm_manual_data_optimization_primary_sector,other,construction_cost_low,,,,,,,,,,,,,,,-1,,,,,,,,,,,,,,,,,,,,,,,,,,,,,,,,,,,,,,,,,,,,,,,,,,,,,,,,,,,,,,,,,,,,,-1,,,,,,,,
building_tea_plantation,pmg_data_optimization_primary_sector,pm_digital_data_optimization_primary_sector,other,construction_cost_low,,,,,,,,,,,,,,,,,,,,,,,,,,,,,,,,,,,,,,,,,,,,,,,,,,,,,,,,,,,,,,,,,,,,,,,,,,,,,,,,,,,1,-3,,,,,,,,
building_tea_plantation,pmg_data_optimization_primary_sector,pm_digital_data_on_premises_primary_sector,other,construction_cost_low,,,,,,,,,,,,,,,,,,,,,,,,,,,,,,,,,,,,,,,,,,,,,,,,,,,,,,,,,,,,,,,,,,,,,,,,,,,,,,,,,,6,,-3,,-1,,,,,,
building_tea_plantation,pmg_data_optimization_primary_sector,pm_internet_data_reporting_primary_sector,other,construction_cost_low,,,,,,,,,,,,,,,,,,,,,,,,,,,,,,,,,,,,,,,,,,,,,,,,,,,,,,,,,,,,,,,,,,,,,,,,,,,,,,,,,,8,,-4,-1,-3,,,,,,
building_telecommunications_industry,pmg_base_building_telecommunications,pm_manual_operators_network_building_telecommunications,refining,construction_cost_very_high,,,,,,,,,,,,,,,,,,,,,,,,,,,,,,,,,,,,,,,,,,,,,,,,,,,,,,,,,,,,,,,,,,,,,-10,,,,,,,,,,,,,,,,65,,,,,,,
building_telecommunications_industry,pmg_base_building_telecommunications,pm_national_radio_network_building_telecommunications,refining,construction_cost_very_high,,,,,,,,,,,,,,,,,,,,,,,,,,,,,,,,,,,,,,,,,,,,,,,,,,,,,,,,,,,,,,,,,,,,,-10,,-3,,,,,,,,,,,,,,85,,,,,,,
building_telecommunications_industry,pmg_base_building_telecommunications,pm_satellite_communications_network_building_telecommunications,refining,construction_cost_very_high,,,,,,,,,,,,,,,,,,,,,,,,,,,,,,,,,,,,,,,,,,,,,,,,,,,,,,,,,,,,,,,,,,,,,-15,,-5,,,,,,,,,,-3,,,,130,,,,,,,
building_telecommunications_industry,pmg_base_building_telecommunications,pm_internet_global_network_building_telecommunications,refining,construction_cost_very_high,,,,,,,,,,,,,,,,,,,,,,,,,,,,,,,,,,,,,,,,,,,,,,,,,,,,,,,,,,,,,,,,,,,,,-20,,-5,,,,,,,,,,-4,,,,145,,,,,,,
building_telecommunications_industry,pmg_mobile_network_building_telecommunications,pm_no_mobile_network,other,construction_cost_very_high,,,,,,,,,,,,,,,,,,-5,,,,,,,,,,,,,,,,,,,,,,,,,,,,,,,,,,,,,,,,,,,,,,,,,,,,,,,,,,,,,,,,,,,,,,,,,,
building_telecommunications_industry,pmg_mobile_network_building_telecommunications,pm_2g_digital_cellular,other,construction_cost_very_high,,,,,,,,,,,,,,,,,,-5,,,,,,,,,,,,,,,,,,,,,,,,,,,,,,,,,,,,,,,,,,,,,,,,,,,,,,,,,,,,,,,,,,,5,,,,,,,
building_telecommunications_industry,pmg_mobile_network_building_telecommunications,pm_4g_lte_network,other,construction_cost_very_high,,,,,,,,,,,,,,,,,,-10,,,,,,,,,,,,,,,,,,,,,,,,,,,,,,,,,,,,,,,,,,,,,,,,,,,,,,-1,,,,,,,,,,,,,30,-2,,,,,,
building_telecommunications_industry,pmg_mobile_network_building_telecommunications,pm_5g_advanced_network,other,construction_cost_very_high,,,,,,,,,,,,,,,,,,-15,,,,,,,,,,,,,,,,,,,,,,,,,,,,,,,,,,,,,,,,,,,,,,,,,,,,,,-2,,,,,,,,,-1,,,,65,-4,,,,,,
building_telecommunications_industry,pmg_data_optimization_heavy_industry_telecommunications,pm_manual_data_reporting_heavy_industry,other,construction_cost_very_high,,,,,,,,,,,,,,,,,,,,,,,,,,,,,,,,,,,,,,,,,,,,,,,,,,,,,,,,,,,,,,,,,,,,,,,,,,,,,,,,,,,1,,,,,,,,,
building_telecommunications_industry,pmg_data_optimization_heavy_industry_telecommunications,pm_manual_data_optimization_heavy_industry,other,construction_cost_very_high,,,,,,,,,,,,,,,-1,,,,,,,,,,,,,,,,,,,,,,,,,,,,,,,,,,,,,,,,,,,,,,,,,,,,,,,,,,,,,,,,,,,,1,-1,,,,,,,,
building_telecommunications_industry,pmg_data_optimization_heavy_industry_telecommunications,pm_digital_data_optimization_heavy_industry,other,construction_cost_very_high,,,,,,,,,,,,,,,,,,,,,,,,,,,,,,,,,,,,,,,,,,,,,,,,,,,,,,,,,,,,,,,,,,,,,,,,,,,,,,,,,,,3,-3,,,,,,,,
building_telecommunications_industry,pmg_data_optimization_heavy_industry_telecommunications,pm_digital_data_on_premises_heavy_industry,other,construction_cost_very_high,,,,,,,,,,,,,,,,,,,,,,,,,,,,,,,,,,,,,,,,,,,,,,,,,,,,,,,,,,,,,,,,,,,,,,,,,,,,,,,,,,10,,-3,,-1,,,,,,
building_telecommunications_industry,pmg_data_optimization_heavy_industry_telecommunications,pm_internet_data_reporting_heavy_industry_telecommunications,other,construction_cost_very_high,,,,,,,,,,,,,,,,,,,,,,,,,,,,,,,,,,,,,,,,,,,,,,,,,,,,,,,,,,,,,,,,,,,,,,,,,,,,,,,,,,16,,-4,-2,-3,,,,,,
building_telecommunications_industry,pmg_data_optimization_heavy_industry_telecommunications,pm_internet_data_algorithmic_dispatch_heavy_industry_telecommunications,other,construction_cost_very_high,,,,,,,,,,,,,,,,,,,,,,,,,,,,,,,,,,,,,,,,,,,,,,,,,,,,,,,,,,,,,,,,,,,,,,,,,,,-1,,,,,,,16,,-6,-5,-4,,,,,,
building_temple_of_poseidon,pmg_dummy,pm_dummy,other,,,,,,,,,,,,,,,,,,,,,,,,,,,,,,,,,,,,,,,,,,,,,,,,,,,,,,,,,,,,,,,,,,,,,,,,,,,,,,,,,,,,,,,,,,,,,
building_textile_mill,pmg_base_building_textile_mill,pm_handsewn_clothes,base,construction_cost_high,,,,,,,,,,-40,,,45,,,,,,,,,,,,,,,,,,,,,,,,,,,,,,,,,,,,,,,,,,,,,,,,,,,,,,,,,,,,,,,,,,,,,,,,,,,,,,,
building_textile_mill,pmg_base_building_textile_mill,pm_dye_workshops,base,construction_cost_high,,,,,,,,,,-40,,,60,,,,,,,,,,-5,,,,,,,,,,,,,,,,,,,,,,,,,,,,,,,,,,,,,,,,,,,,,,,,,,,,,,,,,,,,,,,,,,,,,
building_textile_mill,pmg_base_building_textile_mill,pm_sewing_machines,base,construction_cost_high,,,,,,,,,,-60,,,100,,,,,,,,,,-10,,,,,,,,,,,,-5,,,,,,,,,,,,,,,,,,,,,,,,,,,,,,,,,,,,,,,,,,,,,,,,,,,,,,,,,
building_textile_mill,pmg_base_building_textile_mill,pm_electric_sewing_machines,base,construction_cost_high,,,,,,,,,,-60,,,125,,,,,-10,,,,,-15,,,,,,,,,,,,-5,,,,,,,,,,,,,,,,,,,,,,,,,,,,,,,,,,,,,,,,,,,,,,,,,,,,,,,,,
building_textile_mill,pmg_base_building_textile_mill,pm_synthetic_fabric,base,construction_cost_high,,,,,,,,,,-40,,,155,,,,,-10,,,,,-20,,,,,,,,,,,,,,,,,,,,,,,,,,,,,,,,,,,,,,,,,,-15,,,,,,,,,,,,-4,,,,,,,,,,,,,,,
building_textile_mill,pmg_base_building_textile_mill,pm_stretchwear,base,construction_cost_high,,,,,,,,,,-40,,,185,,,,,-10,,,,,-20,,,,,,,,,,,,,,,,,,,,,,,,,,,,,,,,,,,,,,,,,,-20,,,,,,,,,,,,-8,,,,,,,,,,,,,,,
building_textile_mill,pmg_luxury_building_textile_mill,pm_no_luxury_clothes,refining,construction_cost_high,,,,,,,,,,,,,,,,,,,,,,,,,,,,,,,,,,,,,,,,,,,,,,,,,,,,,,,,,,,,,,,,,,,,,,,,,,,,,,,,,,,,,,,,,,,,
building_textile_mill,pmg_luxury_building_textile_mill,pm_craftsman_sewing,refining,construction_cost_high,,,,,,,,,,15,,,-30,,,,,,,,,-15,,,,,,,,,,,,,,,,,,,,,,,,,,,,30,,,,,,,,,,,,,,,,,,,,,,,,,,,,,,,,,,,,,,,,,,
building_textile_mill,pmg_luxury_building_textile_mill,pm_elastics,refining,construction_cost_high,,,,,,,,,,35,,,-70,,,,,,,,,-35,,,,,,,-10,,,,,,,,,,,,,,,,,,,,,70,,,,,,,,,,,,,,,,,,,,,,,,,,,,,,,,,,,,,,,,,,
building_textile_mill,pmg_luxury_building_textile_mill,pm_nylon_accessories,refining,construction_cost_high,,,,,,,,,,,,,-75,,,,,,,,,-35,,,,,,,-10,,,,,-5,,,,,,,,,,,,,,,,90,,,,,,,,,,,,,,,,,,,,,,,,,,,,,,,,,,,,,,,,,,
building_textile_mill,pmg_luxury_building_textile_mill,pm_fast_fashion,refining,construction_cost_high,,,,,,,,,,,,,-75,,,,,,,,,-40,,,,,,,-5,,,,,-10,,,,,,,,,,,,,,,,100,,,,,,,,,,,,,,,,,,,,,,,,,,,,,,,,,,,,,,,,,,
building_textile_mill,pmg_automation_building_textile_mill,pm_traditional_looms,automation,construction_cost_high,,,,,,,,,,,,,,,,,,,,,,,,,,,,,,,,,,,,,,,,,,,,,,,,,,,,,,,,,,,,,,,,,,,,,,,,,,,,,,,,,,,,,,,,,,,,
building_textile_mill,pmg_automation_building_textile_mill,pm_mechanized_looms,automation,construction_cost_high,,,,,,,,,,,,,,,,,,,,,,,,,,,,,,,,,,,-5,,,,,,,,,,,,,,,,,,,,,,,,,,,,,,,,,,,,,,,,,,,,,,,,,,,,,,,,,
building_textile_mill,pmg_automation_building_textile_mill,pm_automatic_power_looms,automation,construction_cost_high,,,,,,,,,,,,,,,,,,-5,,,,,,,,,,,,,,,,,-5,,,,,,,,,,,,,,,,,,,,,,,,,,,,,,,,,,-3,,,,,,,,,,,,,,,,,,,,,,,
building_textile_mill,pmg_automation_building_textile_mill,pm_cnc_weaving_machines,automation,construction_cost_high,,,,,,,,,,,,,,,,,,-5,,,,,,,,,,,,,,,,,-5,,,,,,,,,,,,,,,,,,,,,,,,,,,,,,,,,,,,,,,,,-3,,,,,,,,,,,,,,,,
building_textile_mill,pmg_data_optimization_light_industry,pm_manual_data_reporting_light_industry,other,construction_cost_high,,,,,,,,,,,,,,,,,,,,,,,,,,,,,,,,,,,,,,,,,,,,,,,,,,,,,,,,,,,,,,,,,,,,,,,,,,,,,,,,,,,1,,,,,,,,,
building_textile_mill,pmg_data_optimization_light_industry,pm_manual_data_optimization_light_industry,other,construction_cost_high,,,,,,,,,,,,,,,-1,,,,,,,,,,,,,,,,,,,,,,,,,,,,,,,,,,,,,,,,,,,,,,,,,,,,,,,,,,,,,,,,,,,,1,-1,,,,,,,,
building_textile_mill,pmg_data_optimization_light_industry,pm_digital_data_optimization_light_industry,other,construction_cost_high,,,,,,,,,,,,,,,,,,,,,,,,,,,,,,,,,,,,,,,,,,,,,,,,,,,,,,,,,,,,,,,,,,,,,,,,,,,,,,,,,,,2,-3,,,,,,,,
building_textile_mill,pmg_data_optimization_light_industry,pm_digital_data_on_premises_light_industry,other,construction_cost_high,,,,,,,,,,,,,,,,,,,,,,,,,,,,,,,,,,,,,,,,,,,,,,,,,,,,,,,,,,,,,,,,,,,,,,,,,,,,,,,,,,8,,-3,,-1,,,,,,
building_textile_mill,pmg_data_optimization_light_industry,pm_internet_data_reporting_light_industry,other,construction_cost_high,,,,,,,,,,,,,,,,,,,,,,,,,,,,,,,,,,,,,,,,,,,,,,,,,,,,,,,,,,,,,,,,,,,,,,,,,,,,,,,,,,12,,-4,-2,-3,,,,,,
building_textile_mill,pmg_data_optimization_light_industry,pm_internet_data_optimization_light_industry,other,construction_cost_high,,,,,,,,,,,,,,,,,,,,,,,,,,,,,,,,,,,,,,,,,,,,,,,,,,,,,,,,,,,,,,,,,,,,,,,,,,,-1,,,,,,,12,,-6,-5,-4,,,,,,
building_tobacco_plantation,pmg_base_building_tobacco_plantation,default_building_tobacco_plantation,base,construction_cost_low,,,,,,,,,,,,,,,,,,,,,,,,,,,,,,,,,,,,,,,,,,,,,30,,,,,,,,,,,,,,,,,,,,,,,,,,,,,,,,,,,,,,,,,,,,,,,
building_tobacco_plantation,pmg_base_building_tobacco_plantation,automatic_irrigation_building_tobacco_plantation,base,construction_cost_low,,,,,,,,,,,,,,,,,,,,,,,,,,,,,,,-5,,,,,,,,,,,,,,45,,,,,,,,,,,,,,,,,,,,,,,,,,,,,,,,,,,,,,,,,,,,,,,
building_tobacco_plantation,pmg_base_building_tobacco_plantation,advanced_plantation_methods_building_tobacco_plantation,base,construction_cost_low,,,,,,,,,,,,,,,,,,,,,,,,,,,,,,,-20,-5,,-5,,,,,,,,,,,90,,,,,,,,,,,,,,,,,,,,,-2,,,,,,,,,,,,,,,,,,,,,,,,,,
building_tobacco_plantation,pmg_base_building_tobacco_plantation,drone_assisted_agriculture_building_tobacco_plantation,base,construction_cost_low,,,,,,,,,,,,,,,,,,-2,,,,,,,,,,,,,-20,,,-10,,,,,,,,,,,105,,,,,,,,,,,,,,,,,,,,,,,,,,,,,,,-3,,,,,,,,,-8,,,,,,,
building_tobacco_plantation,pmg_manufacture_tobacco,hand_rolled,base,construction_cost_low,,,,,,,,,,,,,,,,,,,,,,,,,,,,,,,,,,,,,,,,,,,,,,,,,,,,,,,,,,,,,,,,,,,,,,,,,,,,,,,,,,,,,,,,,,,,
building_tobacco_plantation,pmg_manufacture_tobacco,molds,base,construction_cost_low,,,,,,,,,,,,,,,,,,,,,,,,,,-1,,,,,,,,,,,,,,,,,,,5,,,,,,,,,,,,,,,,,,,,,,,,,,,,,,,,,,,,,,,,,,,,,,,
building_tobacco_plantation,pmg_manufacture_tobacco,electric_rollers,base,construction_cost_low,,,,,,,,,,,,,,,,,,-2,,,,,,,,-2,,,,,,,,,,,,,,,,,,,20,,,,,,,,,,,,,,,,,,,,,,,,,,,,,,,,,,,,,,,,,,,,,,,
building_tobacco_plantation,pmg_manufacture_tobacco,pm_automated_cigarette_makers,base,construction_cost_low,,,,,,,,,,,,,,,-10,,,-3,,,,,,,,,,,,,,,,,,,,,,,,,,,35,,,,,,,,,,,,,,,,,,,,,,,,,,,,,,,-1,,,,,,,,,,,,,,,,
building_tobacco_plantation,pmg_working_conditions_tobacco,worker_exploitation_tobacco,base,construction_cost_low,,,,,,,,,,,,,,,,,,,,,,,,,,,,,,,,,,,,,,,,,,,,,5,,,,,,,,,,,,,,,,,,,,,,,,,,,,,,,,,,,,,,,,,,,,,,,
building_tobacco_plantation,pmg_working_conditions_tobacco,default_labour_tobacco,base,construction_cost_low,,,,,,,,,,,,,,,,,,,,,,,,,,,,,,,,,,,,,,,,,,,,,,,,,,,,,,,,,,,,,,,,,,,,,,,,,,,,,,,,,,,,,,,,,,,,
building_tobacco_plantation,pmg_working_conditions_tobacco,lectors_tobacco,base,construction_cost_low,,,,,,,,,,,,,,,,,,,,,,,,,,,,,,,,,,,,,,,,,,,,,2,,,,,,,,,,,,,,,,,,,,,,,,,,,,,,,,,,,,,,,,,,,,,,,
building_tobacco_plantation,pmg_working_conditions_tobacco,radio_stations_tobacco,base,construction_cost_low,,,,,,,,,,,,,,,,,,,,,,,,,,,,,,,,,,,,,,,,,,,,,5,,,,-1,,,,,,,,,,,,,,,,,,,,,,,,,,,,,,,,,,,,,,,,,,,
building_tobacco_plantation,pmg_train_automation_building_tobacco_plantation,pm_road_carts,automation,construction_cost_low,,,,,,,,,,,,,,,,,,,,,,,,,,,,,,,,,,,,,,,,,,,,,,,,,,,,,,,,,,,,,,,,,,,,,,,,,,,,,,,,,,,,,,,,,,,,
building_tobacco_plantation,pmg_train_automation_building_tobacco_plantation,pm_steam_rail_transport,automation,construction_cost_low,,,,,,,,,,,,,,,,,-5,,,,,,,,,,,,,,,,,,,,,,,,,,,,,,,,,,,,,,,,,,,,,,,,,,,,,,,,,,,,,,,,,,,,,,,,,,,
building_tobacco_plantation,pmg_train_automation_building_tobacco_plantation,pm_multiway_transport_plantation,automation,construction_cost_low,,,,,,,,,,,,,,,,,-2,,,,,,,,,,,,,,,,,,,,,,,,,,,,,,-2,,,,,,,,,,,,,,,,,,,,,,,,,,,,,,,,,,,,,,,,,,,,,
building_tobacco_plantation,pmg_data_optimization_primary_sector,pm_manual_data_reporting_primary_sector,other,construction_cost_low,,,,,,,,,,,,,,,,,,,,,,,,,,,,,,,,,,,,,,,,,,,,,,,,,,,,,,,,,,,,,,,,,,,,,,,,,,,,,,,,,,,,,,,,,,,,
building_tobacco_plantation,pmg_data_optimization_primary_sector,pm_manual_data_optimization_primary_sector,other,construction_cost_low,,,,,,,,,,,,,,,-1,,,,,,,,,,,,,,,,,,,,,,,,,,,,,,,,,,,,,,,,,,,,,,,,,,,,,,,,,,,,,,,,,,,,,-1,,,,,,,,
building_tobacco_plantation,pmg_data_optimization_primary_sector,pm_digital_data_optimization_primary_sector,other,construction_cost_low,,,,,,,,,,,,,,,,,,,,,,,,,,,,,,,,,,,,,,,,,,,,,,,,,,,,,,,,,,,,,,,,,,,,,,,,,,,,,,,,,,,1,-3,,,,,,,,
building_tobacco_plantation,pmg_data_optimization_primary_sector,pm_digital_data_on_premises_primary_sector,other,construction_cost_low,,,,,,,,,,,,,,,,,,,,,,,,,,,,,,,,,,,,,,,,,,,,,,,,,,,,,,,,,,,,,,,,,,,,,,,,,,,,,,,,,,6,,-3,,-1,,,,,,
building_tobacco_plantation,pmg_data_optimization_primary_sector,pm_internet_data_reporting_primary_sector,other,construction_cost_low,,,,,,,,,,,,,,,,,,,,,,,,,,,,,,,,,,,,,,,,,,,,,,,,,,,,,,,,,,,,,,,,,,,,,,,,,,,,,,,,,,8,,-4,-1,-3,,,,,,
building_tooling_workshop,pmg_base_building_tooling_workshop,pm_crude_tools,base,construction_cost_high,,,,,,,,,,,-30,,,,,,,,,,,,,,,,,,,,,,,,30,,,,,,,,,,,,,,,,,,,,,,,,,,,,,,,,,,,,,,,,,,,,,,,,,,,,,,,,,
building_tooling_workshop,pmg_base_building_tooling_workshop,pm_pig_iron,base,construction_cost_high,,,,,,,,,,,-30,,,,,,,,,,,,,,,-18,,,,,,,,,60,,,,,,,,,,,,,,,,,,,,,,,,,,-2,,,,,,,,,,,,,,,,,,,,,,,,,,,,,,,
building_tooling_workshop,pmg_base_building_tooling_workshop,pm_steel,base,construction_cost_high,,,,,,,,,,,-30,,,,,,,,,,,,,,,,,,,,,-18,,,75,,,,,,,,,,,,,,,,,,,,,,,,-2,,,,,,,,,,,,,,,,,,,,,,,,,,,,,,,,,
building_tooling_workshop,pmg_base_building_tooling_workshop,pm_rubber_grips,base,construction_cost_high,,,,,,,,,,,,,,,,,,,,,,,,,,,,,-10,,,-25,,,110,,,,,,,,,,,,,,,,,,,,,,,,-5,,-5,,,,,,,,,,,,,,,,,,,,,,,,,,,,,,,
building_tooling_workshop,pmg_base_building_tooling_workshop,pm_modern_tools,base,construction_cost_high,,,,,,,,,,,,,,,,,,,,,,,,,,,,,,,,,,,,,,,,,,,,,,,,,,,,,,,,,,,,,,,,,,,,,,,,,,,,,,,,,,,,,,,,,,,,
building_tooling_workshop,pmg_automation_building_tooling_workshop,pm_automation_disabled,automation,construction_cost_high,,,,,,,,,,,,,,,,,,,,,,,,,,,,,,,,,,,,,,,,,,,,,,,,,,,,,,,,,,,,,,,,,,,,,,,,,,,,,,,,,,,,,,,,,,,,
building_tooling_workshop,pmg_automation_building_tooling_workshop,pm_watertube_boiler_building_tooling_workshop,automation,construction_cost_high,,,,,,,,,,,,,,,,,,,,,,,,,-10,,,,,,,,,,,,,,,,,,,,,,,,,,,,,,,,,,,,,,,,,,,,,,,,,,,,,,,,,,,,,,,,,,,
building_tooling_workshop,pmg_automation_building_tooling_workshop,pm_rotary_valve_engine_building_tooling_workshop,automation,construction_cost_high,,,,,,,,,,,,,,,,,,,,,,,,,-15,,,,,,,,,,,,,,,,,,,,,,,,,,,,,,,,,,,,,,,,,,,,,,,,,,,,,,,,,,,,,,,,,,,
building_tooling_workshop,pmg_automation_building_tooling_workshop,pm_assembly_lines_building_tooling_workshop,automation,construction_cost_high,,,,,,,,,,,,,,,,,,-5,,,,,,,,,,,,,,,,,,,,,,,,,,,,,,,,,,,,,,,,,,,,,,,,,-6,,,,,,,,,,,,,,,,,,,,,,,,,
building_tooling_workshop,pmg_automation_building_tooling_workshop,pm_advanced_assembly_lines_building_tooling_workshop,automation,construction_cost_high,,,,,,,,,,,,,,,,,,-5,,,,,,,,,,,,,,,,,,,,,,,,,,,,,,,,,,,,,,,,,,,,,,,,,-5,,,,,,,,,-2,,,,,,,,,,,,,,,,
building_tooling_workshop,pmg_data_optimization_heavy_industry,pm_manual_data_reporting_heavy_industry,other,construction_cost_high,,,,,,,,,,,,,,,,,,,,,,,,,,,,,,,,,,,,,,,,,,,,,,,,,,,,,,,,,,,,,,,,,,,,,,,,,,,,,,,,,,,1,,,,,,,,,
building_tooling_workshop,pmg_data_optimization_heavy_industry,pm_manual_data_optimization_heavy_industry,other,construction_cost_high,,,,,,,,,,,,,,,-1,,,,,,,,,,,,,,,,,,,,,,,,,,,,,,,,,,,,,,,,,,,,,,,,,,,,,,,,,,,,,,,,,,,,1,-1,,,,,,,,
building_tooling_workshop,pmg_data_optimization_heavy_industry,pm_digital_data_optimization_heavy_industry,other,construction_cost_high,,,,,,,,,,,,,,,,,,,,,,,,,,,,,,,,,,,,,,,,,,,,,,,,,,,,,,,,,,,,,,,,,,,,,,,,,,,,,,,,,,,3,-3,,,,,,,,
building_tooling_workshop,pmg_data_optimization_heavy_industry,pm_digital_data_on_premises_heavy_industry,other,construction_cost_high,,,,,,,,,,,,,,,,,,,,,,,,,,,,,,,,,,,,,,,,,,,,,,,,,,,,,,,,,,,,,,,,,,,,,,,,,,,,,,,,,,10,,-3,,-1,,,,,,
building_tooling_workshop,pmg_data_optimization_heavy_industry,pm_internet_data_reporting_heavy_industry,other,construction_cost_high,,,,,,,,,,,,,,,,,,,,,,,,,,,,,,,,,,,,,,,,,,,,,,,,,,,,,,,,,,,,,,,,,,,,,,,,,,,,,,,,,,16,,-4,-2,-3,,,,,,
building_tooling_workshop,pmg_data_optimization_heavy_industry,pm_internet_data_optimization_heavy_industry,other,construction_cost_high,,,,,,,,,,,,,,,,,,,,,,,,,,,,,,,,,,,,,,,,,,,,,,,,,,,,,,,,,,,,,,,,,,,,,,,,,,,-1,,,,,,,16,,-6,-5,-4,,,,,,
building_trade_center,pmg_base_building_trade_center,pm_trade_center,base,construction_cost_very_low,,,,,,,,,,,,,,,,,,,,,,,,,,,,,,,,,,,,,,,,,,,,,,,,,,,,,,,,,,,,,,,,,,,,,,,,,,,,,,,,,,,,,,,,,,,,
building_trade_center,pmg_base_building_trade_center,pm_trade_center_principle_external_trade_2,base,construction_cost_very_low,,,,,,,,,,,,,,,,,,,,,,,,,,,,,,,,,,,,,,,,,,,,,,,,,,,,,,,,,,,,,,,,,,,,,,,,,,,,,,,,,,,,,,,,,,,,
building_trade_center,pmg_trade_quantity_trade_center,pm_trade_center_trade_quantity_limited,automation,construction_cost_very_low,,,,,,,,,,,,,,,,,,,-3,,,,,,,,,,,,,,,,,,,,,,,,,,,,,,,,,,,,,,,,,,,,,,,,,,,,,,,,,,,,,,,,,,,,,,,,,
building_trade_center,pmg_trade_quantity_trade_center,pm_trade_center_trade_quantity_normal,automation,construction_cost_very_low,,,,,,,,,,,,,,,,,,,-4,,,,,,,,,,,,,,,,,,,,,,,,,,,,,,,,,,,,,,,,,,,,,,,,,,,,,,,,,,,,,,,,,,,,,,,,,
building_trade_center,pmg_trade_quantity_trade_center,pm_trade_center_trade_quantity_high,automation,construction_cost_very_low,,,,,,,,,,,,,,,,,,,-5,,,,,,,,,,,,,,,,,,,,,,,,,,,,,,,,,,,,,,,,,,,,,,,,,,,,,,,,,,,,,,,,,,,,,,,,,
building_trade_center,pmg_trade_quantity_trade_center,pm_trade_center_trade_quantity_very_high,automation,construction_cost_very_low,,,,,,,,,,,,,,,,,,,-6,,,,,,,,,,,,,,,,,,,,,,,,,,,,,,,,,,,,,,,,,,,,,,,,,,,,,,,,,,,,,,,,,,,,,,,,,
building_trade_center,pmg_trade_quantity_trade_center,pm_trade_center_trade_quantity_ultra,automation,construction_cost_very_low,,,,,,,,,,,,,,,,,,,-8,,,,,,,,,,,,,,,,,,,,,,,,,,,,,,,,,,,,,,,,,,,,,,,,,,,,,,,,,,,,,,,,,,,,,,,,,
building_university,pmg_base_building_university,pm_scholastic_education,base,construction_cost_medium,,,,,,,,,,,,,,,-4,,,,,,,,,,,,,,,,,,,,,,,,,,,,,,,,,,,,,,,,-1,,,,,,,,,,,,,,,,,,,,,,,,,,,,,1,,,,,,,,
building_university,pmg_base_building_university,pm_philosophy_department,base,construction_cost_medium,,,,,,,,,,,,,,,-6,,,,,,,,,,,,,,,,,,,,,,,,,,,,,,,,,,,,,,,,-4,,,,,,,,,,,,,,,,,,,,,,,,,,,,,2,,,,,,,,
building_university,pmg_base_building_university,pm_analytical_philosophy_department,base,construction_cost_medium,,,,,,,,,,,,,,,-10,,,,,,,,,,,,,,,,,,,,,,,,,,,,,,,,,,,,,,,,-5,,,,,,,,,,,,,,,,,,,,,,,,,,,,,3,,,,,,,,
building_university,pmg_base_building_university,pm_big_science_and_humanities_department,base,construction_cost_medium,,,,,,,,,,,,,,,-8,,,,,,,,,,,,,,,,,,,,,,,,,,,,,,,,,,,,,,,,-4,,,,,,,,,,,,,,,,-2,,,,,,,,,,,,,4,,,,,,,,
building_university,pmg_base_building_university,pm_computerized_research_center,base,construction_cost_medium,,,,,,,,,,,,,,,-5,,,,,,,,,,,,,,,,,,,,,,,,,,,,,,,,,,,,,,,,-4,,,,,,,,,,,,,,,,-1,,,,-2,,,,,,,,,6,,,,,,,,
building_university,pmg_university_academia,pm_religious_academia,ownership,construction_cost_medium,,,,,,,,,,,,,,,,,,,,,,,,,,,,,,,,,,,,,,,,,,,,,,,,,,,,,,,,,,,,,,,,,,,,,,,,,,,,,,,,,,,,,,,,,,,,
building_university,pmg_university_academia,pm_secular_academia,ownership,construction_cost_medium,,,,,,,,,,,,,,,,,,,,,,,,,,,,,,,,,,,,,,,,,,,,,,,,,,,,,,,,,,,,,,,,,,,,,,,,,,,,,,,,,,,,,,,,,,,,
building_university,pmg_principle_freedom_of_movement_3,pm_principle_freedom_of_movement_3,base,construction_cost_medium,,,,,,,,,,,,,,,,,,,,,,,,,,,,,,,,,,,,,,,,,,,,,,,,,,,,,,,,,,,,,,,,,,,,,,,,,,,,,,,,,,,,,,,,,,,,
building_university,pmg_principle_freedom_of_movement_3,pm_freedom_of_movement_no_effect,base,construction_cost_medium,,,,,,,,,,,,,,,,,,,,,,,,,,,,,,,,,,,,,,,,,,,,,,,,,,,,,,,,,,,,,,,,,,,,,,,,,,,,,,,,,,,,,,,,,,,,
building_uranium_mine,pmg_curie_mining_equipment_building_uranium_mine,pm_curie_picks_and_shovels_building_uranium_mine,base,construction_cost_high,,,,,,,,,,,,,,,,,,,,,,,,,,,,,,,,,,,-5,,,,,,,,,,,,,,,,,,,,,,20,,,,,,,,,,,,,,,,,,,,,,,,,,,,,,,,,,,
building_uranium_mine,pmg_curie_mining_equipment_building_uranium_mine,pm_curie_atmospheric_engine_pump_building_uranium_mine,base,construction_cost_high,,,,,,,,,,,,,,,,,,,,,,,,,-10,,,,,,,,,,-10,,,,,,,,,,,,,,,,,,,,,,40,,,,,,,,,,,,,,,,,,,,,,,,,,,,,,,,,,,
building_uranium_mine,pmg_curie_mining_equipment_building_uranium_mine,pm_curie_condensing_engine_pump_building_uranium_mine,base,construction_cost_high,,,,,,,,,,,,,,,,,,,,,,,,,-15,,,,,,,,,,-15,,,,,,,,,,,,,,,,,,,,,,60,,,,,,,,,,,,,,,,,,,,,,,,,,,,,,,,,,,
building_uranium_mine,pmg_curie_mining_equipment_building_uranium_mine,pm_curie_diesel_pump_building_uranium_mine,base,construction_cost_high,,,,,,,,,,,,,,,,,,,,,,,,,,,,,,,,,,,-20,,,,,,,,,,,,,,,,,,,,,,70,,,,,,,,,-3,,,,,,,,,,,,,,,,,,,,,,,,,,
building_uranium_mine,pmg_curie_mining_equipment_building_uranium_mine,pm_electric_fueled_pump_building_uranium_mine,base,construction_cost_high,,,,,,,,,,,,,,,,,,-5,,,,,,,,,,,,,,,,,-20,,,,,,,,,,,,,,,,,,,,,,90,,,,,,,,,-5,,,,,-2,,,,,,,,,,,,,,,,,,,,,
building_uranium_mine,pmg_curie_mining_equipment_building_uranium_mine,pm_heavy_machineries_building_uranium_mine,base,construction_cost_high,,,,,,,,,,,,,,,,,,-10,,,,,,,,,,,,,-5,,,,,,,,,,,,,,,,,,,,,,,,,,110,,,,,,,,,-5,,,,,-3,,,,,-7,,,,,,,,,,,,,,,,
building_uranium_mine,pmg_curie_mining_equipment_building_uranium_mine,pm_autonomous_and_remote_ops_building_uranium_mine,base,construction_cost_high,,,,,,,,,,,,,,,,,,-10,,,,,,,,,,,,,-5,,,,,,,,,,,,,,,,,,,,,,,,,,135,,,,,,,,,-5,,,,,,-2,,,,-12,,,,,,,,,-10,,,,,,,
building_uranium_mine,pmg_curie_explosives_building_uranium_mine,pm_no_explosives,base,construction_cost_high,,,,,,,,,,,,,,,,,,,,,,,,,,,,,,,,,,,,,,,,,,,,,,,,,,,,,,,,,,,,,,,,,,,,,,,,,,,,,,,,,,,,,,,,,,,,
building_uranium_mine,pmg_curie_explosives_building_uranium_mine,pm_curie_nitroglycerin_building_uranium_mine,base,construction_cost_high,,,,,,,,,,,,,,,,,,,,,,,,,,,,,,,,,,,,-5,,,,,,,,,,,,,,,,,,,,,12,,,,,,,,,,,,,,,,,,,,,,,,,,,,,,,,,,,
building_uranium_mine,pmg_curie_explosives_building_uranium_mine,pm_curie_dynamite_building_uranium_mine,base,construction_cost_high,,,,,,,,,,,,,,,,,,,,,,,,,,,,,,,,,,,,-10,,,,,,,,,,,,,,,,,,,,,20,,,,,,,,,,,,,,,,,,,,,,,,,,,,,,,,,,,
building_uranium_mine,pmg_curie_explosives_building_uranium_mine,pm_high_precision_blasting_building_uranium_mine,base,construction_cost_high,,,,,,,,,,,,,,,,,,,,,,,,,,,,,,,,,,,,-15,,,,,,,,,,,,,,,,,,,,,40,,,,,,,,,,,,-2,,,,,,,,,,,,,,,,-5,,,,,,,
building_uranium_mine,pmg_curie_steam_automation_building_uranium_mine,pm_no_steam_automation,automation,construction_cost_high,,,,,,,,,,,,,,,,,,,,,,,,,,,,,,,,,,,,,,,,,,,,,,,,,,,,,,,,,,,,,,,,,,,,,,,,,,,,,,,,,,,,,,,,,,,,
building_uranium_mine,pmg_curie_steam_automation_building_uranium_mine,pm_steam_donkey_mine,automation,construction_cost_high,,,,,,,,,,,,,,,,,,,,,,,,,-4,,,,,,-1,,,,,,,,,,,,,,,,,,,,,,,,,,,,,,,,,,,,,,,,,,,,,,,,,,,,,,,,,,,,,
building_uranium_mine,pmg_curie_steam_automation_building_uranium_mine,pm_purification_mine,automation,construction_cost_high,,,,,,,,,,,,,,,,,,,,,,,,,,,,,,,,,,,,,,,,,,,,,,,,,,,,,,,,,,,,,,,,,,,,,,,,,,,,,,,,,,,,,,,,,,,,
building_uranium_mine,pmg_curie_steam_automation_building_uranium_mine,pm_hpgr_comminution,automation,construction_cost_high,,,,,,,,,,,,,,,,,,5,,,,,,,,,,,,,,-1,,,,,,,,,,,,,,,,,,,,,,,,,,,,,,,,,,,,,,,,,,,,-1,,,,,,,,,,,,,,,,
building_uranium_mine,pmg_curie_train_automation_building_uranium_mine,pm_road_carts,automation,construction_cost_high,,,,,,,,,,,,,,,,,,,,,,,,,,,,,,,,,,,,,,,,,,,,,,,,,,,,,,,,,,,,,,,,,,,,,,,,,,,,,,,,,,,,,,,,,,,,
building_uranium_mine,pmg_curie_train_automation_building_uranium_mine,pm_rail_transport_mine,automation,construction_cost_high,,,,,,,,,,,,,,,,,-4,,,,,,,,,,,,,,,,,,,,,,,,,,,,,,,,,,,,,,,,,,,,,,,,,,,,,,,,,,,,,,,,,,,,,,,,,,,
building_uranium_mine,pmg_curie_train_automation_building_uranium_mine,pm_multiway_transport_mine,automation,construction_cost_high,,,,,,,,,,,,,,,,,-2,,,,,,,,,,,,,,,,,,,,,,,,,,,,,,-2,,,,,,,,,,,,,,,,,,,,,,,,,,,,,,,,,,,,,,,,,,,,,
building_uranium_mine,pmg_data_optimization_primary_sector,pm_manual_data_reporting_primary_sector,other,construction_cost_high,,,,,,,,,,,,,,,,,,,,,,,,,,,,,,,,,,,,,,,,,,,,,,,,,,,,,,,,,,,,,,,,,,,,,,,,,,,,,,,,,,,,,,,,,,,,
building_uranium_mine,pmg_data_optimization_primary_sector,pm_manual_data_optimization_primary_sector,other,construction_cost_high,,,,,,,,,,,,,,,-1,,,,,,,,,,,,,,,,,,,,,,,,,,,,,,,,,,,,,,,,,,,,,,,,,,,,,,,,,,,,,,,,,,,,,-1,,,,,,,,
building_uranium_mine,pmg_data_optimization_primary_sector,pm_digital_data_optimization_primary_sector,other,construction_cost_high,,,,,,,,,,,,,,,,,,,,,,,,,,,,,,,,,,,,,,,,,,,,,,,,,,,,,,,,,,,,,,,,,,,,,,,,,,,,,,,,,,,1,-3,,,,,,,,
building_uranium_mine,pmg_data_optimization_primary_sector,pm_digital_data_on_premises_primary_sector,other,construction_cost_high,,,,,,,,,,,,,,,,,,,,,,,,,,,,,,,,,,,,,,,,,,,,,,,,,,,,,,,,,,,,,,,,,,,,,,,,,,,,,,,,,,6,,-3,,-1,,,,,,
building_uranium_mine,pmg_data_optimization_primary_sector,pm_internet_data_reporting_primary_sector,other,construction_cost_high,,,,,,,,,,,,,,,,,,,,,,,,,,,,,,,,,,,,,,,,,,,,,,,,,,,,,,,,,,,,,,,,,,,,,,,,,,,,,,,,,,8,,-4,-1,-3,,,,,,
building_urban_center,pmg_amenities,pm_market_stalls,base,,,,,,,,,,,,,,,,,15,,,,,,,,,,,,,,,,,,,,,,,,,,,,,,,,,,,,,,,,,,,,,,,,,,,,,,,,,,,,,,,,,,,,,,,,,,,,
building_urban_center,pmg_amenities,pm_market_squares,base,,,,,,,,,,,,-1,,,,,20,,,,,,,,,,,,,,,,,-1,,,,,,,,,,,,,,,,,,,,,,,,,,,,,,,,,,,,,,,,,,,,,,,,,,,,,,,,,,,
building_urban_center,pmg_amenities,pm_covered_markets,base,,,,,,,,,,,,,,,,,25,,,,,,,,,,,,,,,,-1,-2,,,,,,,,,,,,,,,,,,,,,,,,,,,,,,,,,,,,,,,,,,,,,,,,,,,,,,,,,,,
building_urban_center,pmg_amenities,pm_arcades,base,,,,,,,,,,,,,,,,,30,,-1,,,,,,,,,,,,,,-1,-2,,,,,,,,,,,,,,,,,,,,,,,,,,-1,,,,,,,,,,,,,,,,,,,,,,,,,,,,,,,,,
building_urban_center,pmg_amenities,pm_shopping_centers,base,,,,,,,,,,,,,,,,,35,,-1,,,,,,,,,,,,,,-1,-3,,,,,,,,,,,,,,,,,,,,,,,,,,-1,,,,,,,,,,,,,,,,,,,,,,,,,,,,,,,,,
building_urban_center,pmg_amenities,pm_digital_retail,base,,,,,,,,,,,,,,,,,35,,-1,,,,,,,,,,,,,,-1,-2,,,,,,,,,,,,,,,,,,,,,,,,,,,,,,,,,,,,,,,,,,,,,,,,,,,,-1,,,,-1,,,
building_urban_center,pmg_street_lighting,pm_no_street_lighting,base,,,,,,,,,,,,,,,,,,,,,,,,,,,,,,,,,,,,,,,,,,,,,,,,,,,,,,,,,,,,,,,,,,,,,,,,,,,,,,,,,,,,,,,,,,,,,
building_urban_center,pmg_street_lighting,pm_gas_streetlights,base,,,,,,,,,,,,,,,,,6,,,,,,,,,-2,,,,,,,,,,,,,,,,,,,,,,,,,,,,,,,,,,,,,,,,,,,,,,,,,,,,,,,,,,,,,,,,,,,
building_urban_center,pmg_street_lighting,pm_electric_streetlights,base,,,,,,,,,,,,,,,,,12,,-4,,,,,,,,,,,,,,,,,,,,,,,,,,,,,,,,,,,,,,,,,,,,,,,,,,,,,,,,,,,,,,,,,,,,,,,,,,
building_urban_center,pmg_street_lighting,pm_modern_urban_utilities,base,,,,,,,,,,,,,,,,,25,,-6,,,,,,,,,,,,,,,,,,,,,,,,,,,,,,,,,,,,,,,,,,,,,,,,,,,-2,,,,,,,,,,,,,,,,-2,,,,,,,
building_urban_center,pmg_street_lighting,pm_smart_city_infrastructure,base,,,,,,,,,,,,,,,,,35,,-8,,,,,,,,,,,,,,,,,,,,,,,,,,,,,,,,,,,,,,,,,,,,,,,,,,,-4,,,,,,,,-4,,,,,,,,-4,,,,,,,
building_urban_center,pmg_public_transport,pm_no_public_transport,refining,,,,,,,,,,,,,,,,,,2,,,,,,,,,,,,,,,,,,,,,,,,,,,,,,,,,,,,,,,,,,,,,,,,,,,,,,,,,,,,,,,,,,,,,,,,,,,
building_urban_center,pmg_public_transport,pm_public_trams,refining,,,,,,,,,,,,,,,,,,4,,,,,,,,,,,,,,,,,,,,,,,,,,,,,,,,,,,,,,,,,,,,,,,,,,,,,,,,,,,,,,,,,,,,,,,,,,,
building_urban_center,pmg_public_transport,pm_public_motor_carriages,refining,,,,,,,,,,,,,,,,,,8,,,,,,,,,,,,,,,,,,,,,,,,,,,,,,-1,,,,,,,,,,,,,,,,,,,,,,,,,,,,,,,,,,,,,,,,,,,,,
building_urban_center,pmg_public_transport,pm_modern_city_transport,refining,,,,,,,,,,,,,,,,,,8,,,,,,,,,,,,,,,,,,,,,,,,,,,,,,-1,,,,,,,,,,,,,,,,,,,,,,,,,,,,,,,,,,,,,,,,,,,,,
building_urban_center,pmg_urban_clergy,pm_state_urban_clergy,ownership,,,,,,,,,,,,,,,,,,,,,,,,,,,,,,,,,,,,,,,,,,,,,,,,,,,,,,,,,,,,,,,,,,,,,,,,,,,,,,,,,,,,,,,,,,,,,
building_urban_center,pmg_urban_clergy,pm_free_urban_clergy,ownership,,,,,,,,,,,,,,,,,,,,,,,,,,,,,,,,,,,,,,,,,,,,,,,,,,,,,,,,,,,,,,,,,,,,,,,,,,,,,,,,,,,,,,,,,,,,,
building_urban_center,pmg_urban_clergy,pm_no_urban_clergy,ownership,,,,,,,,,,,,,,,,,,,,,,,,,,,,,,,,,,,,,,,,,,,,,,,,,,,,,,,,,,,,,,,,,,,,,,,,,,,,,,,,,,,,,,,,,,,,,
building_urban_center,pmg_urban_center_healtcare,pm_no_healtcare,refining,,,,,,,,,,,,,,,,,,,,,,,,,,,,,,,,,,,,,,,,,,,,,,,,,,,,,,,,,,,,,,,,,,,,,,,,,,,,,,,,,,,,,,,,,,,,,
building_urban_center,pmg_urban_center_healtcare,pm_basic_healtcare,refining,,,,,,,,,,,-2,,,,,,5,,,,,,,,,,,,,,,,,,,,,,,,-2,,,,,,,,,,,,,,,,,,,,,,,,,,,,,,,,,,,,,,,,,,,,,,,,,,,,
building_urban_center,pmg_urban_center_healtcare,pm_drugs_healtcare,refining,,,,,,,,,,,-2,,,,,,10,,,,,,,,,,,,,,,,,,,,,,,,-2,,,,,,-2,,,,,,,,,,,,,,,,,,,,,,,,,,,,,,,,,,,,,,,,,,,,,,
building_urban_center,pmg_urban_center_healtcare,pm_modern_healtcare,refining,,,,,,,,,,,-3,,,,,,10,,,,,,,,,,,,,,,,,,,,,,,,-1,,,,,,,,,,,,,,,,,,,,,,,,,,,,,,,,,,,,,,-2,,,,,,,,,,,,,,
building_urban_center,pmg_urban_center_healtcare,pm_developed_healtcare,refining,,,,,,,,,,,-3,,,,,,20,,,,,,,,,,,,,,,,,,,,,,,,,,,,,,,,,,,,,,,,,,,,,,,,,,,,,,,-1,,,,,,,-5,,,,,,,,,,,,,,
building_urban_center,pmg_urban_center_healtcare,pm_advanced_healtcare,refining,,,,,,,,,,,-3,,,,,,35,,,,,,,,,,,,,,,,,,,,,,,,,,,,,,,,,,,,,,,,,,,,,,,,,,,,,,,,-1,,,,,,-10,,,,,,,,,,,,,,
building_urban_center,pmg_recycling_center,pm_no_recycling,other,,,,,,,,,,,,,,,,,,,,,,,,,,,,,,,,,,,,,,,,,,,,,,,,,,,,,,,,,,,,,,,,,,,,,,,,,,,,,,,,,,,,,,,,,,,,,
building_urban_center,pmg_recycling_center,pm_steel_recycling,other,,,,,,,,,,,,,,,,,,,-1,,,,,,,,,,,,,,3,,,,,,,,,,,,,,,,,,,,,,,,,,,,,,,,,,,,,,,,,,,,,,,,,,,,,,,,,,,,
building_urban_center,pmg_recycling_center,pm_aluminium_recycling,other,,,,,,,,,,,,,,,,,,,-1,,,,,,,,,,,,,,,,,,,,,,,,,,,,,,,,,,,,,,,,,,,,,,3,,,,,,,,,,,,,,,,,,,,,,,,,,,,
building_urban_center,pmg_recycling_center,pm_paper_recycling,other,,,,,,,,,,,,,,,,4,,,-1,,,,,,,,,,,,,,,,,,,,,,,,,,,,,,,,,,,,,,,,,,,,,,,,,,,,,,,,,,,,,,,,,,,,,,,,,,
building_urban_center,pmg_recycling_center,pm_plastic_recycling,other,,,,,,,,,,,,,,,,,,,-1,,,,,,,,,,,,,,,,,,,,,,,,,,,,,,,,,,,,,,,,,,,,,,,2,,,,,,,,,,,,,,,,,,,,,,,,,,,
building_urban_center,pmg_recycling_center,pm_mixed_recycling,other,,,,,,,,,,,,,,,,,,,,,,,,,,,,,,,,,,,,,,,,,,,,,,,,,,,,,,,,,,,,,,,,,,,,,,,,,,,,,,,,,,,,,,,,,,,,,
building_vatican_city,pmg_base_building_vatican_city,pm_default_building_vatican_city,base,construction_cost_monument,,,,,,,,,,,,,,,,,,,,,,,,,,,,,,,,,,,,,,,,,,,,,,,,,,,,,,,,,,,,,,,,,,,,,,,,,,,,,,,,,,,,,,,,,,,,
building_vatican_city,pmg_base_building_vatican_city,pm_monument_prestige_only_vatican_city,base,construction_cost_monument,,,,,,,,,,,,,,,,,,,,,,,,,,,,,,,,,,,,,,,,,,,,,,,,,,,,,,,,,,,,,,,,,,,,,,,,,,,,,,,,,,,,,,,,,,,,
building_vatican_city,pmg_base_building_vatican_city,pm_monument_prestige_only,base,construction_cost_monument,,,,,,,,,,,,,,,,,,,,,,,,,,,,,,,,,,,,,,,,,,,,,,,,,,,,,,,,,,,,,,,,,,,,,,,,,,,,,,,,,,,,,,,,,,,,
building_vatican_city,pmg_base_building_vatican_city,pm_monument_no_effects,base,construction_cost_monument,,,,,,,,,,,,,,,,,,,,,,,,,,,,,,,,,,,,,,,,,,,,,,,,,,,,,,,,,,,,,,,,,,,,,,,,,,,,,,,,,,,,,,,,,,,,
building_victoria_terminus,pmg_base_building_victoria_terminus,pm_default_building_victoria_terminus,base,construction_cost_monument,,,,,,,,,,,,,,,,,,,,,,,,,,,,,,,,,,,,,,,,,,,,,,,,,,,,,,,,,,,,,,,,,,,,,,,,,,,,,,,,,,,,,,,,,,,,
building_victoria_terminus,pmg_base_building_victoria_terminus,pm_monument_prestige_only,base,construction_cost_monument,,,,,,,,,,,,,,,,,,,,,,,,,,,,,,,,,,,,,,,,,,,,,,,,,,,,,,,,,,,,,,,,,,,,,,,,,,,,,,,,,,,,,,,,,,,,
building_victoria_terminus,pmg_base_building_victoria_terminus,pm_monument_no_effects,base,construction_cost_monument,,,,,,,,,,,,,,,,,,,,,,,,,,,,,,,,,,,,,,,,,,,,,,,,,,,,,,,,,,,,,,,,,,,,,,,,,,,,,,,,,,,,,,,,,,,,
building_vineyard,pmg_base_building_vineyard,default_building_vineyard,base,construction_cost_low,,,,,,,,,,,,,,,,,,,,,,,,,,,,,,,,,,,,,,,,,20,,,,,,,,,,,,,,,,,,,,,,,,,,,,,,,,,,,,,,,,,,,,,,,,,,,
building_vineyard,pmg_base_building_vineyard,automatic_irrigation_building_vineyard,base,construction_cost_low,,,,,,,,,,,,,,,,,,,,,,,,,,,,,,,-5,,,,,,,,,,40,,,,,,,,,,,,,,,,,,,,,,,,,,,,,,,,,,,,,,,,,,,,,,,,,,,
building_vineyard,pmg_base_building_vineyard,advanced_plantation_methods_building_vineyard,base,construction_cost_low,,,,,,,,,,,,,,,,,,,,,,,,,,,,,,,-20,-5,,-5,,,,,,,75,,,,,,,,,,,,,,,,,,,,,,,,,-2,,,,,,,,,,,,,,,,,,,,,,,,,,
building_vineyard,pmg_base_building_vineyard,drone_assisted_agriculture_building_vineyard,base,construction_cost_low,,,,,,,,,,,,,,,,,,-2,,,,,,,,,,,,,-20,,,-10,,,,,,,90,,,,,,,,,,,,,,,,,,,,,,,,,,,,,,,,,,,-3,,,,,,,,,-8,,,,,,,
building_vineyard,pmg_train_automation_building_vineyard,pm_road_carts,automation,construction_cost_low,,,,,,,,,,,,,,,,,,,,,,,,,,,,,,,,,,,,,,,,,,,,,,,,,,,,,,,,,,,,,,,,,,,,,,,,,,,,,,,,,,,,,,,,,,,,
building_vineyard,pmg_train_automation_building_vineyard,pm_steam_rail_transport,automation,construction_cost_low,,,,,,,,,,,,,,,,,-5,,,,,,,,,,,,,,,,,,,,,,,,,,,,,,,,,,,,,,,,,,,,,,,,,,,,,,,,,,,,,,,,,,,,,,,,,,,
building_vineyard,pmg_train_automation_building_vineyard,pm_multiway_transport_plantation,automation,construction_cost_low,,,,,,,,,,,,,,,,,-2,,,,,,,,,,,,,,,,,,,,,,,,,,,,,,-2,,,,,,,,,,,,,,,,,,,,,,,,,,,,,,,,,,,,,,,,,,,,,
building_vineyard,pmg_data_optimization_primary_sector,pm_manual_data_reporting_primary_sector,other,construction_cost_low,,,,,,,,,,,,,,,,,,,,,,,,,,,,,,,,,,,,,,,,,,,,,,,,,,,,,,,,,,,,,,,,,,,,,,,,,,,,,,,,,,,,,,,,,,,,
building_vineyard,pmg_data_optimization_primary_sector,pm_manual_data_optimization_primary_sector,other,construction_cost_low,,,,,,,,,,,,,,,-1,,,,,,,,,,,,,,,,,,,,,,,,,,,,,,,,,,,,,,,,,,,,,,,,,,,,,,,,,,,,,,,,,,,,,-1,,,,,,,,
building_vineyard,pmg_data_optimization_primary_sector,pm_digital_data_optimization_primary_sector,other,construction_cost_low,,,,,,,,,,,,,,,,,,,,,,,,,,,,,,,,,,,,,,,,,,,,,,,,,,,,,,,,,,,,,,,,,,,,,,,,,,,,,,,,,,,1,-3,,,,,,,,
building_vineyard,pmg_data_optimization_primary_sector,pm_digital_data_on_premises_primary_sector,other,construction_cost_low,,,,,,,,,,,,,,,,,,,,,,,,,,,,,,,,,,,,,,,,,,,,,,,,,,,,,,,,,,,,,,,,,,,,,,,,,,,,,,,,,,6,,-3,,-1,,,,,,
building_vineyard,pmg_data_optimization_primary_sector,pm_internet_data_reporting_primary_sector,other,construction_cost_low,,,,,,,,,,,,,,,,,,,,,,,,,,,,,,,,,,,,,,,,,,,,,,,,,,,,,,,,,,,,,,,,,,,,,,,,,,,,,,,,,,8,,-4,-1,-3,,,,,,
building_wat_arun,pmg_dummy,pm_dummy,other,,,,,,,,,,,,,,,,,,,,,,,,,,,,,,,,,,,,,,,,,,,,,,,,,,,,,,,,,,,,,,,,,,,,,,,,,,,,,,,,,,,,,,,,,,,,,
building_water_plant,pmg_base_building_water,pm_hand_pumped_water,base,construction_cost_very_high,,,,,,,,,,,,,,,,,,,,,,,,,,,,,,,,,,,-25,,,,,,,,,,,,,,,,,,,,,,,,,,,,,,,,,,,,,,,,,,40,,,,,,,,,,,,,,,
building_water_plant,pmg_base_building_water,pm_steam_pumped_water,base,construction_cost_very_high,,,,,,,,,,,,,,,,,,,,,,,,,-15,,,,,,-15,,,,-30,,,,,,,,,,,,,,,,,,,,,,,,,,,,,,,,,,,,,,,,,,75,,,,,,,,,,,,,,,
building_water_plant,pmg_base_building_water,pm_electric_pumped_water,base,construction_cost_very_high,,,,,,,,,,,,,,,,,,-30,,,,,,,,,,,,,-30,,,,-40,,,,,,,,,,,,,,,,,,,,,,,,,,,,,,,,,,,,,,,,,,135,,,,,,,,,,,,,,,
building_water_plant,pmg_base_building_water,pm_advanced_water_filtration,base,construction_cost_very_high,,,,,,,,,,,,,,,,,,-60,,,,,,,,,,,,,-45,,,,-30,,,,,,,,,,,,,,,,,,,,,,,,,,,,,,,,,,,,-15,,,,,,180,,,,,,,,,,,,,,,
building_water_plant,pmg_automation_building_water_plant,pm_no_steam_automation,base,construction_cost_very_high,,,,,,,,,,,,,,,,,,,,,,,,,,,,,,,,,,,,,,,,,,,,,,,,,,,,,,,,,,,,,,,,,,,,,,,,,,,,,,,,,,,,,,,,,,,,
building_water_plant,pmg_automation_building_water_plant,pm_copper_pipes,base,construction_cost_very_high,,,,,,,,,,,,,,,,,,,,,,,,,,,,,,,,,,,-6,,,,,,,,,,,,,,,,,,,,,,,,,-9,,,,,,,,,,,,,,,,,,,,,,,,,,,,,,,,
building_water_plant,pmg_automation_building_water_plant,pm_rotary_valve_engine_building_water_plant,base,construction_cost_very_high,,,,,,,,,,,,,,,,,,,,,,,,,-6,,,,,,,,,,-6,,,,,,,,,,,,,,,,,,,,,,,,,-12,,,,,,,,,,,,,,,,,,,,,,,,,,,,,,,,
building_water_plant,pmg_automation_building_water_plant,pm_plastics_pipes_and_pet,base,construction_cost_very_high,,,,,,,,,,,,,,,,,,,,,,,,,,,,,,,,,,,-6,,,,,,,,,,,,,,,,,,,,,,,,,-3,,,,,-12,,,,,,,,,,,,,,,,,,,,,,,,,,,
building_water_plant,pmg_data_optimization_primary_sector,pm_manual_data_reporting_primary_sector,other,construction_cost_very_high,,,,,,,,,,,,,,,,,,,,,,,,,,,,,,,,,,,,,,,,,,,,,,,,,,,,,,,,,,,,,,,,,,,,,,,,,,,,,,,,,,,,,,,,,,,,
building_water_plant,pmg_data_optimization_primary_sector,pm_manual_data_optimization_primary_sector,other,construction_cost_very_high,,,,,,,,,,,,,,,-1,,,,,,,,,,,,,,,,,,,,,,,,,,,,,,,,,,,,,,,,,,,,,,,,,,,,,,,,,,,,,,,,,,,,,-1,,,,,,,,
building_water_plant,pmg_data_optimization_primary_sector,pm_digital_data_optimization_primary_sector,other,construction_cost_very_high,,,,,,,,,,,,,,,,,,,,,,,,,,,,,,,,,,,,,,,,,,,,,,,,,,,,,,,,,,,,,,,,,,,,,,,,,,,,,,,,,,,1,-3,,,,,,,,
building_water_plant,pmg_data_optimization_primary_sector,pm_digital_data_on_premises_primary_sector,other,construction_cost_very_high,,,,,,,,,,,,,,,,,,,,,,,,,,,,,,,,,,,,,,,,,,,,,,,,,,,,,,,,,,,,,,,,,,,,,,,,,,,,,,,,,,6,,-3,,-1,,,,,,
building_water_plant,pmg_data_optimization_primary_sector,pm_internet_data_reporting_primary_sector,other,construction_cost_very_high,,,,,,,,,,,,,,,,,,,,,,,,,,,,,,,,,,,,,,,,,,,,,,,,,,,,,,,,,,,,,,,,,,,,,,,,,,,,,,,,,,8,,-4,-1,-3,,,,,,
building_whaling_station,pmg_base_building_whaling_station,pm_simple_whaling,base,construction_cost_low,,,,,,,,,,,,,,,,,,,,,,,,,,,,,,10,,,,,,,,5,,,,,,,,,,,,,,,,,,,,,,,,,,,,,,,,,,,,,,,,,,,,,,,,,,,,,,
building_whaling_station,pmg_base_building_whaling_station,pm_wooden_whaling_ships,base,construction_cost_low,,,,,,,,,,,,,,,,,,,,-5,,,,,,,,,,20,,,,,,,,10,,,,,,,,,,,,,,,,,,,,,,,,,,,,,,,,,,,,,,,,,,,,,,,,,,,,,,
building_whaling_station,pmg_base_building_whaling_station,pm_steam_whaling_ships,base,construction_cost_low,,,,,,,,,,,,,,,,,,,,,-5,,,,-20,,,,,20,,,,,,,,20,,,,,,,,,,,,,,,,,,,,,,,,,,,,,10,,,,,,,,,,,,,,,,,,,,,,,,,
building_whaling_station,pmg_base_building_whaling_station,pm_fuel_whaling_ships,base,construction_cost_low,,,,,,,,,,,,,,,,,,,,,-10,,,,,,,,,,,,,,,,,20,,,,,,,,,,,,,,,,,,,,,,,,,,,,,35,-10,,,,,,,,,,,,,,,,,,,,,,,,
building_whaling_station,pmg_refrigeration_building_whaling_station,pm_unrefrigerated,automation,construction_cost_low,,,,,,,,,,,,,,,,,,,,,,,,,,,,,,,,,,,,,,,,,,,,,,,,,,,,,,,,,,,,,,,,,,,,,,,,,,,,,,,,,,,,,,,,,,,,
building_whaling_station,pmg_refrigeration_building_whaling_station,pm_refrigerated_storage_building_whaling_station,automation,construction_cost_low,,,,,,,,,,,,,,,,,,-5,,,,,,,,,,,,,,,,,,,,,,,,,,,,,,,,,,,,,,,,,,,,,,,,,,,,,,,,,,,,,,,,,,,,,,,,,,
building_whaling_station,pmg_refrigeration_building_whaling_station,pm_refrigerated_rail_cars_building_whaling_station,automation,construction_cost_low,,,,,,,,,,,,,,,,,-5,-5,,,,,,,,,,,,,,,,,,,,,,,,,,,,,,,,,,,,,,,,,,,,,,,,,,,,,,,,,,,,,,,,,,,,,,,,,,
building_whaling_station,pmg_refrigeration_building_whaling_station,pm_flash_freezing_building_whaling_station,automation,construction_cost_low,,,,,,,,,,,,,,,,,-7,-7,,,,,,,,,,,,,,,,,,,,,,,,,,,,,,,,,,,,,,,,,,,,,,,,,,,,,,,,,,,,,,,,,,,,,,,,,,
building_whaling_station,pmg_data_optimization_primary_sector,pm_manual_data_reporting_primary_sector,other,construction_cost_low,,,,,,,,,,,,,,,,,,,,,,,,,,,,,,,,,,,,,,,,,,,,,,,,,,,,,,,,,,,,,,,,,,,,,,,,,,,,,,,,,,,,,,,,,,,,
building_whaling_station,pmg_data_optimization_primary_sector,pm_manual_data_optimization_primary_sector,other,construction_cost_low,,,,,,,,,,,,,,,-1,,,,,,,,,,,,,,,,,,,,,,,,,,,,,,,,,,,,,,,,,,,,,,,,,,,,,,,,,,,,,,,,,,,,,-1,,,,,,,,
building_whaling_station,pmg_data_optimization_primary_sector,pm_digital_data_optimization_primary_sector,other,construction_cost_low,,,,,,,,,,,,,,,,,,,,,,,,,,,,,,,,,,,,,,,,,,,,,,,,,,,,,,,,,,,,,,,,,,,,,,,,,,,,,,,,,,,1,-3,,,,,,,,
building_whaling_station,pmg_data_optimization_primary_sector,pm_digital_data_on_premises_primary_sector,other,construction_cost_low,,,,,,,,,,,,,,,,,,,,,,,,,,,,,,,,,,,,,,,,,,,,,,,,,,,,,,,,,,,,,,,,,,,,,,,,,,,,,,,,,,6,,-3,,-1,,,,,,
building_whaling_station,pmg_data_optimization_primary_sector,pm_internet_data_reporting_primary_sector,other,construction_cost_low,,,,,,,,,,,,,,,,,,,,,,,,,,,,,,,,,,,,,,,,,,,,,,,,,,,,,,,,,,,,,,,,,,,,,,,,,,,,,,,,,,8,,-4,-1,-3,,,,,,
building_wheat_farm,pmg_base_building_wheat_farm,pm_simple_farming,base,construction_cost_low,,,,,,,,20,,,,,,,,,,,,,,,,,,,,,,,,,,,,,,,,,,,,,,,,,,,,,,,,,,,,,,,,,,,,,,,,,,,,,,,,,,,,,,,,,,,,
building_wheat_farm,pmg_base_building_wheat_farm,pm_soil_enriching_farming,base,construction_cost_low,,,,,,,,30,,,,,,,,,,,,,,,,,,,,,,,,,,-5,,,,,,,,,,,,,,,,,,,,,,,,,,,,,,,,,,,,,,,,,,,,,,,,,,,,,,,,,,
building_wheat_farm,pmg_base_building_wheat_farm,pm_fertilization,base,construction_cost_low,,,,,,,,45,,,,,,,,,,,,,,,,,,,,,,,,,,-10,,,,,,,,,,,,,,,,,,,,,,,,,,,,,,,,,,,,,,,,,,,,,,,,,,,,,,,,,,
building_wheat_farm,pmg_base_building_wheat_farm,pm_chemical_fertilizer,base,construction_cost_low,,,,,,,,60,,,,,,,,,,,,,,,,,,,,,,,,,,-15,,,,,,,,,,,,,,,,,,,,,,,,,,,,,,,,,,,,,,,,,,,,,,,,,,,,,,,,,,
building_wheat_farm,pmg_base_building_wheat_farm,pm_synthetic_pesticides,base,construction_cost_low,,,,,,,,90,,,,,,,,,,,,,,,,,,,,,,-3,,,,-20,,,,,,,,,,,,,,,,,,,,,,,,,,,,,,,,,,,,,,,,,,,,-1,,,,,,,,,,,,,,
building_wheat_farm,pmg_base_building_wheat_farm,pm_ogm,base,construction_cost_low,,,,,,,,120,,,,,,,,,,,,,,,,,,,,,,-5,,,,-25,,,,,,,,,,,,,,,,,,,,,,,,,,,,,,,,,,,,,,,,,,,,-5,,,,,,,,,,,,,,
building_wheat_farm,pmg_secondary_building_wheat_farm,pm_no_secondary,refining,construction_cost_low,,,,,,,,,,,,,,,,,,,,,,,,,,,,,,,,,,,,,,,,,,,,,,,,,,,,,,,,,,,,,,,,,,,,,,,,,,,,,,,,,,,,,,,,,,,,
building_wheat_farm,pmg_secondary_building_wheat_farm,pm_citrus_orchards,refining,construction_cost_low,,,,,,,,-8,,,,,,,,,,,,,,,,,,,,,,,,,,,,,,,7,,,,,1,,,,,,,,,,,,,,,,,,,,,,,,,,,,,,,,,,,,,,,,,,,,,,,,
building_wheat_farm,pmg_secondary_building_wheat_farm,pm_sugar_beets,refining,construction_cost_low,,,,,,,,-5,,,,,,,,,,,,,,,,,,,,,,,,,,,,,,,,,,,,4,,,,,,,,,,,,,,,,,,,,,,,,,,,,,,,,,,,,,,,,,,,,,,,,
building_wheat_farm,pmg_secondary_building_wheat_farm,pm_continuous_diffusion_sugar_beet_refining,refining,construction_cost_low,,,,,,,,-10,,,,,,,,,,-4,,,,,,,,,,,,,-1,,,,,,,,,,,,,20,,,,,,,,,,,,,,,,,,,,,,,,,,,,,,,,,-1,,,,,,,,,,,,,,,
building_wheat_farm,pmg_harvesting_process_building_wheat_farm,pm_tools_disabled,automation,construction_cost_low,,,,,,,,,,,,,,,,,,,,,,,,,,,,,,,,,,,,,,,,,,,,,,,,,,,,,,,,,,,,,,,,,,,,,,,,,,,,,,,,,,,,,,,,,,,,
building_wheat_farm,pmg_harvesting_process_building_wheat_farm,pm_tools,automation,construction_cost_low,,,,,,,,,,,,,,,,,,,,,,,,,,,,,,,,,,,-2,,,,,,,,,,,,,,,,,,,,,,,,,,,,,,,,,,,,,,,,,,,,,,,,,,,,,,,,,
building_wheat_farm,pmg_harvesting_process_building_wheat_farm,pm_steam_threshers,automation,construction_cost_low,,,,,,,,,,,,,,,,,,,,,,,,,-1,,,,,,,,,,-2,,,,,,,,,,,,,,,,,,,,,,,,,,,,,,,,,,,,,,,,,,,,,,,,,,,,,,,,,
building_wheat_farm,pmg_harvesting_process_building_wheat_farm,pm_tractors,automation,construction_cost_low,,,,,,,,,,,,,,,,,,,,,,,,,-2,,,,,,-1,,,,,,,,,,,,,,,,,,,,,,,,,,,,,,,,,,,,,,,,,,,,,,,,,,,,,,,,,,,,,
building_wheat_farm,pmg_harvesting_process_building_wheat_farm,pm_compression_ignition_tractors,automation,construction_cost_low,,,,,,,,,,,,,,,,,,,,,,,,,,,,,,,-1,,,,,,,,,,,,,,,,,,,,,,,,,,,,,,,,,,,-1,,,,,,,,,,,,,,,,,,,,,,,,,,
building_wheat_farm,pmg_harvesting_process_building_wheat_farm,pm_autonomous_agricultural_vehicles,automation,construction_cost_low,,,,,,,,,,,,,,,,,,,,,,,,,,,,,,,-1,,,,,,,,,,,,,,,,,,,,,,,,,,,,,,,,,,,-1,,,,,,,,,,,,,,,,,,,-3,,,,,,,
building_wheat_farm,pmg_data_optimization_primary_sector,pm_manual_data_reporting_primary_sector,other,construction_cost_low,,,,,,,,,,,,,,,,,,,,,,,,,,,,,,,,,,,,,,,,,,,,,,,,,,,,,,,,,,,,,,,,,,,,,,,,,,,,,,,,,,,,,,,,,,,,
building_wheat_farm,pmg_data_optimization_primary_sector,pm_manual_data_optimization_primary_sector,other,construction_cost_low,,,,,,,,,,,,,,,-1,,,,,,,,,,,,,,,,,,,,,,,,,,,,,,,,,,,,,,,,,,,,,,,,,,,,,,,,,,,,,,,,,,,,,-1,,,,,,,,
building_wheat_farm,pmg_data_optimization_primary_sector,pm_digital_data_optimization_primary_sector,other,construction_cost_low,,,,,,,,,,,,,,,,,,,,,,,,,,,,,,,,,,,,,,,,,,,,,,,,,,,,,,,,,,,,,,,,,,,,,,,,,,,,,,,,,,,1,-3,,,,,,,,
building_wheat_farm,pmg_data_optimization_primary_sector,pm_digital_data_on_premises_primary_sector,other,construction_cost_low,,,,,,,,,,,,,,,,,,,,,,,,,,,,,,,,,,,,,,,,,,,,,,,,,,,,,,,,,,,,,,,,,,,,,,,,,,,,,,,,,,6,,-3,,-1,,,,,,
building_wheat_farm,pmg_data_optimization_primary_sector,pm_internet_data_reporting_primary_sector,other,construction_cost_low,,,,,,,,,,,,,,,,,,,,,,,,,,,,,,,,,,,,,,,,,,,,,,,,,,,,,,,,,,,,,,,,,,,,,,,,,,,,,,,,,,8,,-4,-1,-3,,,,,,
building_white_house,pmg_base_building_white_house,pm_default_building_white_house,base,construction_cost_monument,,,,,,,,,,,,,,,,,,,,,,,,,,,,,,,,,,,,,,,,,,,,,,,,,,,,,,,,,,,,,,,,,,,,,,,,,,,,,,,,,,,,,,,,,,,,
building_white_house,pmg_base_building_white_house,pm_monument_prestige_only,base,construction_cost_monument,,,,,,,,,,,,,,,,,,,,,,,,,,,,,,,,,,,,,,,,,,,,,,,,,,,,,,,,,,,,,,,,,,,,,,,,,,,,,,,,,,,,,,,,,,,,
building_white_house,pmg_base_building_white_house,pm_monument_no_effects,base,construction_cost_monument,,,,,,,,,,,,,,,,,,,,,,,,,,,,,,,,,,,,,,,,,,,,,,,,,,,,,,,,,,,,,,,,,,,,,,,,,,,,,,,,,,,,,,,,,,,,
building_fusion_power_plant,pmg_fusion_reactor,pm_fusion_reactor,base,construction_cost_monument_modern,,,,,,,,,,,,,,,,,,,,,,,,,,,,,,,,,,,,,,,,,,,,,,,,,,,,,,,,,,,-100,,,,-75,,,,,,-500,,-150,,,,,,-300,,,,,,,,,,,,,,,5000
building_fusion_power_plant,pmg_fusion_plasma_monitoring,pm_fusion_plasma_control,automation,construction_cost_monument_modern,,,,,,,,,,,,,,,,,,,,,,,,,,,,,,,,,,,,,,,,,,,,,,,,,,,,,,,,,,,,,,,,,,,,,,,,-40,,,-100,-150,,,,,,,,,-50,-50,,,,-100,,
building_power_grid_station,pmg_grid_download,pm_basic_grid_download,base,construction_cost_very_high,,,,,,,,,,,,,,,,,,250,,,,,,,,,,,,,,-10,,,,,,,,,,,,,,,,,,,,,,,,,,,,,,,,,,,,,-10,,,,,,,,,,,,,,,,,,,,,,,-250
building_power_grid_station,pmg_grid_download,pm_hv_grid_download,base,construction_cost_very_high,,,,,,,,,,,,,,,,,,450,,,,,,,,,,,,,,-10,,,,,,,,,,,,,,,,,,,,,,,,,,,,,,,,,,,,,-15,,-2,,,,,,,,,,,,,,,,,,,,,-400
building_power_grid_station,pmg_grid_download,pm_uhv_grid_download,base,construction_cost_very_high,,,,,,,,,,,,,,,,,,500,,,,,,,,,,,,,,-10,,,,,,,,,,,,,,,,,,,,,,,,,,,,,,,,,,,,,-20,,-5,,,,,,,,,,,,,,,,,,,,,-425
building_computer_assembly_plant,pmg_base_building_computers,pm_no_computer_production,base,construction_cost_modern,,,,,,,,,,,,,,,,,,,,,,,,,,,,,,,,,,,,,,,,,,,,,,,,,,,,,,,,,,,,,,,,,,,,,,,,,,,,,,,,,,,,,,,,,,,,
building_computer_assembly_plant,pmg_base_building_computers,pm_computer_teleprinters,base,construction_cost_modern,,,,,,,,,,,,,,,,,,,,,,,,,,,,,,,,,,,,,,,,,,,,,,,,,,,,,,,,,,,-10,,,,,,-5,,,,-5,-5,-10,-15,,,35,,,,,,,,,,,,,,,,,
building_computer_assembly_plant,pmg_base_building_computers,pm_personal_computers,base,construction_cost_modern,,,,,,,,,,,,,,,,,,,,,,,,,,,,,,,,,,,,,,,,,,,,,,,,,,,,,,,,,,,,,,,,,-10,,,,-5,-5,,-20,,-10,50,,,,,,,,,,,-10,,,,,,
building_computer_assembly_plant,pmg_base_building_computers,pm_laptops,base,construction_cost_modern,,,,,,,,,,,,,,,,,,,,,,,,,,,,,,,,,,,,,,,,,,,,,,,,,,,,,,,,,,,,,,,,,-5,,,,,-20,,-25,,-5,60,,,,,,,,,,,-20,,,,,,
building_computer_assembly_plant,pmg_base_building_computers,pm_advanced_personal_computers,base,construction_cost_modern,,,,,,,,,,,,,,,,,,,,,,,,,,,,,,,,,,,,,,,,,,,,,,,,,,,,,,,,,,,,,,,,,-10,,,,,-5,,-40,,-10,75,,,,,,,,,,,-20,,,,,,
building_computer_assembly_plant,pmg_automation_building_computer_assembly,pm_advanced_assembly_lines_building_computer_assembly,automation,construction_cost_modern,,,,,,,,,,,,,,,,,,-5,,,,,,,,,,,,,,,,,-5,,,,,,,,,,,,,,,,,,,,,,,,,,,,,,,,-2,,,,,,,,,,,,,,,,,,,,,,,,,
building_computer_assembly_plant,pmg_automation_building_computer_assembly,pm_robotic_building_computer_assembly,automation,construction_cost_modern,,,,,,,,,,,,,,,,,,-5,,,,,,,,,,,,,,,,,,,,,,,,,,,,,,,,,,,,,,,,,,,,,,,,,-2,,,,,-2,,,,,,,,,,,,,,,,,,,,
building_computer_assembly_plant,pmg_automation_building_computer_assembly,pm_iot_building_computer_assembly,automation,construction_cost_modern,,,,,,,,,,,,,,,,,,-5,,,,,,,,,,,,,,,,,,,,,,,,,,,,,,,,,,,,,,,,,,,,,,,,,-1,,,,,-2,,,,,,,,,,,,,-5,,,,,,,
building_computer_assembly_plant,pmg_data_optimization_heavy_industry_computer,pm_manual_data_reporting_heavy_industry,other,construction_cost_modern,,,,,,,,,,,,,,,,,,,,,,,,,,,,,,,,,,,,,,,,,,,,,,,,,,,,,,,,,,,,,,,,,,,,,,,,,,,,,,,,,,,1,,,,,,,,,
building_computer_assembly_plant,pmg_data_optimization_heavy_industry_computer,pm_manual_data_optimization_heavy_industry,other,construction_cost_modern,,,,,,,,,,,,,,,-1,,,,,,,,,,,,,,,,,,,,,,,,,,,,,,,,,,,,,,,,,,,,,,,,,,,,,,,,,,,,,,,,,,,,1,-1,,,,,,,,
building_computer_assembly_plant,pmg_data_optimization_heavy_industry_computer,pm_digital_data_optimization_heavy_industry_computer,other,construction_cost_modern,,,,,,,,,,,,,,,,,,,,,,,,,,,,,,,,,,,,,,,,,,,,,,,,,,,,,,,,,,,,,,,,,,,,,,,,,,,,,,,,,,,3,-3,,,,,,,,
building_computer_assembly_plant,pmg_data_optimization_heavy_industry_computer,pm_digital_data_on_premises_heavy_industry_computer,other,construction_cost_modern,,,,,,,,,,,,,,,,,,,,,,,,,,,,,,,,,,,,,,,,,,,,,,,,,,,,,,,,,,,,,,,,,,,,,,,,,,,,,,,,,,10,,-3,,-1,,,,,,
building_computer_assembly_plant,pmg_data_optimization_heavy_industry_computer,pm_internet_data_reporting_heavy_industry,other,construction_cost_modern,,,,,,,,,,,,,,,,,,,,,,,,,,,,,,,,,,,,,,,,,,,,,,,,,,,,,,,,,,,,,,,,,,,,,,,,,,,,,,,,,,16,,-4,-2,-3,,,,,,
building_computer_assembly_plant,pmg_data_optimization_heavy_industry_computer,pm_internet_data_optimization_heavy_industry,other,construction_cost_modern,,,,,,,,,,,,,,,,,,,,,,,,,,,,,,,,,,,,,,,,,,,,,,,,,,,,,,,,,,,,,,,,,,,,,,,,,,,-1,,,,,,,16,,-6,-5,-4,,,,,,
